temp_max_c,humidity_pct,rain_binary,fire_label
42.1,18.4,0,1
43.8,11.7,0,2
35.4,5,0,0
39.6,39.1,0,1
46.7,53.1,1,2
45.4,22.2,0,2
42.3,5,0,0
46.8,19.1,1,2
35,21.8,0,1
40.7,16.5,1,1
38.2,5,0,2
33.4,5.4,0,2
47.3,28.8,1,1
39.2,11.8,1,2
40.9,8,0,2
41.9,19.2,0,1
38.8,35.9,0,1
47.1,26.2,0,1
46,22,1,2
43.6,5.2,0,2
34.2,18.4,0,1
38.6,14.5,1,1
42,13.1,1,2
41.4,5,0,2
39.1,18,1,2
33.5,29.3,1,2
35.8,29.9,0,1
36,19.4,0,1
36.1,11.9,0,2
39.5,31.9,0,1
33.9,26.3,1,1
38.8,11.1,1,2
40.2,9.3,1,2
41.1,14.4,1,2
38.4,10.7,1,2
40.6,15.1,1,2
41.9,35.7,0,1
37.9,10.8,1,1
37,12,0,1
43.1,35.8,0,0
38.9,32.8,0,1
40.3,5,1,2
51.9,5,0,2
40.7,28.8,1,1
36.6,5,0,1
40.6,20,1,2
42.5,30.2,0,2
38.4,32.2,1,0
42,21.6,0,1
41,12.7,1,0
37.8,23.7,0,1
41.3,22.5,0,1
43.7,5,0,1
38.8,16.9,1,2
43,13.9,0,2
49.6,29.4,0,1
35.7,31.9,1,1
38.2,18,0,2
46.2,21.3,1,1
41.7,5,1,2
38,17.4,1,1
40.7,5,1,2
43.8,23.4,1,2
43.9,21.3,1,1
35,15,1,2
39.5,17.5,0,2
43.9,24,1,2
38.1,21.2,1,1
45.9,31.1,0,2
31.6,35.4,1,1
42,28.1,1,1
32.2,26.7,0,1
35.6,18.1,1,2
43.2,41.8,1,2
43.6,45.2,1,2
37.6,24.7,1,2
45.1,22.3,0,2
30.5,5,1,2
35.7,20.8,0,1
36.8,25.8,0,0
35.7,22.5,0,2
36.9,26.4,1,1
38.3,24.7,1,2
33.6,24,1,0
44.5,8.2,0,2
49.2,24.2,0,1
40.7,5,1,1
36.4,44.4,0,1
33,5,0,1
38.3,14.8,0,2
43.8,24.6,0,2
39.4,41,1,1
43.6,40.1,1,1
41.4,5,1,2
42.1,42.1,1,2
44.1,19.3,0,2
37.8,18.1,1,2
34.9,16.4,1,2
39.4,5,1,2
37.6,24,0,2
32.1,18.6,0,1
33.6,20.5,0,1
42.9,16.9,0,0
37,26.9,0,2
43.1,5.4,0,1
39.5,12.9,0,2
39.3,19.1,0,2
35.2,55.6,1,1
33.7,26.5,1,2
31.9,9.4,0,2
42.3,16.5,0,1
36.7,38.3,1,2
33.1,43.7,1,1
34.5,20.9,0,2
40,14.7,1,1
27.7,8.5,1,1
35.3,22.8,0,2
38.8,31.9,0,2
33.7,7.7,1,0
39.6,31.6,1,0
32.3,17.2,0,0
34.9,30.8,0,0
38.4,18,0,2
43.6,24.7,1,0
46.1,10.6,0,1
43.8,5,0,0
39.2,5,0,2
37.3,5,1,1
37.7,21.5,0,2
42.8,31.1,0,2
45,5,1,1
35.2,36,1,2
41.9,9.6,1,1
33.6,34.9,1,0
42.3,25.2,1,0
46.4,24,1,2
40.3,31.6,1,1
36.1,24.2,0,2
39.3,16.6,0,2
36.3,18,1,2
40.6,22.4,1,2
34.3,5,1,1
37.8,29,1,2
40,14.3,0,1
38.2,18.3,0,2
26.7,15.6,0,1
39.6,8.7,0,2
43,31.8,1,1
38.7,35,0,0
45,16.6,1,0
37.2,26.4,0,2
34.9,10.1,0,2
36.9,24,0,1
34.7,5.2,0,1
31.7,21.3,0,1
44.3,5.3,0,1
42.2,18.3,1,1
39.4,46.9,1,2
35.9,17.1,1,2
32.1,14.7,1,2
41.9,21.2,0,1
31,18.4,0,1
33.6,17.3,1,1
28.7,8.6,1,1
32.8,26.6,0,2
32.1,23.5,1,2
37.3,36.4,1,2
29.4,5,1,2
41.3,25.7,1,1
40.2,19.4,1,1
36.8,25,0,2
42.4,7.2,1,2
34.5,5,1,2
40.2,5,0,2
30.5,8.6,0,2
32.8,26.1,1,2
37.2,10.3,1,2
39.3,15.8,0,2
38.6,13.2,1,1
27.4,5,0,2
33.8,27.4,1,1
36.2,14.2,0,2
33.9,9.5,0,1
30.2,10.7,0,2
34.7,5,1,1
37.1,5.2,0,2
37,20.4,1,2
45.8,20.3,1,2
39.5,22.6,1,2
38,37,1,1
42.9,26.8,1,2
38.1,13.3,1,2
34,17.1,1,2
29.3,33.8,0,2
36.9,23.2,1,2
38.5,16.7,1,2
44.9,25,0,1
37.5,5.8,1,1
39.5,21.4,1,2
34.2,19.4,1,1
44.3,21.7,1,1
37.7,5.6,0,1
36.4,5,0,2
42.2,6.6,1,2
36.7,20.2,1,0
34.1,15.5,0,2
43.4,9.8,0,0
30.8,13.2,1,0
40.4,9,0,2
41,8.8,1,1
38.5,8.8,1,2
54.1,18.3,1,0
46.4,7.8,0,2
47.2,30.8,0,2
42.4,5,1,1
46.7,9,0,2
45.6,26.8,1,2
48.2,32.2,0,2
46.7,18,0,2
47.6,10.2,0,2
40.6,23.7,0,1
46.6,10.8,1,2
49.1,5,1,1
45.2,35.1,1,1
47.5,19.4,0,2
47.9,23.4,1,2
37.1,36.6,0,0
51.1,5,1,1
48.3,5,1,1
45.1,26.2,0,1
48.1,5,1,2
44,5,1,2
38.9,10.4,0,2
44.1,24.7,1,0
44.7,5,0,2
35.8,16.2,0,1
41.3,18.3,0,2
40.4,12.8,1,1
44.4,12.3,1,1
47.5,26.8,1,2
45.7,42.3,1,2
41.3,14,0,1
47.4,28.1,1,2
50.2,16.4,1,2
41.9,30.7,1,1
42.8,13.6,0,0
36.7,23.5,1,1
46.4,5,0,1
52.8,33,1,1
50.7,27.1,0,1
43.8,12.7,1,1
42.4,25,0,2
49.6,9.8,0,2
41.6,31,1,0
44,5,0,2
48.4,33.6,1,1
48.2,14.9,1,1
38.3,5,1,2
38.7,18,1,2
49.8,5,0,1
44.8,5.6,0,2
39.5,28.7,0,1
52.2,22,0,2
41.7,24.9,1,2
47.9,10.4,1,2
42.5,5,0,1
49.9,5,1,1
41.1,34.1,1,2
51.3,15.7,1,2
43.7,6.8,0,1
41.9,24.7,0,1
41.7,14.7,1,2
41.3,10.1,0,1
41.8,19,1,1
42.4,20.3,0,1
45.4,33.1,0,2
40.8,12.4,1,1
46,31.5,1,2
42.4,31,0,2
40.1,16.7,0,0
47.3,11.5,0,2
43.9,17,0,2
42,8.3,1,2
48.8,25.6,1,1
48.5,21.8,0,2
44,24,0,2
45.3,30,0,2
46.4,19.4,1,2
46.4,19.9,1,2
44.5,20.2,0,0
43.7,5,0,2
40.5,24.8,1,1
43.7,32.1,0,0
47.7,32.8,1,1
47,23.7,0,1
46.8,32.3,1,2
45.6,6,1,2
37.8,17.4,0,1
49.9,15.7,0,2
40.4,38.4,0,1
45.1,28.8,0,1
44.1,12.5,0,2
41.1,11.4,1,2
44.7,8.9,0,1
38.1,14.7,1,1
49.2,25.8,1,2
45.7,40.3,1,2
35.2,31.3,0,2
38.6,28.3,0,2
39.7,27.6,1,1
50.4,15,1,0
48.6,17.4,1,2
44.5,6.1,1,2
44.8,37.2,1,2
43.1,10.7,0,2
39.5,17.1,1,1
38.9,21,1,1
47.9,8.6,0,1
35.6,19.7,1,1
40.2,13,1,2
41.5,17.6,0,2
38.8,37.9,0,2
52.9,7.9,1,1
46.3,5,0,2
51.7,31.7,1,2
41.2,33.7,0,2
43.3,40.9,1,2
44,5,0,1
38.2,23.4,0,2
33.6,13.3,0,2
40.8,16.5,0,2
39.5,10.6,0,1
38,26.9,1,2
37.3,14.1,0,1
45.4,20,1,2
41.1,13.7,0,2
45.3,35.5,1,1
34.2,31.1,0,1
47.8,18.8,1,2
34.9,34.5,1,2
45.3,18.4,1,1
44.8,25.8,0,2
40.4,22.9,1,2
42.2,33.5,0,1
42.3,5,1,2
44.4,6.4,1,2
33.7,28.7,1,2
45,23.8,1,2
37,32.5,1,2
40.5,25.1,0,2
45.8,24.7,0,1
40.3,10.9,0,2
36,27.8,1,1
44.3,35.1,1,1
42.8,23.9,1,1
46.7,5,1,2
40.6,22,1,1
40.7,28.3,1,1
37.4,36.7,0,2
47.5,24.6,1,2
32.8,37.2,1,1
49.8,22.9,0,2
37.1,5,1,0
42.9,22.3,1,2
40.3,25.2,1,1
45.3,23.8,0,2
42.7,15,1,1
42.8,24.3,1,2
46.9,11.8,0,1
38.4,14.9,1,1
40.9,11.8,0,2
45.5,23.2,0,1
40.3,10.6,1,2
37,46.3,0,2
48.2,21.8,0,2
38.3,24.7,0,1
46.2,20.1,1,1
51.7,5,1,2
51.2,21.5,0,1
48,34.9,0,1
36,5,0,2
47,9.1,0,2
36.5,9.5,0,1
46.2,25.1,1,1
42.4,19.3,0,0
43.6,5,0,2
49.5,10.3,0,2
38.2,24.7,0,2
44.5,39.4,1,2
41.4,27,0,2
40.6,21.6,1,2
46.2,8.7,0,2
47.2,5,0,2
45.5,29.1,1,2
36.9,26.6,1,2
41,25.4,1,2
35.6,23,1,2
43.2,28.7,0,2
45.3,21.7,1,2
34.8,5,1,1
34.5,38.1,0,1
39,38,0,2
50.7,24.9,0,1
41.2,7.4,1,2
41.9,16,0,2
41.9,26.3,0,1
43.1,15.3,1,1
44.4,5,1,1
48.3,5,1,2
51.6,11.7,1,1
49.7,15.9,1,2
42.7,24.3,1,1
38.4,17.7,1,1
45,19.3,1,1
39.7,5,0,2
45.7,34.5,1,1
43.8,24.9,1,1
34.7,24.8,1,2
42,5,0,1
44.6,32,1,1
42.9,30.9,0,1
38.6,26.3,1,1
42.1,19.3,0,2
44.3,12.6,0,2
40,12.5,1,2
47.2,5,1,1
36.1,13.5,0,2
43,25.5,0,2
46,23.1,0,1
40.8,5,0,1
42.4,5,0,2
32.9,11.6,0,2
48.8,38.9,1,2
40.8,30,0,2
37.7,25.1,1,2
41.3,23,0,0
42.4,11.6,0,2
37.2,7.8,1,1
41.5,14,1,1
41.5,19.2,0,0
39.2,26.2,0,1
46,44.7,0,2
37,45.5,1,1
42.7,15.3,0,2
40.2,25.5,1,0
42.2,23.6,0,1
39.5,5.2,1,1
34.7,15,0,1
43.9,17.4,0,2
43.9,20.5,1,1
38.1,19.5,0,1
40.4,19.2,0,1
45.2,21.6,1,1
40.7,29.3,0,2
37.4,5,0,0
41.1,36.5,0,2
41.2,11.2,1,2
48,12.6,0,2
43.3,12.1,0,2
46.8,5,0,1
38.7,17.7,0,1
42.7,7.1,1,2
39.9,35.5,0,1
40.2,8.6,0,1
43.7,9,0,1
41,21.9,1,2
40.5,21.6,0,1
39.2,17.1,1,2
39.8,5,1,2
42.5,5,1,1
39.7,25.9,0,2
41.1,25.3,1,1
45,18.6,1,1
47,10.9,1,2
42.7,26.7,1,2
38.2,24,1,1
43.5,35.4,1,0
34.6,21.9,1,1
36.9,14.8,1,2
42.3,9.2,0,2
37.4,19.3,0,0
43.4,5.4,1,2
33.4,16.3,0,2
37.3,33.3,1,1
43.2,11.2,0,2
39.5,15.6,0,1
37.3,5,0,2
48,13.4,0,2
42.4,5,0,1
40.9,28.6,1,0
34.4,15,1,1
34.4,5,0,2
41.1,19.1,0,2
38.5,11.8,1,2
43.1,22,0,2
44.7,30.2,1,2
40.5,8.9,1,2
39.9,15.2,0,2
39.1,23.8,1,1
34.6,31.5,0,1
33.9,25.6,0,1
40.6,19,0,2
38.7,43.9,1,2
45.8,5,1,2
40.1,5,1,2
38.3,11,0,0
44.6,6,1,1
39.4,5,0,2
37.8,21.2,0,2
42.2,35.1,0,2
42,7.3,0,2
44.8,30.4,1,2
40.8,5,0,1
42.8,12.7,0,0
33.5,33.8,1,2
40.4,28.6,0,2
37.7,19.9,1,1
34.7,33.4,1,2
41.6,33.2,1,1
45.1,5,1,2
41.6,22.8,1,2
39.1,34.5,1,2
44.5,22.9,0,2
35.3,5,1,1
48.8,5,0,2
44.3,15.2,0,2
35.7,18.1,1,1
37.2,23.2,0,1
39.7,10.3,0,1
34.7,22.3,1,2
39.3,12.8,1,2
34.1,14.6,0,2
44.9,5.7,0,2
36.1,28.6,0,1
36.4,21,1,2
45.1,19.7,0,0
38.4,18.9,0,1
39,34.7,1,0
41.2,44.4,0,0
38.9,19.6,0,2
37.5,28.2,1,2
36.4,5.8,0,2
38.7,36.5,0,0
36,22.8,1,1
33,18.4,1,2
38.2,9.9,0,2
44.9,15.7,0,2
33.2,5,1,2
40.5,5,1,1
33.5,9.4,1,2
34.8,27.4,1,2
29.8,23.5,1,2
38.8,24.6,0,2
40,22.2,1,1
29.4,9.2,0,2
37.3,18.5,1,1
35.9,6.5,0,1
37.7,15.1,0,2
32.8,30.4,0,2
35.3,23.5,1,1
32.8,6.9,1,1
36.7,10.8,1,2
30.1,12.5,1,1
38.4,24,1,1
45.6,6,1,1
37.9,16.9,1,1
37.5,26.3,0,2
40.3,20.4,1,2
32.4,16.2,1,2
40.1,14.4,0,2
43.5,18.7,0,2
39.6,23.6,1,0
40.1,5,0,0
38.2,10.6,1,1
29.1,36.3,1,1
42.4,26.6,0,2
40.3,14.1,0,1
31.6,27.2,0,1
39.6,5,0,2
35,18.7,0,2
34.3,5,0,1
29.6,20.4,0,2
31,40.4,1,1
39.5,9.8,1,2
35,31.3,1,1
28.8,20.6,0,2
36.1,19.9,1,2
36.4,25.5,1,0
39.4,22.7,0,2
46,20.1,0,1
38.9,28.4,1,2
40,5,0,1
33.2,33.3,1,1
34.3,18.4,0,1
37.1,19.8,0,2
42.1,21.5,0,0
34.9,5,1,1
32.1,17.5,1,2
34.2,34.8,0,2
35.3,5,0,2
40.6,19,0,1
38,42.8,0,2
44.2,32.4,1,1
37.1,5.8,0,1
35.4,35.6,0,2
46.2,36.6,0,2
36.1,16.8,1,2
35.2,31.3,0,0
38.1,30.4,1,2
37,20.9,1,2
37.3,32.6,0,0
36.5,22,1,2
34.4,5,0,1
36.9,22.9,0,1
34,5,1,2
39.4,29.1,0,2
38.1,26.7,1,2
46.1,43.5,1,1
44.6,11.7,0,2
36.5,34.3,0,1
41.8,42.7,0,0
34.3,5,0,2
34.2,18,0,1
42.1,22.4,1,1
41.6,10.2,0,1
35,5,0,2
35.1,5,1,2
40.7,19.1,1,1
32.2,25.1,0,1
37.2,34.9,0,0
50.7,18,1,1
36.1,24.6,1,0
31.6,34.4,1,2
43.1,28.3,0,1
46,5,0,2
35.1,52.2,1,1
42,5,0,2
40.1,5,1,2
28.6,29,0,1
31.2,16.9,1,2
44.4,17.1,0,2
37.3,16.4,0,1
34.7,33.8,0,1
39.5,9.4,0,2
43.7,26.3,1,2
50.2,5,1,0
39.6,23.3,1,2
45.7,14.9,1,1
42.7,19.1,0,1
38.5,41.5,1,0
49.2,19.4,0,0
33.6,5,0,1
38.6,16.3,1,1
46.2,10.5,0,2
44.1,31.9,1,2
41.5,5,0,2
43.1,16.7,0,2
33.1,11.6,1,2
52,14.4,1,1
39.4,9.5,0,2
43.2,6,1,2
40.1,37.6,1,2
47.4,19.9,1,1
42.8,5,0,2
47.3,15.5,1,1
48.8,21.2,1,2
43.2,6.2,1,2
45.4,16.9,0,2
46.1,13.7,1,2
43.3,26.3,0,2
45.8,16.6,1,1
42,5,1,2
38.6,35.7,0,0
45.8,11,1,0
47.8,12.9,0,1
44.8,38.5,1,2
44.7,18.4,0,1
48,30.3,1,2
44.3,26.8,0,2
46.8,16.6,1,2
34.7,5,1,1
36,5,0,1
50.2,23.4,0,1
46.7,27.7,0,0
41.3,28.9,1,2
44.1,15.4,1,2
46.2,13.6,1,2
42.2,26.8,0,2
46.3,27.9,1,2
38.9,16.6,0,2
43.4,21.6,0,2
40.9,5,1,1
43.6,10.2,1,2
47,16.8,1,1
42.4,24,1,2
42.8,17.5,1,2
45.2,10.4,0,2
35.5,7.5,1,0
43.4,9.6,0,1
42.7,22.4,1,2
37.9,5,0,2
47.7,34.1,1,1
41.2,18.2,0,1
48.3,10.5,1,1
47.3,12.4,0,0
40.2,30.5,0,1
40.3,32.8,1,2
44.8,22.5,1,2
47.8,5,0,1
49.3,5,1,2
41.8,5,0,2
36.8,12.3,0,1
40.6,5,1,2
43.7,14.5,1,2
43.7,22.1,1,2
45.5,12.9,1,2
46.4,24.7,0,2
52.2,28.4,0,1
44.9,7.3,0,2
43,5,0,2
40.6,26,0,1
50.2,8.3,0,2
43.3,16.9,0,2
43.9,27.3,0,1
47.6,15.2,0,1
36.9,16.2,0,2
45.7,33.3,1,1
51.1,8.7,0,2
48,22.4,1,1
46.4,14.8,0,2
40.5,21.1,0,2
49.4,8.1,0,2
37.5,16.2,0,2
42.5,9.9,1,1
41.7,29,1,2
49.3,5,0,2
47.1,11.2,1,2
42.7,6.5,0,2
39.2,11.8,1,1
39.8,11.5,1,1
38.4,5,1,2
45,40.7,1,2
50,16.7,1,2
46.3,5,0,1
45.9,5,1,1
46.8,33.1,0,1
36.1,23.8,1,2
45.9,27,0,2
50.1,11.7,0,2
43.5,32.1,1,0
41.1,30.6,1,2
46.9,9.9,0,2
42,5,0,2
49.1,5,0,2
40.3,5,1,2
43.4,5,0,2
47.1,24.2,0,2
48.4,23.3,1,0
45,18.7,0,2
45.7,7.6,0,1
43.9,5,0,1
44.8,29,1,2
38.8,12.7,0,2
38.9,30.2,0,2
36.9,11,1,2
40.5,5,1,2
42.1,5,0,1
45.1,12.8,0,2
51.6,23.5,1,2
50.8,14.8,0,2
44.4,9.1,0,2
45.6,12.1,0,0
38.1,5,1,1
40.6,26.1,1,1
49.6,21.8,0,0
43.4,16.8,1,1
41.1,14.7,0,0
47.1,39.4,1,2
39.1,12.9,1,1
42,38.4,0,1
38.4,18.6,1,1
46,21.2,1,2
38,30.1,1,1
39.4,13.3,1,1
42.4,10.9,1,1
43.1,15.1,1,2
34.8,34.6,0,2
38.5,8.4,1,2
37.2,15.6,0,2
38.1,30.5,1,1
46,18.9,0,2
37.9,27.7,0,1
43.8,5,0,2
36.5,45.3,0,1
41.6,21.6,0,1
45.5,9.2,1,2
50.3,41.2,1,2
42.7,34.6,0,1
40.7,5,0,1
39.2,14.4,1,2
39.7,26,0,2
40.6,23.7,0,1
46.5,12.8,1,2
38.4,6.7,0,1
39.7,25.8,1,2
43.9,16.5,0,2
44.2,20.3,0,1
40.3,13.5,0,0
42.9,17.6,0,2
40.4,22.1,1,2
39.4,22.7,1,2
38.2,33.5,1,0
38.6,14.5,0,2
44,26.9,0,2
44.5,19.5,0,2
50.1,29,1,2
42.5,13.1,1,1
46,28.1,0,2
40.9,20.1,0,2
41.2,14.4,0,2
40.9,22.8,1,1
43.4,13.6,1,2
52.1,21.1,0,2
34.7,33.1,1,2
45.8,35.4,0,2
37.4,5.5,0,1
47.3,43.4,0,1
41.8,6.3,1,1
35.2,10.7,0,2
43.8,31.9,1,2
46.9,10.3,1,2
42.4,39.4,1,2
43.4,8.2,0,1
46.6,5,1,2
40.8,15.9,1,0
45.5,18.6,0,1
38.8,19.5,0,1
42.3,10.8,0,1
43.8,11.6,0,2
47,13.7,0,1
41.6,7.4,1,2
39.5,21.6,1,2
43.8,5,1,1
47.7,9.3,1,0
42.7,5.8,1,1
43.7,20.9,1,2
39.9,31.2,1,2
51.7,19.8,1,2
45.5,31.6,1,2
42.2,21.3,0,1
38,5,1,2
44.9,14.3,0,2
42.6,20.6,0,1
45.2,11.8,0,2
38.9,13.5,1,1
38.7,11.2,1,2
41.3,20.8,1,1
41.7,5,0,2
40.2,5,0,2
46.9,5,1,2
37.8,21.9,1,2
39,31.5,1,1
38.9,20.7,0,2
43.3,22.5,0,2
47.8,26.2,0,2
40.4,14.9,1,1
40.5,24.9,1,2
45.3,29,1,1
40.9,31.4,1,1
43.6,23.8,0,1
48.3,8.8,1,2
41.6,21.1,1,1
40.4,17,0,2
34.6,33.7,1,2
35.4,11.7,0,1
50.8,36.7,0,1
44.9,8.2,1,0
41.9,10.5,0,2
49.2,5,0,2
45.6,17.2,0,1
42.5,19.5,0,1
41.6,20.8,0,2
42.1,17.9,1,1
36.2,38.3,1,2
39.6,26.8,1,2
45.9,21.2,1,2
43.9,9.8,0,2
37.5,10.6,1,1
48.4,37.5,1,2
46.8,26.5,0,2
34.4,25.1,0,1
39.4,29.4,0,2
48.2,25.8,0,2
40.9,27.8,0,2
39.9,25,0,2
40.4,35.4,0,2
46.9,23.6,1,1
36.4,5,0,1
48.4,34.3,0,2
37.7,14.3,0,1
34.5,28.4,0,1
40.8,35.4,0,1
38.3,24.5,1,2
28.8,25.5,1,2
33.4,55,1,2
32.1,12.9,1,2
35.9,41.6,1,1
38.6,44.6,1,1
39.6,16.7,1,1
33.4,38,1,1
26.7,25.2,0,2
38.6,19.3,0,2
28.5,28.9,1,1
38.2,27.4,1,2
35.2,16.7,1,2
38.3,25.1,0,2
43.2,14.6,0,2
32.8,9.2,1,2
31.8,32.3,0,1
35.3,33,1,2
37.2,13.5,0,2
31.5,31.2,1,2
36.4,55.5,0,1
40,8.3,1,1
37.4,19.3,1,2
33.1,17.4,1,1
32.5,33.8,0,2
40.3,6.6,0,2
33.2,39.3,0,1
34,43,1,2
39.4,5,1,2
33.4,20.7,1,0
30.7,39.1,1,2
34.3,17.1,1,2
36.4,38.5,0,2
37.6,40.3,0,1
33.4,30.3,0,1
30.3,28.2,1,0
35.7,21.2,0,2
30.1,44.8,1,0
34.4,16.6,1,0
36.1,48.5,1,2
33.5,29.7,1,1
36.5,44.1,1,1
35.4,24.2,1,1
33.6,41.6,0,0
33.9,28.2,1,2
33.8,12.6,0,2
40.5,8.7,1,0
35,27.1,0,1
35,19.1,1,1
36,7.8,1,2
34.1,5.3,0,1
32.3,35,1,2
40.6,35.5,0,2
33.7,18.6,0,2
39.8,35,1,2
31.4,46.5,1,2
27.4,15.1,1,1
33.2,33,1,2
34.8,40.3,1,2
35.3,10.7,0,1
34.9,35.2,0,1
29.5,25.1,0,1
32.8,27.8,1,2
48,47.3,0,1
36,10.2,1,2
32.3,37.1,1,1
42.9,29.6,0,1
35.1,24.4,0,2
31.1,29,1,2
36.2,29.6,1,2
30.4,23.9,1,1
34.1,28.7,1,2
36,36.4,0,1
32,31.9,0,0
38.3,10,1,1
43.7,32.2,1,1
33.2,41.4,1,0
40.1,6.1,0,1
31.8,18.1,0,2
36.3,31.2,1,2
35.1,40.8,1,2
38.5,24.3,1,1
30.7,28.7,0,0
35.9,17.6,0,2
34.2,5,0,2
43.1,22.3,0,2
43,14.2,1,1
32,33.7,1,2
28.1,19.7,1,1
28.2,24.2,0,2
38.1,22.9,0,2
37.5,5,1,2
38.5,5,0,2
34.3,15.8,0,2
41.4,9.3,1,1
36.2,34.8,0,2
33.1,23.6,0,2
40.1,32.2,0,2
32.5,20.5,1,1
37.1,30.3,0,2
33.1,28.2,1,2
34.8,35,0,1
34.2,38.3,0,2
36.4,12.5,1,2
33.3,39.4,0,2
30.1,24,0,2
28,23.9,1,1
30.1,41.1,1,2
32.2,9.9,1,0
34.5,8,0,2
38.2,22.3,1,1
37.2,36.1,1,1
32.6,30,0,1
35,19.5,1,0
34.4,10.5,0,1
32.8,42.4,0,2
36.9,5.4,1,1
34.3,39.3,1,2
28.9,14.4,1,0
36,24.7,0,1
35.3,13,1,2
36.9,35.2,0,2
33.1,26.9,0,1
35.8,40.1,1,2
33.3,38.8,0,1
39.7,29.1,0,2
40.2,9.5,1,1
38.4,7,1,2
34,11.6,0,2
36.6,17,1,2
30.8,5,0,2
36.7,11.7,1,2
39.8,28.4,0,2
33.2,13.6,0,1
34.6,23.1,0,2
37,33.4,0,0
33,25.6,0,1
31.1,27.4,0,1
27.7,7.5,0,1
42.2,37,0,2
36.4,34.8,1,2
41.2,5.5,1,1
33.2,35.3,1,2
40.1,43.3,1,1
35.9,26.8,1,2
39,24.9,0,2
40.8,18.3,0,1
34.2,14.6,0,2
39.3,10.2,0,1
37.6,29.4,0,2
32.9,12.4,1,1
37.7,25.8,0,2
36.5,40.4,1,2
31.7,9.5,0,2
40.4,15.4,1,1
40.5,33.4,1,2
39.4,28.1,1,1
34.8,24.6,1,2
37.7,43.9,1,1
37.1,5,1,1
37.6,30.1,1,1
39.5,15.4,1,1
34.4,30.6,1,2
31.5,32.3,1,1
33.2,28,0,2
31.2,26.9,1,1
36,35.3,1,2
35.6,29.5,1,2
34.6,18.8,0,2
44.3,31.5,0,1
30.1,49.8,0,1
49.6,60.1,1,2
34.1,27.8,0,2
34.7,18.8,1,1
31.7,22.6,0,1
31.8,27.2,1,0
27.5,49.4,0,2
39.8,24.9,0,2
41.1,13.6,1,2
33.9,32,1,2
32,40.2,1,2
33.2,28.2,0,2
33.8,5,0,1
45.4,28,1,0
40,38,1,2
25.7,42.7,1,1
31.2,39.3,1,2
35.4,41.8,1,0
36.2,37.1,0,1
36.5,39.4,0,2
32.3,29.8,0,0
33.6,30.3,1,1
31.2,15.1,1,2
45.6,11.4,0,2
34.2,12.9,1,1
35.4,36,1,2
32.9,26.1,0,2
35.5,18.2,1,1
38.1,15.7,1,1
38.3,19.4,0,2
40.7,26,1,1
34,14.2,0,1
35.3,12,1,2
38.3,18.6,1,2
41.3,40.1,0,1
36.7,47.2,1,0
35.9,31,1,2
34,25.6,1,1
41.4,43.9,1,2
32.3,28.2,0,1
33.6,20.4,0,1
35.1,42.6,1,2
37,13.6,1,2
32.9,14.5,1,0
38.9,27.1,1,1
35.3,37.1,0,1
37.1,15,1,0
35.2,19.5,1,1
44.2,22.2,0,1
44.6,10.5,1,1
40.6,44.1,1,1
32.5,48.1,1,0
33.2,30.3,1,1
27.6,31.2,1,2
39.6,17.7,1,2
42.3,23.7,1,2
41.3,42,1,2
33.3,5,0,1
34.7,34.2,0,1
38.8,20.2,1,2
35.5,32.9,0,1
39,35.3,1,2
36.6,21.8,0,1
34.2,11.5,0,1
34.4,17.3,0,1
43.3,26.4,0,1
45.7,18.3,0,1
36.5,28,1,1
43.2,15.5,0,1
38.3,25.1,1,2
31,15.7,0,1
35.7,26.5,0,2
38.5,5,1,1
43.9,19.6,1,2
41.6,44.7,1,1
46.3,28.8,0,1
39.9,15.5,0,2
43.9,24.2,1,2
39.9,25.9,1,2
41.2,24.8,1,1
41.5,29.7,0,2
35.6,16,1,2
31.7,20.8,1,2
40.2,5,1,2
37.8,25.5,0,1
43,13.5,0,1
39.9,19.6,1,2
40.8,51.5,1,2
40.1,37.8,1,1
36.6,23.5,1,2
39.1,39.6,0,1
35.6,5,0,2
34.5,5,0,1
34,34,0,2
31.8,5,0,2
46.1,23.3,1,1
37.8,54.3,1,2
36.4,5,1,2
33.3,40.8,1,2
41,43.3,0,0
38.8,32.4,1,0
38.7,27.2,0,2
40.1,46.6,0,1
31.9,5,1,1
37.3,34.5,1,1
41.1,33.1,0,1
44,13.3,1,1
41,32.2,1,1
28.8,38.1,1,1
37.2,16.5,0,2
39.3,14.6,1,1
45.1,31.7,0,2
45.6,25.9,0,1
33.9,16.1,1,1
37.6,32.1,1,2
38.3,35.5,1,0
42,29.3,0,2
39.7,28.7,0,2
30.9,34.9,0,1
39.6,23.5,1,0
36.7,7.5,0,2
41.8,19.8,1,2
46.8,43.7,1,2
35.3,5,0,1
39.3,23,0,1
45.1,18,1,1
42.7,17.5,0,2
39.8,29.6,0,2
30.3,16.9,1,2
39.2,15.5,1,1
39.5,36,1,2
37.4,6.7,0,2
37.6,16.3,0,2
38.3,23,0,1
43.7,30.2,0,2
35,5,0,2
44,29.2,1,1
39.4,13.6,1,1
35.7,33.6,1,1
38.7,6.8,1,1
38.2,14.1,1,2
40.1,18.7,1,0
42.9,10.7,0,2
36.9,22.3,1,1
30.2,39.2,1,2
45.3,36.2,0,2
39.5,17.3,0,1
37.7,35.2,1,2
50.1,18.8,1,2
39.7,17.1,1,1
35,28.3,1,1
44,43.3,1,1
35.3,31.8,1,2
44.3,15,0,1
39.3,42.3,1,0
42.8,23.1,0,1
35.8,5,1,1
32.7,40.3,0,2
33.6,12.8,1,2
37.7,42.7,0,2
41.3,13,0,1
43.1,12.5,0,1
38.8,20.7,0,1
40.5,29,0,1
38.7,14.8,0,2
36.9,46.1,1,1
40.8,22.4,1,2
38,40,1,2
41.9,11.8,0,0
42.7,13.9,0,2
29.2,5,0,2
37.1,30.6,0,2
37.4,17.5,0,1
28.3,45.9,1,1
40,34,1,2
35,59.3,1,2
38.3,5,0,1
40.4,17,1,1
38,5,0,1
37.4,13.4,1,1
31.3,39.4,1,0
33.5,36.8,1,0
33.8,49.7,1,2
42.3,5.2,0,2
38.7,17.6,1,2
41.1,22.6,0,2
37.4,36,1,1
45.8,28.5,0,1
29.5,31.6,0,2
35.6,17.5,0,1
33.1,39.2,0,2
38.6,28.5,1,1
42.9,11.6,1,2
33.2,32.3,0,0
34.5,32.4,0,1
43.3,18,0,1
31.7,16.3,1,1
42.3,5,1,1
42.6,40.2,1,1
43.5,24.5,1,2
34.7,18.7,1,0
33.8,23.1,0,2
36.5,12,0,2
36.4,25,1,1
41.9,41.6,1,2
38.2,34.8,0,2
43.4,34.2,1,2
28.4,36.9,0,2
38.7,33.1,0,1
32.3,28.3,0,1
31.3,17,1,2
38.1,15.3,0,2
30.9,29.9,0,1
43.4,19.7,1,2
34.7,20.3,1,2
37.6,36.5,1,2
38,16.9,0,0
35.1,24,1,1
40.1,7.2,0,2
39.7,32.4,1,0
43.3,21.8,1,2
38.9,24.9,1,1
33.1,25,0,1
38.8,5,0,0
40.9,29.9,1,2
30.9,24,0,1
34.9,31.7,1,1
38.3,34.2,1,1
41.1,24.2,1,2
37.7,12.6,1,2
44.3,28.2,1,2
41.6,19.6,1,2
44.2,22.9,1,1
33.4,27.6,1,1
34.6,5.8,0,1
41.2,14.8,1,2
39.1,18.1,1,1
39.8,34.7,1,2
37.5,11.7,1,1
45.8,24.2,1,2
41.3,12.9,0,1
38.7,33.7,1,2
44.8,5,0,1
37.6,18.3,1,2
33.3,8.7,0,1
38.9,21.5,1,1
39.5,27.5,0,1
33.7,10.9,1,1
40.5,18,0,2
37.7,30.5,0,1
37.2,23.7,0,2
32.7,17,1,1
42.3,21.9,0,1
39.6,31,1,1
31,27.2,0,1
33.2,23.7,1,1
43.8,57.4,1,1
41.1,13.8,0,2
43.9,14.7,0,1
37.7,14.7,0,1
42.1,34,1,2
37.6,16.3,0,1
44.4,54.1,1,1
35,5,0,1
41,24.3,1,2
33,10.9,1,2
30.8,26.5,1,1
35.3,57.5,0,2
37.9,27.2,1,1
39.4,29.1,0,0
39.8,23.6,1,2
35.2,9.4,0,2
40.7,42.6,1,1
37,9.7,1,1
32.4,39.3,0,2
46.6,17.4,1,2
41.7,26.3,0,2
37.2,23.1,0,2
44.5,19.5,0,1
38.8,27.4,1,0
38,45.2,1,1
49.1,30.5,1,1
45.7,5,0,2
47.1,28.4,1,2
39.7,22.5,1,2
39.5,48.2,0,1
36.7,5,1,2
34.9,10.3,0,1
42.5,22.7,1,1
37.9,5,0,2
44,6.1,0,2
41.7,18.7,0,1
40.4,9.3,1,1
43.9,5,0,1
42.2,5,0,1
45.4,5,0,2
38.7,23,1,2
40.7,27.4,0,2
42.7,5,0,1
37.1,17.6,0,2
36.3,31,1,1
41.9,34.2,1,1
43.3,32.3,1,1
40.4,19.4,1,1
40.1,15.2,0,2
33.1,5,0,2
40.8,22.4,0,1
43.4,24.3,0,1
42.9,35.2,1,2
43.8,39.1,0,1
32.9,30.3,1,1
34.9,5,0,2
37.5,29.2,0,1
34.7,28.2,0,2
42.5,24,0,2
32.5,34.2,0,1
41.9,25.7,1,2
36.2,34.2,0,1
41.7,42.1,0,2
38,40.7,1,0
40,49.4,0,1
43.4,9.2,1,1
36.8,24.4,0,2
39,31.8,0,1
43.4,41.9,1,1
41.7,29,0,2
41,21.2,0,1
31.3,23.1,1,1
38.3,27,1,0
44.5,26.3,1,1
41.1,26,1,2
35,50.1,1,2
42,5,0,2
48,20.9,1,1
42.5,28,0,1
42.9,24.4,0,2
42.7,35.6,0,2
41.9,26.5,0,1
44.5,13.9,1,0
38.2,20.2,0,2
44.4,8.9,0,2
37.9,28.2,1,2
39.7,5,0,1
41.2,29.9,0,2
49,44.4,1,2
48,19.5,1,2
40.6,27.6,0,2
33.6,15.7,0,0
40.7,17.7,0,2
33.2,23.8,0,1
49.4,29.1,1,2
36,31.7,0,1
41,18.1,1,2
32.3,35.7,1,1
38.5,11.1,1,2
46.3,25.6,1,2
41.7,10.1,0,1
38.7,9.7,0,2
37.9,23.9,0,2
38.4,12.9,1,2
36.4,27.6,0,2
44.6,40.8,1,1
48,9.5,0,0
42.8,21,1,2
36.5,9.4,0,1
40.6,21.2,1,2
43.8,16.6,1,2
36.9,44.2,0,2
36.1,8.4,1,2
36.6,16.3,1,1
39.1,34.3,1,1
37.7,37,0,2
41.9,5,1,1
39.8,35.8,1,1
38.8,39.9,0,2
31,34.3,0,2
42.2,40.6,1,2
34.4,11.8,0,1
38.5,29.6,1,0
48.8,21.6,1,1
41.1,28.5,1,1
43.6,7.2,0,1
41.6,32.1,0,2
37.1,16.5,0,1
38.9,22.8,1,1
38.1,14.4,1,0
35.2,38.4,1,1
43.2,15.3,1,1
40.1,41.2,0,1
40.6,15.3,1,2
32,36.6,1,1
37.5,33.5,0,1
39.8,25.1,1,1
35.7,39.2,1,2
42.8,32.6,0,2
40.2,31.8,1,2
41.8,5,0,1
33.1,8.2,1,1
41.8,24.8,0,2
40.7,11,1,1
36.5,13.4,1,2
47.8,10.8,1,2
42.5,36.3,0,2
35.8,35.1,1,2
39,33.8,0,2
38.2,34.2,0,2
41.6,19.7,1,2
44.4,14.5,0,2
41.3,51.7,1,2
39.3,21.5,0,1
42.1,5,1,2
45.2,10.5,0,2
41.6,41.2,1,1
35.5,19.3,1,1
43.2,39.9,1,2
49,15.4,1,2
41.9,14.3,0,0
33.4,22.2,0,2
47.8,40.4,1,0
45.3,21.6,0,1
41.7,46.3,1,1
36.1,26.6,1,2
43.1,41,1,1
45.5,33.1,1,2
42.9,46.7,1,1
47.8,26.7,0,1
41.4,31.1,1,1
51.1,12.6,0,2
42.2,5,0,2
38.6,16.1,1,1
41.8,27.7,0,1
34.5,40.9,1,1
39.1,5,0,2
36.2,10.4,0,1
37.5,43.8,1,1
40.9,39.1,0,1
37.4,6.7,0,2
41.2,14,0,1
40.4,34.3,1,1
41,23.7,0,2
39.4,11.7,0,0
45.6,37.9,1,1
42.7,34,1,0
36.4,40.5,0,1
38.7,5,0,0
35.7,24.7,0,1
41.3,36,1,1
41.3,33.5,0,2
35.6,14.5,0,1
38.4,25,0,0
45.4,39.7,0,1
31.4,48.9,1,2
40.6,42.8,1,2
44.7,40.9,0,1
45.5,29.5,1,2
39.5,33.4,0,2
35,19.4,1,2
37.5,40.3,1,2
43.6,11,1,2
37.8,11.4,1,1
42.8,23.5,0,1
39.7,8.6,0,2
43.4,21.7,0,0
39.9,17.1,0,1
28.5,31.8,1,1
45.3,12.5,0,1
34.2,42.1,1,0
41.3,32.1,0,0
43.3,26.1,1,2
41,23.9,1,0
38.6,17.9,0,1
31.8,30.5,1,0
38.5,5,1,1
46.3,15.8,0,1
44.1,32.5,1,2
34.3,26.1,1,1
36.7,22.3,1,1
31.9,36,1,1
34.6,11.4,0,2
35.9,5,1,1
48.1,33.8,1,2
43,24.6,0,2
44.9,32.6,0,2
39.9,40.9,1,1
42.1,5,0,1
49.8,39.1,0,2
39.7,11.7,1,1
42.2,6.4,0,1
39.1,12.7,0,2
37,7.1,1,2
39.6,29.9,0,1
35.8,32.4,0,2
38.2,17.6,0,1
44.6,21.8,1,2
34.2,12.3,1,1
43.2,30.4,0,1
40.5,53.3,1,1
40.8,39.3,1,2
42.9,21.4,1,0
42.2,11.7,0,0
41,14.4,1,1
42.6,24.2,1,1
37.2,5,0,1
40.3,40.4,1,2
41.1,26.7,0,0
40.7,23,1,0
39.9,20.2,0,1
44.2,21.4,1,1
43.3,44.7,1,1
48.3,21.8,0,2
42.1,18.6,0,2
45.9,49.9,1,0
46.6,39.8,1,0
40.5,28.4,0,2
35.6,16.7,0,2
37.4,17.6,0,1
46.9,38.5,0,2
45.2,18.7,1,2
37.6,31.5,1,2
41.4,17.6,0,1
44.6,14.3,0,2
42.7,37.3,0,1
51.9,26.6,1,2
37,26.7,0,0
43.7,7.2,0,2
36.6,10.6,1,1
48,27.1,0,1
44.6,17.3,1,2
39.1,38.2,1,1
36.2,30.2,0,1
46.5,37.9,0,2
48.4,41,1,2
39.7,5,1,2
36.5,24.4,0,2
43.2,14.8,1,2
38.7,8.8,0,1
47.5,32.1,0,2
41.4,33.2,1,2
43.6,27.2,1,2
45.6,36.2,1,1
33.1,25.4,1,1
45.5,24.6,0,1
42.3,34.9,0,2
34.5,11,0,0
40.5,20.7,0,2
43.8,14.3,0,2
47.5,37.8,0,2
36.4,12.7,1,1
31.3,22.7,0,0
49.5,17.2,0,2
40.6,40.6,0,1
45.5,11,1,2
43.2,42.3,1,2
41.8,17,0,2
42.3,34.7,0,2
42.9,26.5,0,0
39.1,6.1,1,0
47.2,21,1,2
43.6,21.4,1,2
38.1,31.6,0,2
35.2,42.1,1,2
38.6,14.8,0,1
45,9.1,1,1
39.2,23.1,1,2
46.7,32.6,0,0
33.5,54.5,1,0
49.5,20.1,0,1
38.5,22,0,1
43.4,45.9,0,2
37.9,31.4,1,2
33.6,24.5,0,1
39.9,29.4,1,2
36.1,33.7,0,2
42.9,24.7,0,1
41.4,28.4,0,2
38.7,20,0,2
39.9,11.9,1,2
38.4,30,1,1
46.5,8,0,0
42.4,16.9,0,1
48.3,30.2,0,2
45.5,5,1,1
45.4,31.2,1,1
40,15.1,1,2
36.5,28.7,0,2
49.2,9.4,1,2
43.2,5.6,0,1
38.6,15.7,0,1
42.7,27.6,1,1
43.1,36,1,2
44.8,21,1,2
44.6,39,1,2
42.8,5,1,2
40.1,19.4,1,1
42.2,7.7,0,2
46.3,11.5,1,2
53,32.6,1,1
41.1,31.7,0,2
47.3,5,0,2
40.4,5,1,2
32,32.1,1,2
48.5,31.8,1,1
40.5,42.5,1,2
41.8,35.5,1,1
39.1,37.4,1,2
39.8,5,1,1
48.4,11.1,0,2
47.2,26.6,1,2
39.9,14.9,1,1
48.4,33.7,0,1
38.1,52.9,1,2
42.8,48.3,1,1
49.1,53.8,1,2
37.7,12.9,1,1
40.4,21.8,0,1
39,33.5,0,1
46.7,13.5,0,2
39.4,29.9,1,1
42.2,10.5,1,2
40.4,21.8,0,2
49,31.1,1,2
43.9,26,1,2
38.6,31.3,0,1
45.6,33.9,1,1
45.4,29.2,1,1
40.5,11.7,1,2
47.3,20.1,0,2
48.2,27.1,1,2
44.4,23.6,0,1
40.8,20.4,1,2
29.5,19.8,0,1
41.1,18.1,0,1
36.5,37.5,1,1
37.6,29.9,1,2
50.1,5,1,1
44.4,24,1,2
36.9,23.8,0,2
47.2,19.1,0,1
40.8,39.7,1,2
46.2,16.7,0,1
43.3,36.1,1,1
43.1,5,1,2
41.1,24.6,1,1
37.5,31,0,2
45.9,31.2,1,2
42.3,43.5,1,2
44.8,26,1,1
44.2,40.3,1,1
44.4,44.3,0,1
42,30.1,1,2
34.3,26,0,1
37.6,7.8,1,2
45.2,27,0,2
39.9,32.8,1,0
42.5,28.7,0,2
48.6,33.5,1,2
41.1,45.7,1,2
38.8,23,0,1
42.1,13.3,0,2
45.8,19.7,1,0
42,7.2,1,2
40.7,47.3,1,2
46.7,26.8,1,2
45.6,29.3,0,2
42.7,12.3,0,1
47.3,41.7,1,2
45.7,9.4,0,2
44.3,27.4,0,1
53.3,38.2,0,2
42.5,12.6,0,2
40,23.8,1,1
45.1,16.5,0,2
44,31.1,0,1
49.6,13.3,1,1
48,21.2,0,2
40.4,17.4,1,2
41,31.3,1,2
38.5,30.4,0,2
45.5,34.2,0,2
43.9,30.3,1,2
45.2,9.7,1,1
41.3,21.1,0,2
40.4,45,0,2
41.3,39.1,0,2
38.4,52.9,1,1
40.5,37.2,1,1
47.2,24,0,1
40.7,20.8,1,2
39.3,9.6,1,0
47.2,29.8,1,0
44.7,28.8,1,1
47.9,5,0,2
35.1,54.2,1,2
44,37.7,0,2
35.2,5,1,0
31.1,28.3,1,1
35.1,5,0,1
34.8,23.2,1,2
33.2,23.8,0,2
33.9,35,0,2
28.3,12.4,0,2
36.4,12.2,0,1
32.4,46.2,0,2
36.9,33.8,1,2
34.6,29.2,1,1
31.5,21.7,1,1
36.6,6.7,0,1
43.2,17,0,1
41.5,21.7,0,2
34.3,38.7,0,1
34.1,28.3,1,2
35.5,19.3,0,1
35.3,33.9,1,1
38.5,29.9,0,2
41.8,7.4,1,2
38,15.3,1,1
36.4,9.7,0,2
39.1,19.7,0,2
37,28.8,0,1
36.8,31,1,2
31,5.3,1,0
30.9,23.3,0,1
37.7,24.7,0,1
37.4,36.8,0,2
37,5,0,2
31.7,42.7,1,2
30.2,19.5,1,0
39.3,18.7,1,1
36.3,50,1,1
33.6,6.9,1,1
37.8,36.8,0,2
30.3,26.2,0,2
32.6,20.3,1,2
35.7,21.6,1,1
41.9,37.6,1,1
36.8,32.2,0,2
31.1,15.2,0,1
32.6,18.4,1,1
37.7,50.2,1,1
35.1,32.8,1,1
36.6,35.7,1,1
37.2,20.9,0,2
32.3,26.6,0,1
35.1,13.8,1,0
31.3,12.9,1,1
35.9,9.1,0,2
39.3,49.9,0,2
37.7,25.5,1,2
36.2,30.6,1,1
36.6,50.9,1,2
35.5,17.7,0,2
33.2,15.5,1,2
29.2,25.8,0,2
34,12.2,1,1
36.1,5,1,2
29.9,34.9,1,2
32,11.7,0,1
40.3,14.5,0,1
32,23.1,0,2
29.2,25.3,1,1
42.9,5,1,2
34.8,21,0,2
37.8,32.4,0,1
27.5,5,1,1
35.5,27.2,1,1
36.9,34.7,0,0
27.7,29,1,1
34.3,35.8,1,1
35.1,18.9,1,0
35.1,10.9,1,2
37.7,24.7,1,2
38,23.4,0,1
42.5,10.8,1,2
31.1,28.5,0,1
32.1,25.6,0,1
39.9,31.1,1,2
32.1,30.5,1,2
37.6,26.2,1,1
37.8,29.3,0,1
30.4,29.3,1,1
38.5,19.6,1,1
33.4,21.8,1,1
38.5,35.8,1,2
39,25.4,1,2
33.2,35.9,0,1
37.3,31.7,1,0
39.8,25.7,0,2
36.5,37,1,2
37.5,32.1,1,1
38.5,32.4,0,0
38,28.6,1,2
38.4,12.8,0,1
34.8,23.1,1,2
35.2,26,0,2
38.1,12.4,0,2
39.7,34.8,1,2
32.2,21.7,1,1
33.7,24.3,1,1
39.2,5,1,1
38.1,36.4,0,2
33.6,21.7,0,2
39.9,5,1,1
38.1,21.5,0,2
33,21.7,0,2
36.2,24.2,0,1
34.6,35.7,1,2
33.3,29.5,0,2
37.9,25.7,0,2
38.9,15.7,0,0
31.2,23.6,1,2
36.3,32.5,1,1
32.7,30.3,0,2
35.9,36.2,0,2
31.4,17.5,1,1
36.3,33.2,1,2
39.7,32.7,1,1
37.6,5.5,1,1
40.1,31.8,1,2
29.5,41.3,1,0
37.1,29.2,1,2
41.2,46.5,1,2
32.8,17.3,0,2
32.9,17.6,0,1
36.7,16.8,0,2
38.1,45.9,1,2
34.9,23.5,0,2
35.4,32,1,2
35.2,26.8,0,2
34.7,23,1,2
35.6,22.8,1,2
27.5,33.2,0,1
35.7,38.4,0,1
34.3,28.1,1,2
34.5,5,0,2
37.7,22.8,0,2
33.8,28.2,1,1
34.4,6.4,1,1
35.4,5,0,2
35.2,35.5,0,1
33,28.4,1,2
39.5,36.9,1,1
35.2,24.4,1,0
35.4,33.8,1,2
39.3,39.8,0,2
32.6,17.5,0,1
38.9,24.9,1,2
32.8,38.4,1,1
35.9,25.6,1,1
34.8,8.6,0,2
32.2,24.1,0,2
32.3,32.4,1,2
37.4,10.2,1,1
40.3,24.9,1,0
39.9,15.1,0,1
33.9,14.4,0,0
36.3,33.2,1,2
35,28.3,0,1
35.3,6.6,1,1
29.6,36.2,1,2
34,39.9,1,2
41.4,33.2,0,1
31,6.3,0,2
34.9,30.6,1,0
36,23,1,1
31,12.5,1,2
34.3,39,1,2
27.4,30.6,1,1
37.3,33.7,0,2
39.8,43.6,1,2
35,38.5,1,1
41.3,18,0,1
35.4,19.8,1,1
32.2,32.4,0,2
34.8,32.2,1,1
30,34.6,0,1
27.2,19.3,1,1
36.4,33.3,0,1
40.3,26.1,1,2
39.2,23.4,0,1
34.2,25.5,1,2
37,23.5,0,1
41.4,34.8,1,2
35.3,42,0,1
24.8,28.5,0,2
36.5,31.4,1,2
33.9,5,0,2
36,40.7,1,2
33.9,12.7,1,1
36.4,20.1,0,1
36.5,28.5,0,1
26.1,30.7,1,2
33.9,28.1,1,1
37.8,26.8,0,2
37,36.7,0,2
41.1,38.6,0,2
42.2,45.3,1,2
37.3,5,1,1
32.4,16.3,1,2
37.5,22,0,1
33.6,25.3,0,2
40.8,15.1,1,0
39.5,27.1,0,2
36,33.2,1,1
39.7,41.2,1,2
36.5,32,1,2
36.4,5,1,2
30.3,17.8,1,2
37.5,15.8,0,1
39.7,23.8,1,1
38.9,5,0,1
33.5,10.7,0,1
39.4,45.7,1,1
31.9,38.8,0,1
34.3,5,1,2
32.1,20.9,1,0
41.7,24.6,1,1
33.9,10.6,1,1
35.5,22,1,2
31.9,40.4,1,2
36,20.2,0,2
35.2,37.2,0,2
30.4,5,1,1
37.1,49.4,1,2
32.6,36.2,1,1
38.4,20.6,0,0
37.1,26.5,1,1
41.6,40.1,1,1
39.4,10.9,0,1
35.8,16.7,1,2
33,27,0,2
42.7,17.3,1,0
34.3,10.3,1,2
34.5,46.4,1,2
32.1,40.2,1,2
37.4,8.1,0,0
35.5,22.7,1,2
34.8,22.4,0,2
39,28.6,0,2
36.9,17,0,2
42.1,27.9,1,1
42,37.1,1,1
35.5,16.4,1,2
37.5,29.1,1,1
38.9,33.1,1,2
45.2,41.8,1,2
37.2,12.5,1,1
31.7,17.3,0,1
29.9,29.6,0,1
41,15.3,1,2
29.4,10.1,1,2
34.4,11,1,2
31.5,39.4,0,1
36.6,20.5,0,2
39.4,31,0,1
37.9,23.7,1,1
33.1,33.5,1,2
33.2,31.2,0,1
38.1,44.7,1,1
46.3,23.8,1,2
32.2,21.4,1,1
38.3,7.3,0,2
33.3,30.7,0,1
31.5,47.1,1,2
38,32.1,0,2
45,24.5,0,1
33.8,21.3,1,1
34.4,24.1,0,1
36.2,39.5,0,1
38.5,6.1,1,2
31.8,30.2,0,2
36.4,28.8,0,1
37,31.4,1,2
36.7,41.8,1,1
44.3,6,1,1
37.8,15.7,1,1
40.4,12.7,1,2
45.4,27.9,1,0
35.6,16.8,0,2
33.1,19.2,1,2
37.3,17.6,0,2
39.9,5.3,0,0
44.9,12.5,1,2
37.8,42.3,1,0
42.6,37.1,0,0
34.4,5,0,1
40.5,5.8,0,2
37.5,32,0,2
34.8,31.2,0,2
43.4,31.7,0,0
39,20.5,0,2
30.4,24.8,1,1
41.5,37.9,1,1
40.2,31.9,0,1
40.3,44.8,1,1
36.5,35.7,1,1
38.5,18.9,0,2
34.4,35.9,1,2
34.7,12.3,1,2
38.7,22.9,1,1
43.4,40.8,1,1
37.3,5,0,2
37.2,10.1,1,1
25.3,39.5,1,1
38.8,5,0,1
40.5,7.9,1,1
42.3,10.2,0,1
39.6,11.7,1,1
43.2,6.2,1,0
39.1,40.8,0,2
33.4,53.3,1,2
31.6,12.8,0,2
31,30.2,0,1
45.7,28.3,1,2
43.8,33.9,0,1
36.3,26.4,0,2
34.2,29.7,1,0
33.3,24.5,0,1
35.9,12,1,0
39.6,49.5,1,1
38.5,25.5,0,1
34.3,15.9,0,0
35.7,26.1,0,1
31.9,15.6,1,2
42,33.9,0,0
38.9,30.6,1,1
40.2,27.8,0,2
30.3,31,1,1
41,19.7,0,2
32.1,35.5,1,2
37,33.3,1,0
36.2,29,0,2
41.3,20.4,1,1
35.4,36.6,0,2
32.1,51.3,1,1
38.5,38.5,1,1
38.1,39.7,1,1
35.6,44.2,1,1
41.9,21.4,0,1
44.7,29.2,1,0
39.9,47.5,1,0
36.5,8.6,0,2
43.6,42,1,1
33.4,24.2,0,1
39.7,37.4,1,2
39,32.6,0,1
36.5,20.5,1,1
33.9,30.2,0,1
48.2,6.6,0,2
36.5,27.5,0,1
38,29.6,0,2
35.8,45.1,1,1
44.2,16.7,1,2
39.6,8,0,1
35.9,31.6,0,2
34.7,35.2,0,1
33.5,7.4,0,1
33.9,10,0,1
35.4,14,1,2
41.9,6.2,1,1
42.6,5,1,1
35.8,24.8,0,1
35.3,12.1,0,2
37.8,38.1,0,2
35.1,26.6,1,1
34.2,24,0,2
45.5,34.8,1,2
34.3,12.9,0,2
36.6,11.4,0,1
36.4,43.7,0,1
37.8,25.3,1,2
38.8,20.6,0,2
38.5,5,0,1
36,58.4,1,2
46.6,39.2,0,0
40.2,23,0,2
39.1,25.1,1,0
39.6,37.7,1,1
42.6,33.7,0,1
41.2,26.5,0,2
33.2,12.3,0,2
35.3,23.2,1,2
40,32.9,1,2
38,15.1,1,1
35,13.4,1,2
36.5,9,1,2
37.1,22.1,0,2
35.3,5,1,2
48.5,21.8,1,1
38.4,35.1,1,2
40.1,23.7,1,2
37.3,22.4,0,1
38.5,10.3,0,2
32.5,41.4,1,1
42.1,29.5,1,1
41.9,19.7,0,1
41.5,27.5,1,1
33.4,19.6,1,1
35,21.8,1,1
39.3,22.2,1,1
39.5,32.5,1,2
37,21.7,0,1
41.2,32.1,0,2
42.7,22.5,1,2
36.4,22.4,0,2
34.3,9.8,0,2
41.1,13,0,2
35.3,20.1,0,2
36.6,31.3,0,1
36.5,12.1,1,1
37.7,18.4,0,2
41.1,16,1,1
41.5,26,1,1
38.5,59,1,2
34.8,41.9,1,2
37.9,14.2,0,2
38.7,23,0,0
36.3,34.9,1,0
36.2,18.2,1,2
36.6,19.5,1,1
33.2,46.5,1,2
36.4,17.2,1,1
36.2,8.9,0,2
32.4,32,0,2
44,6.9,1,2
35.9,20.5,1,1
38.1,33.2,0,1
36.3,41.8,0,0
35,23.1,0,1
41,15.5,0,2
38,15.1,0,1
40.5,20.9,1,2
36.4,10,1,2
37.6,25.5,1,1
34.1,12.6,0,1
45.5,13.9,0,1
47.2,7.4,1,2
41.1,41.7,0,0
32.4,17.6,1,1
35.6,28.4,1,1
39.5,22.3,1,0
42,29.1,0,1
34.4,25.6,1,2
33.9,19.6,1,1
37.2,31.9,0,2
37.4,30.9,1,2
37.7,15.6,1,1
47.2,14.7,1,2
38.2,26.3,1,0
42,26.8,1,1
33.1,36.2,0,1
39.5,41.1,1,1
37.6,19.5,0,0
36.8,29.9,0,1
41.6,23.9,0,2
44.9,20.9,0,1
38.6,48.7,1,1
41.3,15.2,0,1
38.7,32,1,1
38.4,37.6,1,1
33.3,24.3,1,1
37.9,42,1,2
40.4,16.6,0,1
43.2,41.4,1,2
29.7,11.2,0,0
33.5,36.5,1,0
37.1,45,0,2
33.6,26.7,0,2
37.8,8.5,0,2
38.3,36.6,0,1
35.8,26.9,0,2
37.2,15.3,1,2
47,41.6,1,2
43.6,39.2,0,1
42.2,10.2,1,0
38.3,23.6,0,0
38,13.3,1,1
41.4,21.3,0,2
45,18,1,2
40.5,19.1,0,1
33,25.5,1,1
52.9,30.7,0,1
46.5,7.8,1,1
37,33.4,1,1
34,43.6,1,0
36.3,22.1,1,2
46.2,41,1,1
44.1,5,1,2
43.5,26.8,0,1
44,15.3,1,2
51.3,34.3,1,2
38.7,35.4,0,2
35.4,30.4,1,2
46.6,43.3,1,1
40.9,5,1,2
31.6,20.4,1,1
30.6,35.7,1,2
36.9,31.7,0,1
49.1,17.2,0,1
45.4,19.8,1,1
39.6,16.6,0,2
37.6,39.2,1,0
38.3,17.1,0,2
38.5,45.7,1,1
38.7,27.7,0,0
43.4,36.9,1,2
41.4,32.9,0,2
38.1,21.6,1,1
41.3,27,1,2
43.3,17.5,1,2
47.1,43.7,1,0
33.9,30.5,1,1
35.4,20.9,1,1
43.2,36.8,0,1
42.6,13.4,1,2
38.3,32.4,1,1
33.2,46.1,1,1
40.8,27.9,0,1
48,21.1,0,1
35.7,31.4,1,1
45.5,5,0,0
37.2,25.8,1,1
40.3,26.7,1,2
45.9,31.4,0,0
46.5,20.5,0,0
41,35.3,1,0
43.4,29.9,0,2
43,31.9,0,1
46.5,30,0,1
43.7,23.4,1,2
41,22.7,1,1
44.8,14.3,0,1
42.3,22,0,2
40.8,42.2,0,2
39.7,12.8,1,2
37.9,15.9,0,0
41.7,28.1,1,1
39,40.1,1,1
38.8,36.8,0,2
39.9,6.9,0,0
34.5,24.7,1,1
41.1,41.8,1,1
42.1,35.3,1,1
38.9,24.8,1,1
45.5,12.1,1,2
42.2,22.3,1,1
43.6,22.1,0,2
44.2,32.9,0,0
40.4,31.3,0,1
40.8,18.5,1,2
48.9,10.1,1,2
35,27.5,1,2
36.6,14.2,0,1
46.5,25.3,0,1
34.8,9.8,1,2
39.5,30.1,0,2
37,23.2,0,1
43.3,28.2,0,2
46,18.1,0,2
37.6,43.2,1,1
45,5,0,1
47.8,15.2,0,1
36.4,16.3,1,2
38,17.9,0,2
38.9,17.5,1,1
38.4,17,0,1
41.5,28.9,0,2
48.4,41.3,0,2
36.4,42.5,1,2
41.5,23.8,1,2
39,21.6,1,2
32.2,27.5,1,2
40.9,32,0,1
43.6,8.2,0,2
38.5,5.7,1,1
45,8.3,1,1
50.2,19.7,0,0
41.9,21.8,0,2
32.5,15.8,1,2
39.3,43,1,1
39.9,24.4,1,1
39,29.1,1,2
41.9,41.8,0,2
40.6,26.7,1,1
44.4,22.4,1,1
35.5,34.6,0,2
39.1,26.2,1,2
36.8,22.4,0,1
38,30.9,1,1
44,19.4,0,2
49.2,22.8,1,2
37.9,55.3,1,1
34,53,1,1
31.4,20.1,1,2
38.3,31.6,1,2
38.4,33.4,0,1
41.8,23.1,0,2
42.4,33.4,1,1
33.2,17.4,1,2
41.6,29.7,1,2
41.8,34.1,0,2
37.7,35.9,1,2
43.9,28.6,0,2
38.7,18.6,1,1
41.3,16.1,0,2
41,22.8,1,2
38.9,38.9,1,1
35.3,26.4,0,1
39.9,23.9,1,1
39.3,29,1,1
41.9,48.3,1,1
43.4,5,0,1
41.4,17.7,0,2
36.2,25.3,1,1
37,22.2,0,2
31.9,41.3,1,1
41.6,25,1,1
41.5,37.1,0,1
43.7,28.4,0,2
41.3,12,0,0
44.2,17.7,1,1
39.3,8.6,0,0
39.8,8.4,1,1
35.5,15.9,0,0
41.9,27.9,1,1
44.6,6.7,0,2
42,21.5,0,2
45.1,42,1,2
49.9,30.5,0,2
43.5,14.3,0,1
35,26.4,1,1
40.5,17.6,1,2
41.3,38.5,1,2
38.2,9.2,1,1
40.1,34.6,0,2
43.1,13.2,0,1
42.9,24.6,1,1
43.9,16.9,1,1
37.1,33.2,0,2
41.3,31.7,1,1
41.2,17,0,1
39.9,37.2,1,2
43.9,38.7,0,2
39.4,41.1,1,2
42.1,35.2,1,2
42.4,23.2,0,1
40.4,29.6,1,0
36.8,30.5,0,2
36.5,19.5,0,0
37.1,28.3,0,2
45.1,33.5,0,2
43.6,22.1,1,1
39.3,38.5,1,2
42.5,55.1,0,1
40.5,47.8,1,2
38.3,22.7,1,1
39.2,21.4,0,1
41.6,18.2,0,1
43.7,19.6,1,2
37.7,32.1,1,1
35.7,31.3,0,2
41.6,30.1,0,2
39.8,19.5,0,1
45.9,57.1,1,2
45.3,29.2,0,1
41.7,26.7,0,1
34.2,9.8,1,2
35.3,18.9,0,2
36,18.9,1,2
33.7,52.6,0,0
39.9,25.3,1,1
42.2,36.6,1,1
35.6,39.2,0,1
34,14.9,0,2
43.9,8.8,1,0
44.1,5,1,2
41.5,34.7,1,2
49.3,40.4,1,1
39.7,39.8,0,1
45.5,13,1,1
42.6,30,0,2
38.6,21.5,1,1
42.2,9.9,0,1
40,9.6,0,2
35.1,5,1,2
42.9,25.4,1,0
41.5,18.2,0,0
34,15,1,0
45.5,19.8,0,1
43.1,34.2,1,2
33.4,10.6,0,2
36.5,5,0,1
39.3,15.9,0,1
38.3,37.6,1,0
42.6,17.8,1,2
42.6,22.8,0,0
42.9,28.9,1,2
43.6,37.7,1,2
34.5,34.4,1,1
50.4,46.5,0,2
39.5,11.3,0,2
40.2,19.5,1,2
44.6,31.6,1,1
41.5,16.2,0,2
47.7,10.6,0,1
40.7,40.4,0,0
38.9,28.3,1,0
40.3,40.6,1,2
44.3,31.8,1,2
39.2,6.5,1,2
43.2,12.4,1,2
39.1,25.6,0,2
35.8,26.4,0,2
42.4,22.6,1,1
43.4,17,0,1
42.5,27.6,0,2
44.4,31.7,1,1
52.7,31.6,1,2
39.3,34.8,1,0
43.9,9.7,1,1
45.4,22.4,1,2
45.2,15,0,2
44.1,10.2,0,2
45.4,26.1,1,2
37.6,46.7,1,1
47.2,7.9,0,1
42.9,13.1,1,2
36.2,27,1,2
50.2,48,1,1
38.9,44,1,2
35.5,34.7,1,1
50.5,5,0,0
43.7,38.2,1,1
38.2,41.8,0,1
41.8,39.4,1,0
39.6,13.8,1,1
30.3,22,1,1
41.3,13.6,0,2
44.1,25.2,1,1
43.6,33.1,0,0
46.6,34.8,1,1
47.8,40.8,0,2
48.7,5,0,1
46.5,30.8,1,1
45.3,41.7,1,1
38.6,33.2,0,1
41.4,23,0,1
38,35.5,0,1
50.2,12.6,0,1
39.8,14.9,1,0
34,47.3,1,1
41.3,17.3,1,2
50.8,14.7,0,2
41.8,16.7,1,1
43.1,23.8,1,1
38.8,39.5,0,1
41.1,49.8,1,2
40.5,36.1,0,0
50.6,22.5,0,2
46.1,47.9,1,2
43,26.3,0,1
43.9,13.3,0,2
39.8,24.2,1,2
41.8,16.7,1,2
46.3,17.2,0,2
37.6,20,1,1
47.5,31.1,0,1
34.6,32.8,0,2
43.4,23.9,0,2
41.6,7.3,1,2
40.9,5,1,2
42.6,35.9,0,0
39.4,32.8,0,0
41.4,27.8,0,1
38.9,22.9,1,1
50.7,28.1,1,1
40.6,5,1,0
51.2,9.2,1,1
39,20.6,0,1
43,28.7,0,1
41.8,30.1,0,1
37.1,11.8,0,1
43.5,37.2,1,0
46.7,29.6,1,2
46.8,14.1,0,2
40.4,20.7,1,2
38.3,23.8,0,0
42.2,23.1,1,1
40.7,26.5,0,0
43,22.9,1,2
43.2,24.8,0,1
40.4,42.2,0,2
44.2,5,0,2
45.4,28.7,1,1
38.3,20.3,1,2
39.8,13.7,1,2
37.8,20.2,0,2
35.9,46.5,1,1
42.2,13.3,1,2
46.2,43.3,1,2
42.6,5,1,2
40.1,16.5,1,2
44.6,27.5,0,1
49.8,5,1,2
51,18,1,2
40.1,21.6,1,1
47.3,13.6,1,0
42.6,33.3,1,1
39.5,24.4,1,1
34.6,36.6,1,1
34.6,11.9,1,2
41.3,30.6,1,0
44.9,34.3,1,1
40.4,31,1,2
46.8,16.7,1,1
36.6,19,0,1
41.8,19.9,0,0
44,22.1,1,2
40.7,35,1,2
35.6,15.9,1,1
42.1,18.1,0,1
44.1,35.2,1,1
35.1,8.2,1,2
40.6,16.6,0,1
43.6,32.7,0,1
40.8,16.8,1,2
45.4,32.5,0,0
42.8,18,0,2
43.8,26,0,1
40.7,25.5,1,2
41.2,5,1,1
44.8,5.8,1,2
39.3,8.7,0,1
43.2,10.3,0,2
45.3,25.5,0,2
41.9,46.2,1,2
43.7,39.9,0,1
42.5,42.3,1,0
36.1,18.6,1,1
45.8,31.6,1,1
42.5,25.4,0,1
43.1,28.6,0,2
46.2,5,1,2
43.6,7.5,0,1
48.1,11.7,1,1
40.6,5.9,0,2
48.3,21.7,0,2
41.7,57.3,1,2
37.3,24.6,1,1
38.5,25.5,0,1
40.4,12.6,1,2
39.6,18.9,1,1
37,18.5,1,1
46.2,14.5,1,1
39.5,18.7,0,2
40.5,48,1,1
42.3,17.5,1,2
37,15.8,0,1
38.8,40.9,0,2
40.1,18.8,0,1
41,22.5,0,1
44.6,28.2,1,2
55.5,31.6,1,2
44.5,37.1,1,2
46.5,8.6,0,2
40.8,33.9,1,2
41,20.1,0,1
40.6,17.3,1,0
46.4,27.9,1,2
44,31.5,1,0
35.5,23.1,1,0
38.4,23.5,0,2
45.7,30.2,0,1
42.3,28.7,1,1
44.2,35,0,1
47.4,19,1,1
40.9,29.3,0,2
44.6,36.4,0,2
45.3,42.9,1,0
35.9,33.9,0,2
47.7,28.7,0,1
45.6,9.1,0,2
43.8,28,0,2
36.7,21.9,0,2
41.9,14.8,1,2
39.2,40,1,2
36.5,25.5,0,1
48,31.7,1,0
48.5,18,1,1
52.8,32.3,1,2
38.7,29.8,0,1
36.3,36.9,0,2
42.6,30.9,0,2
36.6,41.3,1,2
40.3,27.1,1,2
48.4,26.2,1,1
38.4,38.4,0,2
41.4,30.1,0,2
41,47.7,1,1
43.7,22.8,1,1
41.5,13.1,1,2
44.5,24.1,1,2
39.6,43.8,1,1
46.4,21.4,0,1
37.9,5,1,1
43.3,36.5,1,0
37.3,35.7,0,1
43.4,36.1,0,1
44.5,6.5,0,2
30.7,13,1,2
38.5,21.3,1,1
41.1,21.8,0,1
45.6,12.3,1,2
42.4,27.9,1,2
48.2,25.8,0,1
33.5,27.3,0,1
40.7,21.4,0,1
41.8,23.8,0,2
38.5,33.7,0,1
36,23.7,0,2
41.2,5,1,2
37.3,20.8,0,0
38.2,31.8,0,2
43,14.5,0,1
31.3,8.6,0,0
43.9,7.7,0,2
38.1,5.8,1,0
47.9,19.9,1,2
37.1,49.2,0,2
31.1,27.7,0,1
36.8,28.4,1,0
30.9,5,1,2
40,31.5,1,1
31,25.4,0,1
35.1,49.5,0,1
36.7,27.2,0,2
38.3,43,0,2
34.9,5,1,2
35.3,27.7,0,1
30.6,8.3,1,2
37.2,39.8,1,2
29.8,6.9,1,1
30.1,45.7,1,1
39.5,15,1,1
32.8,14.3,1,2
38.2,5.6,0,2
32.5,5.4,0,1
34.4,12.4,0,1
36.8,24.1,0,1
37.7,23.6,1,2
29.7,17.6,1,2
34.9,24.4,1,0
33.4,43.2,1,1
31.4,27,1,2
26.5,16.1,0,1
31.4,7.5,1,2
36.9,5,0,2
31,30,1,0
31.3,5,0,2
28.6,28.2,0,1
31.9,20.6,0,2
33.9,5,0,1
34.6,25.5,1,0
25.1,34.5,1,2
36.4,21.5,0,1
30.4,23.7,1,1
29.1,8,0,2
38.7,34.9,0,2
27.2,17.4,1,2
36.3,22.9,0,1
34.5,5,0,1
36.1,9.8,0,2
39.1,13.6,0,2
34.7,22.7,0,1
28.2,12.6,1,1
39.5,18,1,1
32.5,5,1,2
37.3,36.3,1,2
37.9,16.2,0,2
30.5,33.2,0,2
36.8,24,1,2
31.3,18.4,1,0
36.7,6.5,1,2
37.2,33.6,1,2
33.1,27,0,1
38.1,5,1,1
30.6,30.4,1,1
27.8,32.1,0,2
33.6,28.2,1,2
31.7,29.8,0,2
36.4,23.7,0,2
36.5,32,0,2
28.6,13.2,0,1
41,46.3,0,2
31,19.5,1,2
35.3,13.9,1,1
32.1,32.1,1,2
32.5,35.5,0,1
37,25.7,1,2
35.4,8.5,1,2
28.6,5,0,1
28.8,36.8,0,1
34.1,23.6,0,2
24.7,12.8,0,2
33.5,6.4,1,2
36.7,5.2,1,1
31,16.9,0,2
39.1,30.7,0,0
31.5,6.7,0,1
32.4,20.4,0,1
38.9,14.8,1,1
34.7,12.4,0,2
32.4,24.7,1,2
27.9,35.3,1,2
35.1,25.6,1,1
34.1,5,0,1
31.3,29.9,0,2
32.9,21.4,1,1
28.7,12.9,1,2
34.6,12.3,1,2
28.7,7.5,1,0
28.1,11.7,1,2
29.4,5,1,2
28.9,5,1,2
34.5,36.9,0,2
35.7,19.2,0,1
34.9,26.5,0,2
36.1,11.5,0,1
36.8,19.1,0,1
34,11.7,1,2
27.6,11.3,1,2
33.8,28.8,1,2
42.3,28.3,0,0
33.5,20,0,1
31.9,25.4,1,1
31.9,22.7,0,2
40,13.6,0,1
32.9,18.7,1,2
29,19.5,0,2
27.6,17.7,0,2
30.5,15.9,1,1
36.1,42.5,1,2
26,8.5,0,1
34.9,5,1,2
34.5,35.6,0,1
33.2,5.4,1,1
31.5,31.6,1,2
36,31.9,0,2
42.2,18.6,1,2
34,32.6,1,0
33.7,20.4,0,1
34.5,11.7,1,1
38,5,1,2
29.8,19.7,1,2
34,17.2,0,1
37.8,5,0,2
36.1,19.3,1,1
37.6,36.1,0,2
34.7,40.5,1,1
29,10.1,0,1
36.6,28.7,0,1
38.9,23.5,1,1
34.9,13.1,1,1
34.5,14,1,1
43.2,31.7,1,2
32.3,17.7,1,2
32,22,0,2
31.6,6.8,1,2
29.6,5.8,0,1
28.8,13.4,0,1
35.4,5,0,1
33.6,23.4,0,2
33.2,5,1,0
31.7,5,0,2
29.1,38.4,1,2
38.1,23.6,0,1
29.6,23.8,0,2
29.4,7.7,1,2
35.2,35.4,1,2
35,32.6,0,1
36.7,28.1,1,2
29.5,19.2,1,1
29.6,9.4,0,2
34.3,28.2,1,2
34.5,25.7,1,2
27.8,22.4,0,1
38.2,20.8,0,1
31.5,30.5,0,1
32.7,15.2,1,1
28.6,21.4,0,1
37.8,5,0,2
35.9,28,1,2
38.7,20.5,0,1
36.2,16.4,0,2
27.5,17.3,1,2
37,5,0,2
30.6,27.2,1,2
28.9,5,0,2
34.9,7,1,2
33.4,36.3,1,1
41.4,19.7,0,0
32.7,25.5,0,0
34.5,24.1,0,1
31.4,33.3,0,2
35.8,15.7,0,2
29.1,15.1,1,1
35.6,20.3,1,1
34,9.2,0,1
27.9,8.4,0,1
35,36.7,1,2
32.7,44.7,1,1
34.7,7.9,0,2
35.2,17,1,0
30.5,39.7,0,0
34.1,15,1,2
29.1,5,0,2
27.4,25.2,0,1
32.4,25.7,0,2
32.3,38.5,1,1
35.6,14,1,2
31.3,20.2,0,2
33.7,26.3,1,2
35,14.1,0,1
41.7,5,1,1
31.5,19.7,1,1
34.2,13.5,0,2
42.1,28.7,1,2
36,27.2,0,2
44,27,1,2
37.5,18.8,0,2
38.6,22,0,2
41.2,13.3,1,2
35.5,22.7,0,2
37.9,11.3,0,2
38.2,35.1,1,2
32.1,9.2,0,0
33.4,24,1,2
40.5,5,1,1
35.4,24.3,1,2
37,27.1,1,1
42,26.2,1,1
37.8,9.8,0,1
31.7,6.7,1,2
36.4,41.9,1,2
34.2,28.4,1,2
38.6,24.5,0,0
38.5,33.9,1,1
39.5,10.2,0,1
38.7,17.2,0,0
35.2,12.7,1,1
36.7,5,1,0
35.9,24,0,2
39.3,9.9,0,1
35.6,47.5,1,2
41.2,14.3,0,2
35.1,36.2,0,2
40.9,16.3,0,1
37.8,20.8,1,1
35.2,41.4,1,2
39.5,20.3,0,0
30.7,31.9,1,2
39.4,5,0,0
36.1,25.7,1,2
34.7,12.8,0,1
37.4,28.4,1,2
35.3,22.6,0,1
30.3,12.8,1,2
36.7,5,0,2
31.7,22.8,0,1
43.1,22.1,0,2
32.9,56.9,1,1
30.6,22.7,1,1
34.1,15.8,0,1
33,8.1,0,1
38.6,26.3,1,1
34.2,5,0,1
32.9,27.8,1,2
33.3,10.8,0,2
38.9,13.2,0,0
37.1,5,0,2
39.5,5,1,2
28.6,21.9,1,2
36.3,5,0,1
33.7,28.2,1,2
37.7,5.2,1,0
39,12.7,0,1
34.9,27.5,0,2
39.6,33.4,0,2
40.9,15.7,1,2
42.5,28,0,0
32.9,5.9,0,2
36.1,12.6,1,2
39.3,16,0,2
33.2,24,0,2
30.9,52.9,1,2
36.2,7.5,0,2
35.5,24.2,0,1
35.2,9.7,1,1
39.9,25.7,1,2
33.7,29.4,1,2
33.8,43.1,1,2
30.7,25.7,1,0
37.7,24.3,1,1
39.8,25.6,1,2
41.8,25.6,0,2
20.2,26.5,0,2
39.6,28.2,0,2
35,15.2,0,2
42.5,17.7,1,1
30.6,24.3,0,1
38.6,29.2,0,1
34.4,15,0,1
37.2,5,1,1
40.3,19.1,0,2
33.4,43.2,1,1
27.9,10.9,0,1
36.4,25.4,1,2
39.6,26.3,0,2
37,6.6,1,2
36.3,19.9,1,2
36.7,5,1,2
36,7.3,1,2
32.1,5,0,2
34.9,30.9,1,0
41,38.2,0,2
32.9,22.4,0,1
39.7,9.3,0,2
37.5,30.7,1,1
30.8,9.5,1,2
36.6,26.9,1,1
31.1,28.9,1,1
28,29.6,0,2
30.9,37.9,1,2
44.8,5,1,2
37,36.5,0,2
34.9,16,1,2
36.1,35.2,1,1
37.3,34.9,0,1
41.9,19.5,0,1
34,5,0,1
37.5,26.6,1,2
38.5,12.9,1,2
36.4,19.5,0,1
38.2,23.8,0,1
34.9,24,0,1
45.8,34.2,1,2
38.9,23.5,1,2
37.5,5.2,1,2
31.8,41.2,1,1
34.7,13.8,1,2
34.3,5,1,2
37.7,13.6,1,1
31.5,25.8,1,2
28.3,14.9,1,2
35.1,17.9,1,1
37,28.3,1,2
37,40.7,1,1
28,20.8,1,2
36.2,31.6,1,1
31.4,18.4,0,1
36.1,40.9,1,2
31.9,49.8,1,2
41.2,10,0,0
38.1,32.6,1,2
33.7,21.1,1,2
44.2,9,1,0
33.7,31.7,1,2
37.8,20.1,1,0
25.7,33.3,0,2
38.5,26,1,2
38,28.8,0,2
33,14.9,1,2
34.4,26.3,1,2
41.6,12,1,2
38.4,11.3,1,0
39.2,26.9,0,1
36.5,27.7,0,1
32.1,18.7,0,2
33.8,32.5,0,1
33.7,25,0,1
39.3,26.7,0,2
32.9,17.6,1,0
33.7,12.8,0,2
37.1,26.4,1,0
32.6,5,1,2
31.6,5,1,1
39.5,35.5,1,2
35.1,23.3,1,1
35.6,7.5,1,2
38.1,18.7,0,2
41,19.7,0,0
33,14.8,0,1
38.9,19.6,0,2
44.8,29.1,1,0
30.5,14.4,1,1
39,5,1,2
31.7,23.6,0,2
32.9,30.4,0,1
33.7,15.7,1,1
36.1,31.2,0,1
35.8,23.1,0,1
37.8,16,0,2
38.1,14.1,1,1
31.8,39.5,0,2
35.7,15.5,1,2
40.3,5,1,2
38.2,20.9,1,2
35.3,25.1,1,1
35.4,5,1,0
42.8,19.5,0,2
42.1,37.1,1,2
31.4,18.4,1,2
46.5,38.6,0,1
38.1,15.2,1,2
42.4,5,1,2
36.2,23.2,1,2
36.5,12.3,1,1
33.6,11.7,0,2
41.6,16,0,1
42.2,13.7,1,2
31.8,31.5,0,1
33.9,32.2,0,1
34.6,20.3,1,2
32.6,18,0,1
36.2,31.5,1,2
41.8,5,1,2
38.5,17.2,0,2
33.2,31.2,0,2
31.7,22.9,0,1
42.1,37.1,1,2
26.9,5.3,0,2
39.2,27.3,1,2
31.6,16.4,0,2
40.3,11.9,1,2
34.9,6.6,1,2
39.7,11.4,0,2
35.3,25,1,2
42.2,32.5,0,2
46.7,25.2,0,2
36.1,13.2,1,0
40.3,5,0,1
34.9,36.2,1,2
32.8,32.6,1,2
40.3,26.1,1,2
36,5,1,0
34.9,15.6,0,1
41.3,25.1,0,0
40.4,29,0,2
36.4,29.7,0,2
40.7,13,0,2
40.7,34.2,1,1
39.9,18.6,1,1
33.2,26.7,0,2
34.8,23,1,1
35.7,5,0,2
42.5,24.3,1,1
30.9,21.4,0,2
33.9,17.8,0,1
34.5,19.3,0,2
39.9,24.5,1,1
35.7,35.6,1,1
37,30.4,1,2
42.7,21.4,0,2
34.4,23.9,1,2
38.3,23.1,0,1
44.3,45.8,1,1
39.4,12.6,1,0
40.1,10.3,0,2
45.4,17.5,0,2
38.1,15.7,0,2
32.6,26.4,0,1
39.3,34.1,1,2
31,23.8,0,2
35.8,29.7,0,2
37.2,22.3,1,1
35.7,5.8,0,1
40.5,23.9,0,1
38.5,22.1,0,1
40.7,32.9,1,1
35.5,19,0,1
39.6,28.9,1,2
41.1,25.3,1,1
39,35.8,1,1
42.3,28.4,1,2
37,5,1,2
37.7,28.8,0,1
32.5,37.6,1,0
36.4,12.2,1,1
39.5,8.4,1,0
39.4,10.1,1,2
38.4,15.2,0,1
34,5,1,2
39.1,29.2,1,1
45.1,16.3,0,2
37.7,29.5,0,2
32.8,16.5,1,2
37.9,19.6,1,2
39.8,16.3,1,2
40.1,24.6,0,2
37.3,8.3,0,2
39.8,16.3,0,1
30.7,22,1,2
32.2,17.2,1,2
45,42.3,1,1
39.2,24.2,0,2
38.9,5,0,0
38.1,42.9,1,1
41.4,5,1,0
40.8,9.9,0,2
38.8,30.8,1,0
30.7,5,1,2
41.6,28.1,1,2
40.3,27.2,0,2
37.3,5,1,2
36.4,5,0,2
44.9,5,0,0
46.2,5,1,1
41.5,19.3,0,1
39.8,5,0,2
35.3,12.9,1,2
41.1,43.3,1,1
37.4,43.3,1,2
41.7,5,1,1
33.6,24.5,1,2
30.2,16.2,0,2
41.7,16.9,1,2
35.8,19.1,1,2
37.1,27.6,0,2
35.5,22.6,1,2
31.4,19.6,1,1
40.1,31.2,1,1
41.1,27.1,1,2
31,19.9,1,1
37.7,21.2,1,2
37.6,15.8,0,2
39.9,5,1,1
35.2,34.5,1,1
33.2,5,0,2
37.2,35.1,1,1
40.8,14.2,1,2
36.7,32.9,0,2
43,19.7,1,2
41.4,6.4,1,1
39,26.1,0,2
42.6,22.1,0,1
35.6,19.3,1,2
38.1,12.2,1,1
41.6,24.4,1,2
39.3,12.8,1,0
38.4,40.7,1,2
32.3,13.7,1,2
33,30.4,1,1
44.6,41.6,1,2
45.1,8.1,1,2
38.3,5,1,2
35,31.7,0,2
32.8,28.7,0,1
45.5,16.6,0,1
38,8.5,1,1
45.1,17.3,1,2
33.5,21,1,2
36.1,24.4,0,2
40.8,11.5,0,2
28.4,7.4,0,2
33.7,16.5,0,2
31.7,11,0,0
35.5,11.6,1,1
34.4,24.6,1,1
44.3,23.4,1,2
43.8,32.8,0,2
40.9,23.9,0,2
40.9,11.4,0,2
34.8,23.9,0,2
42.7,16.4,0,2
37.1,5.9,0,1
29.4,24.2,1,1
31.9,13,0,1
35,5,1,0
37.7,39.7,1,2
35,5,1,1
35.7,6.8,0,1
45.8,14.2,0,2
45.7,25.3,1,1
37.8,33.1,1,0
39.5,5,0,2
38.5,16.6,1,2
37.3,5,1,2
41.3,17,1,2
44.2,13.1,0,1
38.6,28.3,0,1
41.5,22.7,1,2
40.1,5,0,1
35,29.9,1,2
43.7,28.6,1,1
39.3,24.1,0,2
38.3,35.6,1,2
36.4,8.7,0,2
39.1,12.6,1,0
32.1,17.1,1,2
36.5,15.3,1,2
40.3,17.1,0,1
41.6,7.8,1,2
43.4,34.1,0,2
42.1,18.2,1,2
45.6,33.1,0,2
39.3,22.5,1,1
39.3,33.4,0,1
40.3,30.8,1,2
37.6,5,1,1
43.5,5.4,0,2
43.2,17.9,1,2
44,9.9,0,2
37.8,14.9,1,1
35.3,15.1,1,2
39.6,21.6,1,2
42.7,9.3,0,1
42.2,26.5,1,2
39.3,25.9,1,2
35.6,23.3,0,2
36.5,15.6,0,1
42.4,17.3,1,2
45.8,13.2,0,2
38.5,22.5,0,2
41,15.4,1,1
40.8,25.4,1,1
44.5,43,1,0
43.7,47,0,2
33.6,28.3,1,0
41.4,30,1,1
37,5,0,1
40.5,29.5,0,1
38.9,22.4,0,2
30.6,15.9,1,2
36,27.1,1,1
44,19.3,0,0
38.2,23.2,0,2
35.2,41.5,1,2
37.1,27.7,1,1
41.3,13.1,1,1
49.1,19.9,1,1
35.8,33.9,0,1
39.4,27.9,0,1
35.4,16.7,0,2
41.3,26.6,0,1
41.9,16,0,1
42.4,18.8,0,1
44.1,5,0,1
39.5,31.2,0,1
32.5,5,1,1
36.2,24.1,0,1
40,15.8,1,2
35.6,27.5,0,2
47.1,18.4,0,2
33.4,7.9,0,2
41.8,8.7,0,2
39.4,6.8,0,2
46.9,5,0,1
35.9,32.6,1,2
42.8,9.3,0,2
39.5,25.4,1,0
46.7,24.1,1,2
39.8,12.8,1,1
41.1,5,1,1
38.1,5,1,0
36.1,10.7,0,1
41.3,20.1,0,2
42.2,16.6,0,1
41.6,17.5,0,2
33.6,23.2,1,2
37.1,19.7,0,2
36.9,7,1,1
42.5,24.5,0,2
36.7,19.8,1,2
42.3,10.4,1,2
36.9,30,0,2
40.1,15.6,0,1
35.1,5,0,2
47.4,26.8,1,0
46.6,39.8,1,2
38.5,46.8,1,2
43.5,14.7,1,2
35.6,8.5,0,2
41.4,20.8,0,1
36.2,18.2,1,2
39.6,32.5,1,2
38.2,14.6,0,2
40.2,41.8,1,2
40.3,8.6,0,2
43.5,5,1,1
40.8,20.4,1,1
40.1,23.5,1,1
39.7,16.6,1,2
35.8,38.9,0,2
42,12.5,1,2
41.1,11,1,1
39.9,26.3,0,2
39.2,5,0,2
38.5,34.9,1,1
38.9,18.2,0,1
41.5,35,1,2
38.4,54,1,1
40.9,35.7,0,2
39.8,39.8,1,1
42.3,38.7,1,1
44.6,36.1,0,2
38.5,49.7,1,2
38.9,32.2,1,1
39,8.2,1,2
34,49.2,1,2
45.9,33.7,0,2
35,17.3,1,1
38.5,37.3,0,2
38.6,20.2,0,1
39.8,5,1,1
46.6,7,0,0
40.8,32.4,0,2
42.9,11.5,1,1
42.3,21.6,1,1
45.7,43.5,1,2
45.5,23.3,1,0
40,33,0,1
38.7,8.1,1,1
40,41.3,1,1
40.6,5,0,2
41.4,5.4,0,1
36.1,12.9,0,2
38.4,20.7,1,1
38.1,5,0,2
39.5,21.7,0,2
39.3,30.1,0,1
44.9,19.7,0,2
48.2,30.5,0,2
29.4,5,0,2
43.1,18,1,2
40.5,35.6,1,2
40.6,20.8,0,2
43.7,5,0,0
42,17,0,2
42.4,5,0,2
37.3,23.3,1,2
40.6,10.6,0,2
33.4,30.3,1,2
40.3,35.8,1,0
48,18.6,0,1
39.9,25.7,1,2
32.7,34.1,0,1
46,8.6,1,2
38.2,15.5,0,2
44.4,17.6,0,2
45.8,38.7,1,1
35.1,40.1,1,2
37.4,22.1,0,2
41.3,5,0,1
33.2,13.7,0,2
46,22.6,1,2
29.2,26.8,1,2
38.3,24.5,0,1
33,6.1,1,1
41,25.3,0,2
40.8,22.4,0,1
32.3,24.5,1,1
41.4,19.4,1,2
34.8,46.9,1,2
42.9,14.9,1,1
40.2,20.8,0,2
43.4,13.1,1,0
42.6,34.6,0,2
42.4,45.1,1,0
41.8,18,1,2
40.3,16.3,0,1
46.1,5,1,2
26.4,15.9,1,1
38.9,5.7,1,2
44.8,9.4,0,2
43,6.4,1,2
38.2,5,0,1
35.7,13.5,0,2
39.9,12.5,0,2
42.1,22.5,1,1
40.7,10.9,0,1
34.5,23.3,1,1
45.1,19.7,1,1
37.5,23.8,1,2
39.6,18.3,1,2
34.3,27.8,0,1
45.5,14.9,0,1
36.6,25,1,1
41.4,35.2,0,1
30.6,28.4,1,2
36.4,34.9,1,2
34.5,29,1,2
41.3,21.2,1,2
37.6,37,1,0
34.5,5,0,0
44.2,33.1,0,0
31,7.6,0,1
35.9,12.6,1,1
47.9,44.2,1,0
37.3,26.6,0,2
31.3,5.2,1,2
35.9,17.1,1,2
33.4,16.1,0,1
31.5,5,1,2
24.9,21.7,1,2
34.7,27.3,0,0
30.8,14.6,1,2
25.6,33,1,2
31.2,5,0,0
31.6,23.9,1,2
43.4,28.2,1,0
33.7,24.3,1,2
33.5,32.7,0,1
31.5,16.3,1,2
37.9,8.3,0,1
28.9,5,1,2
32.1,21.1,0,2
24.5,19.4,0,0
32.3,33.3,0,1
33,21.1,0,0
33.7,15.9,1,2
34.2,29.6,1,1
34.3,33.9,1,2
21,14.8,0,1
29.3,16.2,0,2
37.7,23.2,1,2
39.9,38.2,0,1
30.7,11.8,1,2
30.2,31.4,0,0
33.8,32.3,0,1
34.2,21.4,1,2
41.4,8.1,1,0
29.3,28.9,1,1
36.2,32.4,0,2
33.7,20.2,1,2
35.9,10.8,0,0
30.8,28.7,0,2
37.4,18,1,0
32.8,23.1,1,0
27.2,21.7,1,1
37.7,10.6,1,2
32.3,44.8,1,2
30.8,8.5,0,2
33.5,5,1,2
40.5,34,1,1
33.6,9.5,1,2
42.4,34.3,1,1
33.4,17.4,1,2
34,41,1,1
35.2,19.7,0,2
34.3,19.4,0,1
33.5,25.4,0,2
37.9,18.1,0,2
36.6,18.2,0,2
40.8,45.3,1,0
32,5,1,1
41.6,5,0,1
25.6,8.2,1,1
35.2,25.5,0,1
35.1,5,0,1
27.9,20.1,0,2
32.2,18.4,0,2
36.5,5,0,1
37.3,15.1,0,2
37.9,11.7,1,1
32.1,13.6,1,2
32.2,34.6,0,2
29.4,15,1,2
33,19.4,0,2
33.9,26.5,0,1
30.8,24.9,0,2
30.9,5,1,2
33.2,30.2,1,1
35.5,5.4,1,1
38.1,5,1,2
33.5,29,0,0
32.8,30.8,0,1
33.7,20.1,0,1
41.3,31.9,0,1
38.2,44.1,1,2
37,15.6,1,1
34,10.6,1,1
41.5,33.5,1,2
26.9,24.5,1,1
31.4,17.7,1,1
32.2,11.5,1,1
36.7,7.9,1,1
30.5,20.8,0,2
32,5,1,2
28.1,30.2,1,1
41.9,18.7,1,2
34.4,38.1,1,1
26.7,25.1,0,1
34.8,6.8,1,1
40.6,5,1,1
33.7,33.4,0,2
32.2,5,1,1
33.8,12.5,0,2
37.6,34.8,1,2
34.5,34.9,1,2
30.2,27.1,1,0
34.4,9,1,1
35.7,16.5,1,1
32,19,0,1
35.5,14.7,0,2
36.9,5.7,0,1
34.2,6.2,0,1
35.3,15,0,1
32.1,16,1,1
33.4,5,0,2
30.6,29.4,0,2
39.5,8.6,1,2
31.7,19.5,0,2
40.1,25.3,0,2
37,5,0,1
31,12.3,1,2
35.5,28.5,1,1
36.7,35.6,1,2
29.9,23.3,1,2
42.2,8.8,0,2
31.3,31.1,1,1
38.5,32,1,2
31.8,5,0,2
36.2,21.3,1,2
34.2,12.5,1,1
39,12,1,1
36.7,40.2,1,2
30.6,26.3,0,2
39.2,18,0,0
29.4,8.3,0,2
42.2,49,1,1
34.2,39.6,0,2
29.9,35.9,0,2
33.2,19.3,0,1
35.3,12.3,0,2
33.6,41.4,1,1
30,5,1,2
35.3,31.8,1,2
33,21.3,0,0
33.4,19,0,2
37.9,18.4,0,0
31.5,41.8,1,1
29.3,5,0,2
38,31.5,0,2
41.6,10.3,1,1
38.2,23,1,1
39.3,19,0,1
35.2,23.2,0,2
30.6,9.6,0,1
35.9,7.3,0,2
36.5,18.9,0,1
29.4,6.8,1,1
37.6,12.9,1,2
32.5,26.6,0,2
37.3,13.4,0,1
38.6,19.8,0,2
42.5,32.6,0,1
32.8,5,1,2
39.8,5,1,1
25.7,5,0,2
27.5,32,0,2
31.6,12.6,0,2
40.6,30.2,0,1
34.8,33.8,0,2
41.5,7.9,1,2
29.5,25.9,0,2
35.7,6.2,1,1
39.1,28,1,2
31.8,48,1,2
42.8,17.6,0,1
33.7,22.7,0,1
39,29.8,0,2
31.9,8,0,2
37.8,9.4,0,1
32.4,9.9,1,2
39.3,10.8,1,0
31.3,20.5,0,0
42.1,37.9,0,2
36.5,5,0,2
32.9,15.4,1,2
38.8,12.3,1,2
29.4,6,1,1
43.6,15.4,1,2
31.6,5,0,1
33.9,10.5,1,0
36,5,1,2
32.4,5,1,1
39.5,34,0,2
34.9,23.4,1,2
37.8,34.6,1,1
38.9,34.7,1,2
38,8.4,1,1
32.8,14.5,0,2
38,22.7,1,1
33.2,25.1,1,2
40.1,38.6,1,1
40.4,26.4,0,2
33.7,18,1,2
32.9,36.5,0,2
38.2,42.6,1,2
36.8,15.5,0,0
33.9,12.1,1,2
34.7,7.2,1,1
32,30.2,0,2
36.4,5,1,1
37.1,16.8,0,2
36,5,0,0
39,20.8,1,2
31,5,1,1
33.7,14.5,1,1
27.8,36.2,0,2
36.4,47.4,1,2
27.4,32.9,1,2
36.9,16.4,1,1
33.8,34.4,1,2
36.7,11,0,1
37,25.3,0,1
33.8,33.8,1,2
41.9,32.3,0,2
33.4,5,0,1
36.8,34.7,1,1
37.7,5,0,1
38.5,27.1,0,2
41.4,16.8,1,2
35.2,41.9,0,1
30.8,28,1,2
32.9,29.4,0,2
40.1,17,1,1
38.1,33.8,0,0
35.9,19.1,0,2
33.2,24.2,0,1
32.5,5,0,2
40.8,17.7,1,1
38.7,18.7,0,0
35.8,19,1,2
38.7,20.9,1,2
33.8,13.2,1,2
43.3,30.2,1,2
36,25.6,1,2
37.3,5.1,1,1
29.1,14.7,1,1
37.7,5,0,1
39,15.5,1,2
43.2,16.1,1,2
31.9,15.1,1,1
31.9,5,1,1
42,15.4,1,2
34.7,17.1,1,1
28.5,13.8,0,1
32.9,7,0,2
44.3,8.1,1,1
41,22.8,1,2
33.2,5,0,1
36.7,17,1,1
37.9,13.2,0,1
36.9,14.7,1,2
33.6,32.4,0,1
37.2,17.2,0,2
29.3,14.9,1,2
36.3,34.1,1,2
43.1,14.3,1,2
33.2,42,1,2
42.9,17.4,1,1
34.8,27.1,1,2
41.8,7.9,1,2
37.3,5.3,0,2
30.7,15.9,0,1
37.3,10,0,2
33.8,9.6,1,2
31.7,11.6,1,2
31.6,21.7,1,1
36.6,14.6,0,1
38.7,18.5,1,2
31.6,5,0,2
36.8,18.3,1,0
36.2,7.2,1,2
40.2,31.8,0,2
36.2,18,0,2
36.2,16.4,1,2
42,35.5,0,2
34.2,10.2,0,2
41.1,12,0,1
26.8,26.4,0,2
35.4,6.8,0,2
36.7,39.6,0,1
38,11.9,1,2
34.5,10.8,1,2
32.4,36.9,1,1
36.1,5.4,1,1
33.8,5,1,0
30.4,26.2,0,1
32.2,18.7,0,2
35.5,30.1,1,2
33.5,18,1,2
29.5,11,1,2
43.4,14.4,0,2
27.6,21.5,0,2
38.8,23.3,0,1
39.4,31.3,0,1
34.6,42.7,1,2
35.2,21.6,0,2
30.8,25.3,0,1
35.1,10.2,0,2
34.8,27.7,1,2
36.4,7,1,2
39.4,5,0,2
39.4,50.3,1,0
37.7,30.4,0,2
31.5,18.1,1,1
35.6,10.2,1,1
40.3,56.4,1,2
43.9,9.8,1,2
32,5,1,2
32.9,16.2,1,2
29.6,5,1,2
35.8,20.5,1,0
35.6,14.5,0,2
39.8,43.8,1,2
33,19.4,1,2
41.6,19.2,0,2
30.3,28.4,1,2
35.3,9.7,0,2
35.8,13.6,1,2
33.2,36.2,0,2
35.2,21,1,2
26.1,30.6,0,1
33.2,27.3,1,2
36.4,15,1,2
33.8,28.4,1,1
33.3,29.2,1,1
41.3,13.4,1,2
36.8,31.7,1,0
34.8,25.5,1,1
40,5,0,1
40.9,20.3,1,2
32.3,14.7,0,1
37.7,5,0,2
34.8,6.8,0,1
34.8,33.1,0,2
38.5,26.7,0,2
35.7,25.3,1,2
41.4,31.5,1,2
30.6,16.8,0,2
35.2,18.7,1,2
40.4,21.1,0,2
30.3,5,1,2
37.8,23.1,0,2
39.8,9.3,0,1
41.3,9.8,0,1
46.6,15.2,0,1
38.6,18.5,1,1
43.6,5,1,2
45.7,31.3,1,1
43.2,30.6,0,2
47.2,22.3,0,1
39.4,5,1,2
40.4,9.2,1,1
39.1,21,1,2
33.8,19.2,1,0
39.3,31.5,0,1
41.6,15.6,0,2
35.6,5,1,1
35.8,18.9,0,2
36.2,7.1,1,2
46.9,25,1,2
40.6,31.8,1,2
41.2,29.7,1,2
41.2,40.6,1,2
35.2,5,1,1
42.4,28.1,1,2
37,8.3,0,2
39.9,36.3,1,2
37.6,14.8,0,0
40,30,0,1
36.7,40.1,1,2
36.9,6,1,2
42.3,8.7,0,1
39.7,11.5,0,1
33.1,38.9,1,1
36.8,5,1,1
34.6,13,1,2
32.4,22.4,0,1
36.6,22.9,1,1
42.7,17.7,0,1
35.7,19.3,1,2
40.9,5,0,1
35.9,26.3,1,2
34.9,31.4,0,2
34.5,34.5,1,1
36.4,24.5,0,2
40.2,20,0,2
37,13.1,1,1
39.7,5,0,2
40.6,5,0,1
41.6,35.7,0,2
38.7,26,1,1
31.5,28.8,0,2
37,30.6,1,2
40.4,28,1,1
28.7,24.1,0,1
39.8,35.1,0,0
36.4,35.2,1,1
35.9,10.7,1,2
44.5,21.2,1,2
35.8,35.7,1,1
37.8,22.7,1,2
41,6.1,1,2
35.2,28.9,1,2
38.6,16.2,1,1
37.9,28,0,1
40.5,20.1,0,2
38.3,25.8,1,2
40.9,6.5,0,2
30.3,22.7,0,2
33.6,27.3,1,1
36.1,9.4,1,2
38.7,12,1,1
45.6,6,1,1
33.8,20.6,0,2
37.3,15.5,1,1
39.8,8.5,1,1
41.5,12.7,1,1
33.1,5,1,1
37.6,42.2,1,2
45.3,36,0,1
37.1,5,1,2
40.8,10.5,1,1
33.9,42.4,1,2
38.3,36.4,0,2
38.7,33.3,1,1
43.8,10.1,0,2
33.2,20.9,0,2
43.4,28.8,1,1
42.4,16.3,1,2
40.5,20.4,1,2
37,25.8,1,2
39.8,28.8,0,2
36.2,14.8,1,1
32.2,21.4,1,0
31.4,24.5,1,2
39,16.3,1,1
40.5,6.8,1,2
42.4,5,0,1
38.9,29.5,0,1
42.9,10.7,0,2
27.9,5,0,2
33.6,5,0,1
37.3,14.9,1,1
35.5,21.6,0,2
37.3,9.9,1,1
32.7,20.5,0,1
37.1,11.9,1,2
35.3,23.7,0,0
42.8,24.6,0,2
40.2,25.9,1,2
41.4,18.6,1,2
30.5,12.1,0,1
33.1,9.8,1,2
37.2,22.2,0,1
39.8,17.5,1,1
44.3,27.6,0,2
30.3,27.9,1,2
36.2,10.7,1,1
35,18.5,1,2
37,11.7,0,1
43.6,5,1,1
34.8,5,1,2
37.9,5,1,2
34.8,5,1,2
42.2,33.7,0,1
45.3,7.4,1,2
36.9,20.8,1,1
41.5,28.1,1,2
40.5,35.6,1,2
38.1,28,1,1
34.7,5,0,1
42.7,13.2,1,2
34.5,15.4,1,2
40,33.5,0,1
44,33.2,0,2
39.1,14.4,0,2
38.4,26.6,1,1
42.5,11.7,1,2
43,25.7,1,1
37.2,5,1,2
38.7,19,1,0
39.3,15.6,0,2
37.4,21.2,0,1
43.9,28.5,1,0
35.3,18.4,1,2
44.4,30.2,0,1
33.3,33.7,1,2
48.6,22.4,1,2
37.7,31.7,0,2
44.1,12.3,1,2
49.2,23.8,0,1
43.4,17.8,0,2
32.5,37.5,1,1
43.9,18.8,0,2
35.6,22.6,1,2
47.1,36.4,1,2
35.1,6.1,0,2
31.7,16.5,1,2
39.1,16.2,1,2
45.2,17.8,1,1
36.1,5,1,2
45,23.4,1,1
41.5,11.7,1,1
41.4,15.9,0,1
38.8,32.4,0,2
44.6,24.2,1,2
38.8,30.1,0,2
34.4,17.1,0,2
33.9,28.7,0,2
38.9,8,1,2
40.4,23.6,1,2
36.1,34.2,0,1
34.8,16.2,0,1
39.4,10.3,0,1
40.3,41.9,1,2
45.8,31.8,0,2
36.4,5,1,2
40.1,41.9,1,2
36.2,22,1,2
42.3,44.9,0,1
42.1,8.5,1,1
37.6,13,1,0
38.5,10.5,0,2
43.8,26.8,0,2
31.4,33.6,0,2
40.8,11,1,2
35.2,18.4,1,2
37.7,18,1,1
37,42.8,1,1
31.4,5,0,1
30.7,21.3,0,2
39.4,20.2,1,2
37.6,22.5,0,2
44.2,21.8,1,1
42.9,23.5,0,2
39.2,23,0,2
39.9,26.2,0,2
41.3,31.1,1,2
48.1,36.8,0,2
35.3,25.1,0,1
48.4,23.9,1,2
40.8,34.8,1,2
36,37.7,1,2
46.3,6.1,1,2
50.5,14.3,1,2
34.6,13,0,1
40.1,20.9,0,1
35.3,26.1,0,2
44.7,5,1,0
33.3,31.3,1,2
46.4,14.9,1,2
44.5,23.7,0,1
41,26.8,1,2
29.6,9.1,0,1
40.8,5.2,1,1
39.2,9,1,1
41,19.4,0,2
43.9,9.3,0,1
39.6,23.6,1,2
42.6,32.1,1,2
40.5,18.5,1,2
40.9,10.1,1,2
40.5,17.7,0,1
51,41.8,1,1
39.8,22,0,1
35.5,29.5,1,2
37.8,21.7,0,1
38.5,22.8,0,1
31.6,14.6,0,0
43.2,7.3,1,1
40.8,7.4,0,2
40.6,16,1,1
42.6,23.6,0,1
41.9,27.1,1,2
37.4,18.6,1,2
46.2,26.4,1,2
50.5,31.6,1,2
41,22.7,0,2
37.5,42.8,1,2
43.3,12.8,1,2
43.1,19.4,0,2
40.8,8.2,0,2
35.5,10.5,1,1
36.6,25.4,0,2
43.6,20.4,0,1
37.9,5,0,1
32.2,25.7,1,2
39.4,33.7,1,2
38.3,24.4,1,2
41.1,33.8,1,2
39.2,29.3,1,2
45.6,19.5,0,2
47.2,58.3,1,1
43.7,5,0,1
37.5,15.4,0,2
37.5,26.4,1,1
40.2,45.1,0,2
33.9,31.7,1,2
40.3,16.3,1,2
39.6,17.2,1,2
46.3,19.6,0,1
41.3,32.4,0,2
39.6,22.2,0,2
46.5,23.5,0,2
40.6,5.6,1,1
42.5,16.5,1,2
35.9,27.8,0,2
43.1,21,1,2
30.4,20.5,0,2
39,25.1,0,2
40.7,22.9,1,2
34.3,16.1,1,1
37.8,30.2,1,1
36.7,14.6,1,2
43,42.6,1,1
49.9,43.1,1,1
40.6,12.6,1,2
38.5,31.9,1,2
38.2,20.5,1,1
41.5,5,0,2
43,20.5,0,2
40.5,6.7,0,0
39.6,31.3,0,1
41.3,15.4,0,1
48.1,19.1,1,2
38.1,5,1,1
39.6,18.8,0,2
36.2,14.5,0,1
41,33.3,1,2
38.9,10.2,1,2
38.4,29.6,1,2
44,15.8,1,2
40.3,17.4,1,2
37.8,37.9,0,1
39.7,31.1,1,2
42.4,5.4,0,2
44.9,27.6,0,0
43,8.2,0,0
37.9,23,0,2
38.9,23.2,0,1
37.7,26.5,1,2
34.7,5,0,2
41.7,20.7,0,2
37.8,9.1,0,2
37.1,27.3,0,1
43.7,8,1,1
47.5,5,1,2
39.9,44.1,0,2
44.4,34.3,0,1
41.6,9.3,0,2
41.6,5,1,2
40.6,7.5,0,1
39.1,25.7,0,2
42.7,32.5,0,2
42.7,23.4,0,1
43.2,35.6,0,1
40.6,31,1,1
39.4,15.4,1,2
38.7,18.6,0,2
39.9,10.7,0,1
46.5,5.2,1,2
43.4,29,0,2
34,26.2,1,1
35.5,18.4,1,2
39.9,5,0,2
46.9,16.2,1,1
46.7,22.2,1,2
44.2,5,1,2
34.4,11.1,0,2
42.1,20,1,1
41,19.2,0,2
40.3,40.4,1,2
38.5,33.2,0,1
36.2,5,0,0
41.2,11,1,1
33.2,25.1,1,2
39.6,32.6,1,2
36.3,34.5,0,1
42.6,27.8,0,2
46,30,1,1
46.4,26.6,1,2
45.5,7.9,0,1
48.2,21,0,2
43.6,26,0,0
36.9,5.3,0,1
34.3,7.5,1,2
46.5,31.7,0,2
42.3,5,0,1
41.4,32.4,1,0
45.7,20.9,0,2
44.5,10.6,0,2
48.4,11.2,1,1
43.3,18.8,1,1
40.2,11.7,1,2
43.5,13.6,1,1
37.9,36.6,1,2
42.8,5,0,2
38.8,42.3,1,2
44.9,14.1,0,1
41.9,26.9,0,1
47.1,6.5,1,1
46.6,19.1,0,2
39.6,9.1,1,1
45.6,11.6,0,2
43.1,25.4,0,2
40.4,9.4,0,1
38.7,12.3,1,2
40,33.8,1,2
38.6,44.6,0,2
42.5,17.3,0,0
44.9,13.8,0,2
41.5,5.8,1,2
33.5,17,1,1
40.3,5,1,1
37.2,39.3,1,2
39.2,11.8,1,2
35.8,27.8,1,1
37.3,10.1,1,1
48.4,12.6,0,2
44.2,13,0,1
39.2,43.8,1,2
39.7,13,1,2
41,5,0,1
41.4,10.6,1,2
41.2,26.2,1,1
33.1,36.8,1,2
32.6,36.7,1,2
33.2,71.2,1,2
31.3,29.9,1,2
31.5,42.1,1,2
34.6,28.3,0,1
37.8,48.8,1,1
35.7,44.2,0,0
33.5,37,1,1
38.7,70.3,1,1
32.8,16.8,0,2
31.3,18.9,0,0
29.5,42.6,0,2
27.2,31.6,1,1
33.3,25.4,0,2
36.3,29,0,2
39,12.4,1,1
37.9,58.1,1,1
26,52,1,2
35.5,36.1,1,1
36.5,34.3,1,1
26.6,37.2,0,2
29.2,45.9,1,2
30,40.7,1,1
35,19.5,0,2
34.8,29.1,1,2
42.3,30.5,1,1
33.4,52.2,1,1
37.4,51.8,0,2
32.2,21.4,0,1
30,36.9,0,1
32.9,27.5,1,2
40.6,53.6,1,1
37.8,43.5,1,2
37.9,49.7,1,2
32.2,29.7,1,1
29.1,43,1,2
31.3,27.2,1,2
33.1,35.7,1,2
31.9,25,1,1
38.8,44.5,1,2
31.1,42.3,1,2
38.2,34.4,1,2
36.2,49.6,1,2
33,39.6,0,2
32.1,35.9,1,1
34,20,1,1
32.2,40,1,2
36.9,47.9,1,1
36,45.4,1,2
30.7,33.3,1,2
36,16.2,1,0
38.5,36.4,1,2
31.4,31.9,0,2
33.8,33.1,1,2
37.1,27.3,1,2
34.5,41.2,1,2
35.1,60.8,1,2
30,18.9,0,1
29,34.4,1,2
34.3,34.4,0,2
36.3,27,1,2
29.4,21.3,1,2
40.7,30.3,1,2
38.1,48.8,1,2
28.9,26.7,0,2
34.8,24.2,1,2
38.2,20,0,1
35.6,41.1,1,2
34.8,29.2,0,1
31.8,32.9,1,2
31.6,47.2,1,2
32.5,49,1,1
36.7,36.3,1,1
36.7,29.8,0,0
29.3,47.8,1,1
35.9,38.5,0,2
25.7,35.4,1,2
35.2,37.3,0,0
31.4,41.1,1,1
33.8,17.6,0,1
34.8,62,1,2
34.5,37.6,0,1
35.8,41,1,1
33.1,48.7,1,1
30.1,35.7,1,0
37.2,28.4,1,1
35.8,35.4,0,2
37.4,43.8,1,2
28.7,63.6,0,2
36.7,38.5,1,0
33.8,42.8,1,2
33,33.7,1,2
31.1,31.4,0,2
32.7,32.3,0,2
30.9,33.4,1,1
30.1,41.6,1,2
33.8,32.3,0,2
30.1,40.8,0,2
31.7,47.1,1,0
38.6,25.6,1,2
29.1,19.3,0,2
34.6,37.8,1,1
29.8,34,0,1
32.6,38,1,2
30.1,34.2,0,2
36.2,30.5,0,1
33.4,36.1,1,1
29.2,34.1,1,2
32.5,7.3,0,2
34.8,32.8,0,1
29.7,19.6,0,0
33.4,46.4,1,1
32,42,1,2
26.3,44.7,1,1
33.6,19.5,1,2
28.5,44.3,1,2
38.8,38.4,1,2
32.2,30,0,2
30,46.5,1,2
36.3,27.3,0,1
31.4,24.4,0,1
37.2,59.8,1,1
39,28.8,0,2
36.6,33.5,1,1
31.8,46.5,1,1
30.4,24.6,1,2
37.6,59.4,1,1
40.4,48.5,1,1
31.2,39.7,0,1
31.4,26.5,1,2
29.9,21.3,0,1
34.7,28.3,1,2
32.2,28.4,1,2
31.1,21.7,1,2
34.7,32.6,0,2
38.7,27.9,1,1
32,32,1,1
34.1,29.2,1,2
36,25.5,0,0
36.3,34,1,2
35.7,38.9,0,2
30.4,60.2,1,2
32.3,40.5,1,2
39.2,23.2,0,1
30.2,43.4,1,1
34.1,29.5,0,1
28.3,51.8,0,2
30.1,35.8,1,2
31.7,36.3,1,1
25.8,48.6,0,1
41.1,56,1,2
34.8,55.4,0,2
32.7,25,1,2
33.8,42.8,0,1
34.6,26.1,1,2
33.7,25.2,0,1
40.2,36.3,0,1
29.3,27.9,0,1
41.5,55,1,2
32,66.9,1,1
40.5,37.2,0,1
35.9,30.7,1,2
35.1,54.2,1,2
38.1,60.4,1,2
44.4,36.1,1,2
34,48.2,0,1
32.8,24.8,0,2
37.6,42.5,0,1
36.5,40.1,0,2
37.1,26.6,0,2
36.2,52.8,1,1
34.9,32,1,0
33.7,45.4,1,1
31.4,31.9,0,1
34,22.4,1,2
25.4,54.5,1,2
35.7,33.9,0,2
32.7,43.4,1,1
38.5,62.8,0,0
38.7,40.9,1,2
33.2,42.1,0,2
27,29.7,0,2
38.5,17.2,1,2
31.6,35.9,0,1
32.9,25,0,2
34.7,55.9,1,1
33.8,5,1,2
35.7,18.6,0,2
40.7,29.9,0,2
35.2,24,0,2
39.7,25.2,1,1
29.3,27.9,0,1
31.4,40.7,0,2
31.7,52.7,0,2
37.8,38.2,1,1
32.2,8,0,1
42.2,39.2,0,1
33,47.5,1,1
34.2,31.4,1,0
42.4,30.9,1,1
36.7,38,1,1
31.1,32.2,1,1
34,25.4,0,2
34.5,24.5,1,1
23.1,57.8,1,0
31.1,21.1,1,2
35.4,35.4,0,2
28.7,37.9,0,2
35.4,23.5,0,1
33.7,5,1,1
38.9,37,0,2
35.9,31.8,1,2
32.9,22,0,1
39.8,30.3,1,2
33.9,26.8,1,2
33.7,28.2,0,1
32.8,30.7,1,1
32.5,40,1,1
29.7,50.1,1,2
30.7,53.2,1,2
33.6,18.9,0,1
33,16.9,0,1
32.2,15.4,1,0
30.9,33.2,1,1
29.7,25.5,1,1
30.6,34.9,1,1
30.3,22.6,0,2
33.9,40.7,1,2
32,37.6,0,2
36.3,42.2,1,1
37.1,49.7,0,1
29.7,19.3,1,2
25,45.8,1,1
25.6,33.4,1,1
28.9,32.1,0,2
31,28.3,0,1
29.5,42.9,0,1
35.2,24.3,1,1
33.6,12.6,1,2
33.4,8.4,0,2
36.7,38,0,1
39.9,20.2,0,1
27,38.3,0,1
25.2,30.3,1,2
33.5,52.7,0,2
35.2,50.1,0,2
30.7,47.4,0,2
26.3,23.6,0,2
32.2,37.4,1,2
31.9,58.8,1,2
27.1,25,1,1
26.8,25.4,0,1
35.7,42,1,1
41.2,21.1,1,2
30.3,45,1,2
31.4,37,0,2
36.2,39.2,1,1
35.5,57.5,0,0
39.6,19.1,1,2
35.2,20.7,0,2
42.7,17.1,0,2
36.5,35.6,1,2
31.6,36.8,1,0
40.8,50,1,1
36.2,45.9,1,0
33.8,36.6,1,1
37.5,37.9,1,1
30.7,18.7,1,2
35.7,36.3,1,2
33.5,26.4,0,1
33.8,43.8,0,1
28.5,41.3,1,1
31.6,52.3,1,1
30.9,46.6,1,2
27.2,33.9,0,2
34.3,41,1,1
33.8,43.9,1,1
33,39,0,2
28.9,34.9,0,1
33.4,20.5,1,1
33.4,18.6,1,1
37.8,20.1,0,1
36.6,50.1,1,1
35.6,19.7,0,1
39.2,41.8,0,2
36.4,28.6,1,2
27,33.2,0,1
36.9,40.6,0,2
31.3,45.9,1,0
31.6,37.8,0,2
32.8,26.4,1,0
41.5,52.7,1,2
37.2,34.5,0,2
31.3,28.3,0,1
30.8,26.4,1,1
32.5,39.9,1,1
34.2,46.5,1,1
33.3,26.1,0,0
34.4,40.6,1,0
32.5,38.7,0,1
30.9,33.9,1,2
30.2,24.4,0,2
36.8,36.7,1,1
42.3,32.7,1,2
38.7,37.2,1,2
39.3,37.7,0,2
33.2,25.9,1,1
37.9,14.2,0,2
32.9,19.2,1,1
40.3,58.9,0,1
29.1,40.6,0,2
27.1,29,0,2
35.1,22.4,1,1
33.7,30.1,0,1
32.9,33.4,0,2
38,51.4,1,1
34.9,33.9,0,1
40.1,45.8,1,1
28.4,30.5,1,0
36.3,24.8,0,2
29.4,38.1,1,1
33.4,24.7,1,1
32.2,36.1,1,1
33.2,13.3,1,2
31.7,50.9,1,2
38.1,16.9,0,2
29.9,22.9,1,2
34.5,48.5,0,1
34.5,42.1,1,1
37.5,28.9,0,1
24.5,29.9,0,2
32.2,36.1,1,1
34.7,33.2,0,2
35.2,50.9,1,1
31.2,28.9,0,2
28.7,45.2,1,2
39.7,33.3,0,2
33.7,29.4,1,1
29,62.1,0,2
32.1,45,0,2
36.4,36.4,0,2
34.2,17.7,1,1
22.8,31.4,0,2
30.7,5,0,1
31.8,59.5,0,2
35.9,30.1,1,2
24,39.9,1,1
34.8,42.1,0,1
37,17.1,1,0
31.1,23.1,0,1
35.6,41.6,1,2
34.1,37.8,0,1
33.7,41,1,2
26,49.6,0,1
30.3,27.6,1,2
39.6,58.5,1,2
29.2,29.6,1,2
31,37.4,0,2
33,36.7,0,0
29.6,40.6,1,1
35.6,26.3,1,1
38,42.3,1,1
39.1,29.3,1,2
38,29.6,0,1
40.7,24.4,1,1
37,27.8,0,1
38.7,21.5,1,1
31.5,57.9,1,2
35.4,37.7,0,2
38.6,49.6,1,2
36.7,36.4,1,1
42.7,43.1,1,1
33.3,30.9,0,2
39,27,0,1
35.1,33.1,1,2
35.6,39.6,1,2
37.2,42.8,1,2
35.5,16,1,2
38.2,35.1,1,2
39.1,49.1,1,2
37.8,31,1,2
39.3,57.8,1,2
34.4,37.7,0,2
38.8,41.7,1,2
34.1,47.6,1,2
37.4,23.4,0,1
42.2,23.2,1,2
44.6,18.2,0,2
36.5,30.7,1,2
35.8,22.4,1,1
45.9,34.7,0,1
34.3,47.5,1,2
38.5,40.3,1,2
36.5,43.6,1,2
32.7,42.9,0,1
38.2,36.7,0,2
26.1,37.1,0,2
39.3,12.3,0,2
47.8,30.8,1,1
33,32.9,0,2
37,47,1,2
33,42.2,1,2
36.5,30,1,1
23.7,40.4,1,2
35.6,29,0,1
40,38.3,1,1
37.2,28.5,1,1
35.7,40.7,1,2
28.4,70.6,1,0
36.2,21.7,0,2
39.2,36.6,0,2
32.9,42.3,1,2
26.4,22.1,0,1
40,63.1,1,1
38.5,49,1,1
38.7,35.8,1,0
33.3,61.2,1,0
31.3,49.5,1,1
37.7,22.9,1,1
36.6,44,1,2
34.8,27.5,1,0
35.9,13.1,0,1
41.4,15,0,2
39.6,41.3,0,1
36.9,26,1,1
34.7,33.2,0,2
37,48.3,0,2
25.4,40.3,1,2
39.6,48.6,0,2
34.5,25.2,0,1
34,40.7,1,1
37.6,37.2,1,2
39.8,28.5,0,2
37,47.9,1,2
34,31.3,1,1
30.7,57.5,1,2
39.5,19.9,1,1
30.2,27.7,1,1
37.1,44.8,1,2
43.6,20.5,1,1
35.4,53.2,1,2
36.6,56.7,0,1
33.3,21.1,0,2
32.8,44.9,1,2
37.1,36.3,1,2
35.5,30.1,1,1
40.7,33.8,1,0
37.7,30.7,1,2
32.6,29,0,1
34.9,31.4,1,1
41.5,38.5,0,1
33.4,23.4,0,2
33.2,35.1,0,2
39.7,27.1,0,1
41.6,19.1,0,2
31.3,35.1,1,2
38.9,36.4,1,1
39.7,23.6,0,2
36.4,48.2,1,2
37.6,52.8,1,1
38.6,14.4,1,2
37.3,31.4,1,2
40.3,51.8,0,1
35,25.4,0,2
41.3,36.4,1,2
30.5,31.8,0,1
42.3,37.1,1,2
37.5,45.1,1,2
33.6,49.4,0,2
36.7,33.9,0,2
30.6,39.2,0,2
41.6,24.6,1,2
31.9,33.4,0,2
36.3,40.1,1,2
38.4,24.4,0,2
38.3,32.2,0,2
33.8,23.3,1,2
38.8,43.6,1,0
35.3,25.6,1,2
36.1,44.6,1,2
33.3,41.7,1,2
41.9,32.5,1,2
36.5,29.5,1,1
40.6,17.1,0,2
41,41.5,1,2
31.4,32.2,0,1
41.8,41.8,1,2
36.9,37.4,0,2
37.5,51.3,1,2
36.6,44.3,1,2
40.7,21.7,1,1
37.4,37.9,1,2
37.5,26.3,1,1
28.9,27.9,1,1
32.3,11.9,0,1
42.2,46.6,1,2
30.7,41.2,0,1
28.6,41.8,1,2
38.9,51.2,1,1
31,43.7,1,1
41.5,45,1,2
31.2,13.9,0,0
42.3,23.4,0,1
38.2,42,0,0
38.7,21.2,0,2
35.2,39.5,1,2
31.3,23.4,1,2
36,26.3,1,1
36.3,20.9,1,2
32.4,39.8,0,1
34.7,23.5,1,1
25.7,35.8,1,2
40.9,42.4,0,1
31.9,21.6,1,1
35.9,31.7,1,2
33.4,50.6,1,2
38.6,28.8,0,1
40.8,45.7,1,2
35.1,30.4,1,1
37.3,54.8,0,2
34.9,35.3,0,2
33.2,39.8,0,2
42,30.9,1,0
36.6,47.4,1,1
39.7,55.4,1,1
34.3,33,1,1
36,40.6,0,2
39.1,29,0,2
36.8,30.2,1,2
37,44.6,0,1
29.2,39.2,1,2
45.7,47,0,2
37.5,23.1,1,0
40.2,29.9,0,1
29.2,20.5,0,2
41.5,50.6,1,1
43.3,31.1,0,2
30.8,39.9,0,1
30.5,19,0,2
35.7,22.8,1,1
31.1,37.6,0,2
41.5,49.3,1,2
31.8,26.9,1,2
37,26.2,0,2
36.1,49,0,2
35.5,33.7,1,2
31.8,36.8,0,2
34,11.2,1,1
37.3,42.9,1,1
40.6,30.7,1,0
35.6,29.9,1,2
36.4,22.1,1,2
38,29.9,1,1
41.2,38.6,1,1
34.8,21.2,0,1
35.1,39.1,0,2
31.8,51.7,1,2
28.4,40.4,1,2
32.3,40.7,1,1
31.1,31.6,1,1
38.8,43.4,1,1
41.3,32.9,1,1
37.7,39.4,1,1
39.9,26.1,1,1
37.9,13,0,2
26.9,38.1,1,1
44.3,42.2,0,2
40.1,38.8,1,2
30.8,45.2,1,1
36.8,9.8,0,2
40.1,29.5,1,1
38.9,45.9,0,1
39.4,17.4,0,2
37.1,44.2,1,2
32.7,45.7,0,2
26.4,37.8,1,1
33.6,32.4,1,1
36.1,33.6,0,2
38.9,24.9,1,0
34.7,35.6,0,2
38.8,5,1,2
35.6,41,1,2
34.2,41.9,1,2
31.3,7.9,1,0
39.4,27.3,1,1
33.6,61.2,0,2
41.1,38.1,0,2
44.5,53.8,1,2
38.8,30.8,0,1
33,12.8,0,2
40.2,34.2,1,2
38,39.5,1,2
40.2,37.6,1,2
30.9,43,1,2
36,36.1,1,1
31.9,36.2,0,1
35.3,17.1,1,2
34.7,22.9,0,0
35.2,23.2,1,2
42.5,38.2,1,1
30.5,30,0,2
30.3,31.5,1,2
43,38,1,1
38.3,33.9,1,2
35.2,40.6,1,2
39.6,51.7,1,1
40.4,34.1,1,2
33.8,16.2,1,1
36.4,37.3,0,2
42,27.2,0,2
35.6,51.3,1,2
35.8,42.3,1,2
36.1,27.3,0,2
34.5,36.5,1,2
42.6,49,1,2
39,61.1,1,2
32,25.4,0,1
39.8,60,1,2
39.2,27.7,1,1
36.8,35.7,0,2
25.6,30.3,1,2
39.4,27.8,0,2
40.8,34.5,1,2
34.6,31,0,1
29.5,17.4,1,2
41.1,35,1,1
38.7,46,1,2
35.4,41.5,1,2
34.1,37.8,1,1
36.2,59.4,1,2
37.7,27.5,1,2
41.9,25.1,1,1
39.3,55.3,1,2
43.8,41.1,0,2
30.7,33.9,1,2
47.3,30.2,1,2
35.6,20.8,1,1
33.9,41.2,1,2
35.5,23.2,0,0
38.4,39,1,1
27.7,32.5,0,2
39.3,44,0,1
35.6,21.3,0,1
47.9,40.9,1,2
34,30.6,0,0
35.4,35.8,0,2
33.6,34.3,0,2
26.4,37.7,1,2
41.9,15.5,1,1
38.2,53.3,1,1
40.2,24.7,0,2
36.2,35.1,0,2
32.6,22.1,0,2
33,34.6,0,2
35.5,32.3,0,2
32.1,36.3,0,2
33.5,46.7,1,1
43.1,18.4,1,2
35.6,27.3,1,1
34.7,34.5,1,1
38.2,31.4,1,0
40.4,12.6,1,1
35.1,51.5,1,2
38.5,28.7,0,1
40.4,32.9,1,2
24.1,37.6,0,2
33,32.6,1,2
31.1,44.2,1,1
34.5,46.1,0,2
38.2,47,1,2
37.6,30.6,0,2
33.8,15.2,1,2
37.6,51.9,1,1
36.1,46.4,1,2
31,18.7,0,1
38.1,12.3,1,2
31.6,49,1,1
33.7,22.5,0,2
42.6,33.3,0,0
31.3,30.7,1,1
42.2,33.1,1,1
39.5,48.9,1,2
37.6,30.4,0,2
30,29.1,1,0
39.9,13,1,0
33.9,37.5,1,1
33.2,26.8,0,2
39,50.2,0,1
42,21.1,1,2
28.9,35.9,1,2
37.4,45.1,0,2
34.2,45.5,1,1
45.2,17.3,1,2
37.2,16.9,1,2
37.1,46.2,1,0
40.1,22.1,1,2
35,38,1,2
39.7,33.2,0,2
32.6,18.5,1,2
40,33.7,1,1
37,35.1,1,2
39.2,43.7,0,2
35.1,22.6,1,1
33.6,37.8,0,2
36.8,26,0,0
31.1,51,1,2
32.6,45.2,1,1
38.7,29.1,1,1
50.1,40,1,1
39.2,31.1,1,1
42.1,44.1,1,1
40.2,42.8,1,0
28.1,38.4,1,1
42.5,42.7,1,2
39.8,30.3,1,1
37.8,52.6,1,2
39.3,26.7,0,1
35,11.4,1,2
33.4,50,1,2
35.3,40.8,1,2
35.3,31.5,0,1
37.7,65.5,0,2
32.2,44.3,1,0
37.6,45.8,1,1
38.7,33.7,0,2
35,37.7,0,1
41.9,46.3,1,0
31.8,52.8,1,1
34.1,28.2,0,2
40.8,34.4,1,1
38.6,31.3,1,1
36,23.5,1,2
38.3,42.7,0,1
36.9,43.1,1,2
40.1,31.9,0,2
38.6,36.5,0,1
43.5,35.7,1,1
41.9,52.1,1,2
37.4,43,1,2
37.8,33.9,0,1
38,50.4,1,2
42.5,54.8,0,2
39.7,16.9,1,2
37.5,45.6,0,1
38,8.6,0,2
40.3,21.7,0,1
39.3,33.3,0,1
39.6,32.9,1,1
44.1,38.9,1,1
44.2,41.6,1,2
40.4,27,0,2
39.4,45.9,0,0
35,33.4,1,0
33.6,24.1,0,1
32.7,34.5,1,1
38.6,31.9,0,1
41.8,18.1,1,1
36.8,26.4,0,0
37.7,30.8,0,2
36.9,10.8,0,2
42.6,42,1,2
33.3,43.9,1,2
35.7,39.7,1,2
37.6,33.1,1,1
34.9,24.9,0,2
45.8,52.5,1,2
35.6,38.7,1,2
42.7,5,0,1
43.6,21.4,0,2
40.8,48.5,1,2
40.9,24.9,0,1
36.7,41.4,0,0
34.5,29.8,1,2
32.6,17.3,1,2
39.5,37.5,0,1
36.1,26.3,0,0
39.5,41.6,1,1
40.1,30.9,1,2
33,51.7,1,2
35.3,31.7,1,0
35,38.8,1,1
37.4,25.3,1,2
38.7,22.2,1,2
34.3,46.1,0,2
34,39.1,0,1
44.3,38,0,1
34.7,40.5,0,2
41.1,46.8,1,1
38.3,64.3,1,0
31.4,20.4,1,1
33.9,26.2,1,1
37.9,50.7,0,2
37.4,37.5,0,1
33.5,30,0,2
42.6,36.9,1,1
32.3,35.3,1,2
42.1,43.6,1,1
31.2,37.8,1,1
48.3,56.2,0,0
43.4,21,1,2
41.8,9.8,1,2
36.8,40,0,2
38.3,29.3,0,1
34.8,40.5,0,2
42.7,48.7,1,2
36.7,27.8,0,2
38.2,47.3,1,1
36.4,70.3,1,2
34.5,38.3,0,2
44,28.2,1,2
38.5,33.6,1,1
32.7,39.2,0,2
47.7,42.3,1,2
36.6,25.3,0,1
40.2,41.2,1,1
38.1,22.7,0,2
36.4,16.4,1,2
38.2,31.5,0,2
36.3,41.5,1,2
32.9,27.7,0,1
37.4,5,1,2
34.8,36.8,0,1
33.4,54.5,1,1
36.7,15.5,1,1
38.8,43.1,1,2
42,24.8,0,1
40.4,30.4,0,2
37.9,44,1,1
27.7,35.7,0,2
33.5,21.8,1,1
34.9,33.4,0,1
43.2,37.2,1,2
43.7,35.9,0,2
40.3,20.1,1,1
40.6,42.5,1,1
45.5,50,0,2
37.8,42.7,1,2
41.6,23,0,2
40.1,36.6,0,1
41.6,28.7,1,0
41.5,36.1,0,2
36.2,33.5,1,1
31.5,13.6,0,2
41.6,25.9,1,1
38,48.3,1,1
39.4,59.7,1,1
38.8,37.7,1,0
41.3,33.2,1,0
35.9,32.8,1,1
42.2,31.8,1,2
35.6,45.8,1,2
32.9,39.6,1,1
36.3,38.6,0,1
37.7,40.3,1,1
36,42.4,1,2
36.9,37.8,1,1
45.8,35.3,1,2
35.4,36.2,1,0
39.7,31.6,1,2
30.2,40.9,0,0
44.9,37.7,0,1
39.9,49.9,1,1
40.2,40.1,1,2
44,38.8,1,2
39.4,21,0,2
40.9,42.7,1,2
35.3,27.2,0,1
38.9,60.5,0,1
33.4,40.8,1,1
39.5,22,0,2
40.9,30.9,0,1
33.3,31.7,1,2
36.8,39.3,1,1
33.9,45,0,1
38.1,37.3,1,2
40.8,54.8,1,1
26.5,41.6,0,1
35.2,30.8,1,2
39.7,42.3,0,2
37.4,27.3,0,1
33.9,49.3,0,2
43.7,66.3,1,2
46.6,40.5,0,2
39.8,31.3,1,2
38.3,42.2,1,1
38.5,48.1,1,2
40.4,47,1,1
37.7,40.8,1,1
34,43.7,1,2
34.2,44.3,1,2
41.2,32.2,0,1
40.5,39.7,1,1
36.4,41.6,1,1
39.8,22.9,0,2
36.2,23.2,0,2
36.5,55.4,1,2
37.4,40.3,1,1
40,51.4,0,2
36.9,27,1,2
40.7,31.9,1,1
31.7,49.5,1,0
42.9,31.9,1,2
34.5,43.8,1,2
37.4,33.8,1,2
40.6,35.6,1,2
32.5,18.5,1,2
34.7,26.5,1,2
40.1,29.8,1,2
33.7,24.9,0,1
37.2,34.2,1,1
34.7,24.8,0,2
43.6,39.2,1,1
38.9,49.4,1,1
34.2,40,1,2
35.9,38.8,1,1
46.8,29.3,1,0
37.6,23,0,2
41.7,47.3,1,1
39.2,35.6,1,1
37.7,21,1,1
37.9,43.3,1,2
39.1,20,0,0
29.7,43.4,0,2
35.1,20.4,1,2
37.9,33.5,1,2
33.7,28.1,0,1
41,30.7,1,1
40.4,51.4,0,1
37,29.3,1,2
38.8,35.6,0,1
32.2,52.6,1,2
28.8,35.2,0,2
33,27.8,1,2
41.4,30.9,0,1
35.1,23.4,0,1
35.9,33.4,0,2
36,32.9,1,1
37.7,44.2,1,2
40.5,36.8,0,2
40.6,29.1,1,2
40.1,37.3,0,1
48.3,11.2,1,2
32.7,27.9,1,1
34.6,21.2,1,1
41.1,47.1,1,1
36.9,48.4,1,2
34,33.1,1,1
34.8,45,1,2
32,36.5,0,1
33,29.5,1,1
39,29.9,0,1
47.4,17.5,0,2
36.6,56.6,0,2
41.8,28.1,0,2
36.5,28.2,1,2
32.8,33.8,0,1
42.2,23.4,0,1
39.3,23.6,0,0
37.7,44.9,1,2
40,46.2,1,2
32.1,28.1,0,2
32.3,29,0,2
30.3,38.4,0,1
37.6,22.8,1,1
35.6,44.8,1,2
43.9,48.8,1,1
38.1,43.6,1,1
34.5,62.6,1,2
35.9,31.9,0,2
42.2,17.3,1,2
39,19.7,1,2
46.7,24.8,0,2
43.6,33.7,0,1
38.9,37.5,1,2
36.6,42.5,1,0
37.7,39,0,1
40.5,37,0,1
40.6,28,0,0
46.8,20.5,0,1
36.5,50.1,0,2
37.1,43.7,1,2
40.8,24.4,1,1
38.9,9.6,0,2
36.3,42.1,1,1
42.1,37.6,0,2
40.7,55.2,1,2
31.3,8.8,0,2
37.2,44.7,1,2
38,34.9,1,1
30.9,26.9,1,2
40.1,28.9,0,1
40.4,29.5,0,0
35.7,58.2,0,2
34.9,40,1,2
34.3,41.5,1,1
31.1,18.8,0,1
38,34.7,1,1
36.6,17.6,0,1
40.2,23.9,0,1
36.1,49.8,1,2
36.5,38,1,1
34.8,38.9,1,1
38.1,5,1,1
43.2,44.7,1,2
39.3,41.1,0,1
38.5,33.2,0,1
34.5,36.8,0,1
35.4,19,0,1
45.6,67.4,0,1
41.8,24.3,0,2
41.6,38.3,1,2
35.5,16.1,1,1
41.4,6.4,1,1
41.4,22.9,1,2
41.2,33.3,1,2
40.2,31.2,0,2
35.9,43.9,0,2
39.8,36.6,0,2
29.9,51.3,1,2
36.3,39.7,1,2
38.7,41.9,1,1
34.3,21.8,0,2
39.6,40.3,1,0
39.5,31.6,0,1
40.9,31,0,1
38.7,50.2,1,2
45.3,26,0,2
40.9,24.9,1,0
39.6,29.5,1,1
35.2,13.3,0,1
43.3,45,0,0
42.4,33.6,1,2
43.4,30.9,0,2
33.7,35.2,1,2
39.3,26.8,1,2
34.3,46.9,1,2
37.7,54.9,1,2
37.3,54,0,2
39.2,21.5,1,1
38,54.5,0,2
37.1,53.2,1,1
34.9,5,0,1
41.8,43.5,1,1
38.9,41.7,1,2
39.3,62.3,0,1
36.3,28.7,0,2
35.3,44.9,1,1
42.7,56.6,1,1
40.6,45.2,1,2
35.1,34.5,0,2
35.7,26.1,1,1
36.3,12.9,1,2
41.5,44.4,0,1
29,35.6,0,2
41.4,20.2,0,1
40.9,54.2,1,2
33.4,30.7,1,1
40.4,44.3,0,2
45.3,21.1,0,1
39.6,28.2,1,2
47.2,52.7,1,1
33.9,47.2,1,2
30.8,16.4,1,0
35.6,47,1,2
35.4,52,1,2
40.2,28.6,1,2
39.2,29.4,1,2
37.4,38.3,1,1
35.7,18,1,2
42.5,41.3,1,1
38.4,43.6,1,2
39.2,32,0,1
39.5,36.4,1,2
39.4,59.5,1,2
38.6,40.4,1,2
33.4,23.4,1,1
40.6,39.2,0,1
43.4,44.5,1,2
38.3,45.2,1,1
39.7,24.3,0,0
38.6,32.4,0,2
43.6,29.8,1,2
43.4,37.7,0,2
38.7,13.8,1,2
37.7,38.9,1,0
34.7,40.2,1,2
40.5,54.2,1,2
36.5,44.9,1,0
40.3,28.1,0,1
39.3,51,1,0
35.2,30.9,0,2
32.4,43.7,1,1
41.9,57.3,1,1
35.2,35.5,1,2
32.9,17.1,0,2
44.7,39.2,1,2
36.7,45.1,1,0
34.1,46.7,0,1
34.1,12.6,1,1
39.1,63.7,1,2
46.3,35.5,0,0
37.8,44.9,1,2
42.2,50.7,1,1
34.9,44.1,1,2
38.3,31.6,1,1
36.6,48.5,0,1
43.4,31,0,1
38,32.6,1,2
43.7,18.6,1,0
40.7,36.6,1,2
34.7,29.8,0,2
51,32.9,1,2
39.6,29.7,1,2
42,46.4,1,1
37.4,48.2,1,2
39.8,44.5,1,2
37.8,31.3,1,2
39.6,52.9,1,2
39.6,50.9,1,2
36,5,0,1
30,31.8,0,2
36.8,34.9,1,1
37,20.1,1,1
35.3,39.4,1,0
38.8,10.9,0,2
42.7,37.2,0,1
28.7,42.8,1,1
39.1,27.5,1,1
47.5,19.3,1,1
41.9,32.8,1,2
41.1,21.1,1,2
37.5,29.7,0,1
31.9,5,0,1
31.3,37.5,0,2
28.3,41.3,1,2
29.7,38.7,1,2
38.3,36.5,0,2
37.6,28.5,1,0
35.1,26.1,1,1
44.6,35.6,0,2
41.9,46.2,0,2
44.5,33.8,0,2
43.8,39.4,1,2
38.8,30.5,1,2
44.5,25.1,1,2
31.9,37.3,1,1
39.3,33,1,1
42.7,45.8,1,1
38.8,26.3,0,0
38.9,56.8,1,0
35.2,8,1,2
43.7,26.8,0,1
39.4,27.1,0,1
40.4,35.1,0,1
33.4,31.1,0,1
33.8,40.2,0,2
36.2,33.9,0,2
29.9,23.1,0,1
45.4,32.2,0,2
37.7,17.6,1,2
44.8,52,1,2
40.6,40.1,1,2
39.1,39.1,1,1
36.8,38.7,0,0
42.1,45.6,0,1
39.6,28,0,1
37.4,41.2,1,2
41.4,44.2,1,2
40.8,23.6,0,1
40.5,41.9,1,1
35.8,10.5,0,2
36.9,28,1,1
36,19.2,1,2
38.1,29.3,0,2
44.5,49.5,1,2
39.7,22.7,0,1
42.8,40.1,1,1
42.4,29.4,1,1
35.8,31.4,1,1
45.6,30.6,0,0
38.6,39.6,1,2
36.4,27.6,1,2
44.4,37,1,1
37.4,22.1,1,2
40.4,38.9,1,2
43.7,36.3,1,1
38,26.3,1,1
40.6,43.4,1,0
40.6,48,1,2
33.6,45,1,2
44,49.6,1,0
39.6,35.6,1,1
46,55.9,0,1
33.8,33.1,1,2
49,35.4,0,0
40.1,38,1,1
37.7,36.6,1,2
38.1,28.9,0,1
40.4,28,1,2
40.3,26.6,1,1
40.9,56,1,1
42.6,43.2,1,0
38.1,43.4,1,1
32.6,49.4,1,2
33.9,38.8,1,2
36.8,28.1,1,2
32.5,45,0,2
35.8,15.3,1,1
39.3,25.9,1,2
37.9,17.4,0,1
36.6,53.8,1,1
38.1,36.8,1,1
42.4,42,0,2
41.9,43,1,1
39.9,52.9,1,2
31,51.6,0,2
39.1,36.2,0,2
42.3,43.7,1,1
42.2,48.6,0,1
36.3,29.9,1,1
38,34.3,0,2
37.1,28.7,1,2
31.3,50.5,1,2
42.7,25.7,1,2
33.1,27.6,0,1
40.8,38.5,0,2
35,41.6,0,2
37.9,36.2,0,2
37.5,42.9,1,2
33.4,42.8,1,1
38.7,53.2,1,2
40.8,48.3,1,2
39.6,21.9,0,2
42,53.6,1,2
43.7,30.3,0,2
37.9,51.9,1,2
38.5,45,0,2
34.6,59.2,1,1
38.7,27.8,0,1
38.2,47.4,1,2
46.1,43.5,1,2
41.2,30.6,1,2
41.9,48.9,1,1
44.9,25.6,1,1
39.7,35.4,0,1
37.2,38.8,0,0
42.4,37.8,0,2
39.6,31.2,0,1
35.6,14.6,0,2
44.5,23,0,2
41.8,29,1,1
34.9,42.4,0,2
37.5,23.8,0,2
40.9,38.6,0,1
34,28.7,1,2
44,33.8,0,1
30.8,41.7,1,2
43.9,40.2,1,2
38.9,10,0,2
35.9,38.4,1,1
40.2,28.9,0,1
34.8,32.6,1,2
40.4,50.9,1,0
43.1,34.2,1,1
32,34.5,0,2
41.9,14.7,1,1
38.5,41.8,1,1
37.5,35.3,1,0
42.1,19,1,0
40.5,41.2,1,2
35.5,18.3,1,2
41.5,33.8,0,2
36.3,44.4,1,1
36.7,41.5,1,2
29.6,30.6,0,0
36.2,54.5,1,1
36.6,29.6,0,2
36.1,5,0,1
38.3,42.3,0,2
42.6,31.7,1,2
43.7,34.8,1,1
41.7,38.1,0,0
37.7,34.4,1,2
44.3,40.9,1,0
34.3,45.2,1,1
39.1,50.3,0,2
36.5,50.9,1,1
34.8,25.1,0,2
41.8,40.5,1,2
33.5,32.3,0,1
40.9,29.2,1,1
39.5,27.7,1,2
36,35.5,0,2
29.1,21.1,0,1
38.6,34,0,2
40.1,24.9,0,2
33.7,38.6,1,2
47.2,31.8,1,2
37.1,23.3,0,1
32.3,29,1,2
39.9,22.1,0,2
35,24.5,1,2
35.4,54.2,0,2
36.7,21,1,1
43.9,49.2,1,1
38.2,33,0,1
40.7,32.7,0,2
39.5,22.5,1,2
37.1,69.9,1,2
31.9,43.9,1,2
44.5,5,0,2
36.4,21.3,0,2
39.8,23.3,0,2
32.9,33.6,1,1
41.6,34.7,1,1
37.2,55,1,2
34.1,46,1,0
36.2,29.5,0,1
46.4,43.4,1,2
40.3,13.6,0,2
33.8,28.7,1,2
42.1,5,0,1
41.8,47.1,1,2
39.5,36.4,0,2
42.8,43,0,2
38.1,24.9,0,2
34.2,35.5,1,1
40.4,28.9,0,1
38.5,51.8,1,1
26.7,27.2,1,2
34.7,22.4,0,1
36.3,45.3,1,0
36.6,44.2,1,0
44.1,48.3,1,0
32.9,37.2,1,2
38.9,47.6,1,1
34.4,29,1,2
44.2,33.5,1,1
39.7,22.3,1,2
39.1,35.7,1,1
29.6,20.5,1,2
39,42.1,1,1
42.1,22.2,0,2
33.2,36.5,0,1
41,46.9,1,0
42.5,34.2,0,1
34.8,59.1,1,1
42.7,45.5,1,1
39.6,32.7,0,1
39.4,26.6,1,0
36.8,19.1,0,2
41.4,29.4,0,1
31.3,43.3,0,2
29.2,57.8,0,1
29.8,47.6,1,2
45.7,21,1,2
44.4,29.5,1,1
35.4,38.6,1,2
38.4,12.3,0,2
42.5,32.4,1,1
42.8,50.2,1,2
38.4,52.5,0,2
32.9,51.3,1,1
37.1,34.5,0,1
38.9,43.4,0,1
43,43.5,1,1
42.5,20.4,0,1
34.8,36,1,2
36.4,50.9,1,2
36.1,34.3,1,1
37.8,43.1,1,2
42.6,36.3,1,2
34.4,27.5,1,2
38.4,37.4,0,0
34,35.2,1,2
43.9,37.1,1,1
39.3,30.3,1,2
40.9,37.1,0,1
45.4,42.7,0,1
30,30.7,1,2
31.8,22.8,0,2
42.3,25.1,0,2
37.1,36.8,1,2
47.7,28.3,1,1
33.3,8.5,0,1
34.2,53.9,1,1
37.2,50.1,1,0
41.3,31.5,1,0
38.6,26,0,2
35.3,21.4,0,2
39.2,34.9,1,2
29.3,18.4,0,0
40.2,23.3,1,1
39.4,38.2,0,2
39.3,36.7,1,1
40.9,23.5,1,1
39.4,18.7,1,2
37.7,43.6,1,1
43.5,23.8,0,1
39.1,31.6,0,2
33,30.2,1,2
39.4,29.6,1,2
44,49.4,1,2
41.5,35.2,0,2
42,42.5,1,2
34.8,27.3,1,1
44.2,62.4,1,2
36.4,26.6,1,2
34,36.8,0,1
38.3,34.6,0,1
40.9,19.6,1,2
44.7,48,1,2
44.8,36.8,0,1
37.9,42.4,0,1
34.7,30.9,1,1
32.1,29.4,0,2
40.6,42.6,0,1
40.8,39.2,1,2
36.6,22.8,1,1
35.4,54.5,1,0
39.5,44,1,2
40,47.2,1,2
39.9,13.8,0,2
30.3,50.3,0,2
42.5,39.6,1,2
34.1,18.5,0,1
41,42,0,2
37.1,32.1,0,2
44.2,27,0,1
37.5,25.7,0,1
37.1,47.8,1,0
45.3,58.7,1,2
33.2,59.6,1,1
29.6,34.4,0,2
41.5,28.4,0,2
39.2,6.6,1,1
41.1,25.9,1,2
40.8,27.7,0,1
37.8,25.5,0,1
32.7,19.3,1,2
36.1,44.3,1,2
34.1,56,1,1
37.3,47.7,1,2
36.8,56.9,1,1
35.7,64.3,1,1
37.5,33.3,0,2
34.2,56.8,1,2
34.4,58,1,1
35.5,40.7,1,1
28.4,22.7,1,2
31.1,34.2,0,2
35.9,44,1,1
32.4,43.6,0,1
30.8,49.3,0,2
34.2,34.2,0,2
35.5,57.3,1,1
27.2,36,0,2
37.1,31.1,0,2
27.5,63.7,1,2
33.5,17,0,2
31.8,54.9,1,1
34,52,1,2
35.1,44.1,1,2
34,37.9,0,1
39.3,50.2,1,2
33.6,32.7,0,1
34.7,34.8,0,1
28.1,29.7,0,2
26.5,46,1,1
27.6,25.8,1,1
37.1,19.2,1,1
30.8,23.3,0,1
36.3,30.3,1,1
37.2,22.7,0,2
30.8,22,1,2
35.7,25.3,0,1
36.5,57.4,0,2
31.1,36,1,2
34.6,32.5,1,2
40.1,19.2,0,2
32.4,48.9,0,2
36,39.4,1,1
34.7,19.3,0,2
35.8,23.1,1,2
40.5,21.2,0,2
33.3,45,1,1
38.2,19.4,1,2
36,43.4,1,1
30.1,28.9,0,1
34.7,38.4,0,1
41.7,33.5,1,2
42.6,30.8,0,2
38.1,27.7,1,2
39.2,32,0,1
40.9,38.6,0,2
31.7,32.5,1,1
23.7,51.7,1,2
35.6,56.4,1,1
27.2,41.9,0,1
31.5,35,0,2
34,27.6,0,1
34.1,35.5,1,0
33.4,44.5,1,2
35.9,38.5,1,1
34.4,22.9,1,2
29.8,30.9,0,1
31.7,32.3,0,2
31.9,48.8,1,2
30.6,30.8,0,1
35.6,48.4,1,1
34.5,30.3,1,1
41.7,22,1,0
27.2,44.9,1,2
32.2,42.9,0,2
36.3,22,1,2
36.7,37,1,2
30.2,35.1,0,1
33.4,16.4,1,2
34,52.1,1,1
29.1,57.4,1,1
41.3,51.9,1,2
35.9,53.8,0,2
33.1,50,1,2
38.7,41.4,1,2
34.7,40.5,0,0
31.7,17.6,1,2
39.8,35.4,1,2
29.9,56.7,1,0
33.8,38.4,1,1
37.2,23,1,2
35.8,65,1,2
27.9,62.8,1,1
35.3,39.2,0,1
37.7,34.6,0,1
30.6,32,1,2
34.7,39.6,0,2
33,21.3,0,2
28.3,44,0,2
43,50.6,1,1
32.6,35.3,1,2
40.3,37.6,1,2
32.6,37.5,1,1
34.1,42.8,1,2
39.2,24.7,0,1
30.8,39.2,1,2
35.9,22.8,0,2
37.4,38.2,0,1
35.4,44.9,1,2
32.7,31.9,0,2
30.1,30.8,1,2
34.8,49.6,1,1
31.7,31.4,1,1
33.8,28.8,1,1
39.2,40.7,1,0
37.4,39.3,1,2
37.8,35.2,1,0
38.5,25.6,1,2
36.6,16.3,0,2
39.5,26.7,1,2
32,24.6,0,2
37,38.5,1,1
28.1,50,1,1
32.8,36.1,0,2
25.4,33.6,0,2
32.2,38.5,1,1
35.6,31.8,0,2
27.5,48,1,2
32.7,29.4,1,1
32.5,16.2,1,2
31.5,59.5,1,1
36.6,27,1,0
34.8,14.6,1,2
36,17.9,1,2
39.2,35.6,1,1
33.3,25.5,1,1
36.1,50,1,1
40.1,7.4,0,1
29.2,34,0,2
34,42.3,1,2
31.1,42.3,1,2
33.5,40.7,1,2
34.6,32.3,0,2
35.9,24.6,0,1
38.2,32.2,1,1
35.1,32.3,1,1
29.1,32.8,1,1
35.6,33.6,0,2
34.2,44.5,1,1
34.1,9.6,1,1
31.1,36.7,0,2
29.7,34.8,0,1
39.4,45.6,1,1
27.5,46.3,1,2
32.6,40.3,1,1
28.9,22.8,0,1
39.6,40.7,0,1
34.2,27.4,1,1
35.7,48.8,1,2
29.2,25.6,0,1
32.4,38.4,1,2
31.6,27,1,1
38.6,26.8,1,1
30.3,28.7,0,2
36.1,46.9,0,2
27.9,38.6,0,2
26,26.4,0,2
36.5,18.8,0,0
36.4,53.2,0,0
36,41.1,1,2
37.3,21.7,0,1
35.2,18.4,0,1
27.4,38.5,0,2
37.3,37.7,0,2
29.1,33.1,1,1
29.3,38,1,0
36.6,9.1,1,1
27.4,48.2,1,2
38.3,31.3,1,0
30.3,33.3,1,1
32.2,27.4,0,1
39.2,29.7,0,2
31.5,50.2,1,1
26.9,40,1,0
31,44.3,1,2
30.8,42.6,1,1
33.4,47.8,1,2
33.1,46.7,1,2
36.7,50.8,1,2
34.3,49.5,1,0
35.6,33.5,1,2
31.6,50.9,1,1
34.1,46.7,1,2
37.6,15,0,2
28.6,49.3,1,1
30.6,42,0,2
35.7,43.4,1,2
35.4,7.9,1,0
40.1,44.8,0,2
37.1,14.5,0,1
43.1,29.9,1,1
33.1,34.5,1,2
31.3,45.2,1,2
32.5,39.8,0,2
36.8,19.1,1,2
29.3,27.1,0,2
32.9,35,0,1
36,26.6,1,1
38,49.2,0,2
31.4,27.4,1,2
35.7,46,0,2
33.3,61.1,1,1
30.2,16.6,1,1
34.5,23.2,1,2
39.5,38.8,0,1
34.3,30,1,2
37.5,31.7,0,2
31.9,30.3,0,1
27.2,40.5,1,2
34.7,37.9,0,1
35.9,23,1,2
38.6,9.6,1,0
29.4,53.3,1,2
36.2,40.2,1,2
35.9,26.3,1,1
27.1,42.4,1,2
35.8,52.7,1,1
35.4,47.8,1,2
36.6,28,1,2
24.4,39.8,1,2
35,31.1,1,1
28.8,49.2,1,1
41.2,25.2,0,1
34.1,21.7,1,2
38.9,32.5,1,1
35.7,19.1,1,2
28.3,34.3,1,1
33.9,32.8,0,1
35.2,31.9,1,2
37.3,38.4,0,2
34.6,23.4,0,2
36.7,37.6,0,2
32.1,35.6,0,2
32.3,22.4,0,2
30.6,47,0,0
32.8,45.2,0,1
35,64.5,0,1
29.3,10.5,0,2
32.8,25.7,0,1
35.5,34.3,1,1
35.6,42.4,0,0
32,27.2,1,0
31.8,26.4,1,2
34.7,26.2,1,1
29.8,41.3,1,2
38,45.1,1,2
35.4,19.7,0,2
31.4,31.5,1,2
34.6,58.3,1,0
32.7,52.1,1,2
31.3,34.1,1,2
34.9,39.4,1,2
30.2,47.1,1,2
29.5,31.4,1,1
37.8,43,1,2
31.3,30.2,1,2
23.6,40.9,1,2
36.3,36.7,0,1
32.3,42.2,1,0
31.1,44.6,1,2
32.2,40.1,1,2
32.4,52.7,0,1
29.7,55,1,2
32.9,47.8,1,2
24.8,15,1,2
31,12.8,1,1
33.8,18.6,1,1
39.4,27.2,1,2
30.2,31.3,1,2
35.1,49,1,0
32.4,25.7,1,2
32.9,15.3,0,2
35,19.5,0,2
37.3,28.9,0,2
31.5,26.5,1,0
37.3,32.5,0,1
36,23.1,1,1
28.9,21.5,0,2
32.4,26.7,0,1
33.4,11.7,0,1
31.4,33.1,1,2
39.7,22,1,2
36.5,34,0,1
36.8,32.8,0,1
32.7,37.1,1,1
34.3,34.5,0,1
26.9,36.2,1,2
40.8,45.5,1,2
35.1,48.3,1,0
33.8,13.5,0,1
31.5,38.8,1,2
36.1,14.3,1,2
34.1,54.4,0,2
32.4,32.1,0,1
35.2,46.6,1,1
30.4,44.2,1,1
30,32.7,0,2
36.9,35.4,1,2
43.4,39.4,1,2
27.4,57.2,1,2
37.6,37.4,0,2
32.8,45.7,1,1
30.8,56.4,0,0
36.2,29.2,1,2
31,38.1,0,2
28.1,35.1,0,1
29.1,28.7,1,1
32.3,31.8,0,2
28.5,57.7,0,2
31.4,52.9,1,0
30.7,65,1,2
34.6,32.6,0,1
32,26.9,0,2
39.5,20.9,1,2
39.6,59.5,1,1
35.1,38.9,1,2
34,45.3,1,2
40,53.6,0,1
28.1,33.4,0,2
38.4,37.2,1,1
38.6,45.5,1,2
36.2,24.8,1,2
37.5,39.2,0,1
38.9,19.3,1,2
33,19.7,0,2
38.7,33.4,1,1
32.4,41.7,1,1
30.1,37.5,1,2
33.8,43.5,0,1
38,58.2,1,2
38,23,1,2
33.4,25.4,0,2
31.7,13.7,1,2
39.2,38,0,2
37.2,37.2,1,0
46.3,11.3,0,2
35.4,70.8,1,2
36.4,41.5,1,2
42.6,37.2,0,2
26.7,27.6,0,1
32.9,23.4,0,1
32.4,15.6,0,2
29.8,58.3,1,2
34,20.1,0,2
30.6,17.9,1,2
34.6,26.9,1,1
36.8,27.3,0,1
33.7,40.6,0,2
36.2,39.4,1,2
32.5,61.6,1,2
37.3,30.4,1,2
33.6,39.1,1,2
36.9,55.2,1,1
31,23,0,2
36.2,38.6,0,0
38.3,21.7,1,1
33.8,33.5,1,1
38.7,38.8,0,2
37,44,1,1
40.9,25.5,1,1
36.2,45.3,0,1
31.3,33.3,1,2
36.8,41.7,1,1
47.9,54.7,1,2
42.8,25.7,1,1
37.2,54.8,1,2
42.6,38.2,1,1
37.8,29.5,1,2
32.6,31.8,1,2
34,39.5,1,2
31.6,24.3,1,2
38.4,23.1,1,2
31.1,35.6,1,2
41.4,26.5,1,2
37.8,58.3,1,1
30.2,57.2,1,2
36.8,31.7,0,2
32.8,44.6,1,2
37.5,25.2,0,1
48,48.1,0,1
41.6,56.4,0,1
35.4,29.7,0,1
29.7,26,1,0
38.8,32.6,0,0
34.4,34.9,1,2
36.9,43.1,1,2
38.6,12.5,1,2
29.9,37.5,0,2
42.9,40.7,1,1
34.5,47.5,1,1
39.9,20.4,1,2
43.3,12.4,1,2
42.3,46.1,1,2
37.7,39.1,0,2
32.8,20.3,1,1
41.4,17.5,0,1
41,33.8,0,2
40.9,19.8,1,1
39,37.6,0,2
36,16.7,1,1
39.5,30.6,0,2
28.3,42.2,1,1
42.3,35,0,0
30.3,20.8,0,2
46.1,42.4,1,2
29.1,26.8,0,2
32.4,63.4,1,1
29.3,29.9,1,1
36.7,26.3,0,2
41.3,26.6,0,2
42,54.5,0,1
43.6,40.2,1,1
37.8,54.6,1,1
37.7,39.9,1,2
38.8,33.3,1,1
39,43.9,1,0
32.7,36.6,1,1
30,44.4,0,2
43.5,40.3,1,2
36.6,57.5,1,2
38.9,32.8,1,2
34.5,26.5,1,1
34.4,29.6,1,2
39.1,62,1,1
39.7,26.6,0,2
36.9,41.2,1,1
37.1,38.5,1,2
41.7,33.9,1,2
35.6,43.8,1,2
33.4,31.5,1,2
40.3,22.4,0,1
40.4,21.6,0,2
31.8,24,0,1
38.9,28.6,1,2
36.5,23.9,0,2
35.6,31.2,1,2
37.8,41.9,1,0
44,33.2,1,1
34.1,36,1,2
34.4,41.9,1,2
36.6,34.2,1,2
33.6,36.6,1,0
36.4,46.4,0,2
32.6,54.1,1,0
39,30,1,1
29.7,31.2,0,1
33.7,51.4,1,2
35.7,39.3,0,2
33.4,21.5,0,2
42.3,35.3,1,2
37,33.4,1,2
38.1,40.2,1,1
36,42.2,1,1
32.3,19.1,1,2
34.7,48,0,1
32.9,22.9,1,2
35.9,26.1,0,1
29.6,42.4,1,2
32.7,40.3,1,2
36.5,35.3,0,1
36.1,48.4,1,2
32.6,37.2,0,0
39.5,52.6,1,0
39,34,0,1
31.5,45.5,1,0
37.4,26.5,1,2
34.1,30.3,0,2
40.5,31.9,0,1
34.6,17.4,1,2
40,49.3,0,1
41.5,26.7,0,2
39.8,26.2,1,2
32,29,1,1
37.3,22.7,1,0
41.5,32.9,1,1
40,31.9,0,2
36.6,33.8,0,1
38.6,44.1,1,2
25.8,45.8,0,2
32.1,8.9,1,0
31.4,20.5,0,0
36.4,28.2,0,0
28.8,33.9,1,2
30.5,55.9,1,2
34.1,16.3,1,2
30.9,25.6,0,2
35.6,52.4,1,2
36.6,20.2,0,1
33.9,19.9,1,2
36.7,36.7,1,2
36,42.3,1,2
39.6,53.9,1,1
31,45,1,1
33.8,42.5,1,2
32.8,38.1,0,0
30.1,52.1,1,2
41.7,36.8,0,2
35.5,49.1,1,1
40.9,11.4,1,0
34.1,30.5,0,0
32.8,33,0,1
39.3,25.3,0,1
29,5.5,1,1
39.6,32.1,0,1
45.3,43.6,1,0
38.4,43.7,1,1
34.8,41,1,2
39.4,44.2,0,1
35.4,44.5,1,1
33.6,36.7,1,1
39.9,29.5,0,1
42.4,34,1,1
36.9,35.2,1,2
37.8,24.7,0,0
41.4,45.2,1,2
34.7,51,1,0
41,43.9,1,1
28.6,38.7,0,1
37.1,27.5,0,2
41.2,37.5,1,1
41.6,27.3,0,1
35,8.3,1,1
34,30,1,2
42.8,48.7,1,1
38.9,35,0,2
38.6,30,0,1
41.7,18.6,0,2
31.8,16.8,1,2
35.8,25.5,0,1
37.8,26.8,0,1
35.6,23.2,0,1
34.7,45.7,1,2
40.3,46.8,0,2
32.5,32.5,0,2
37.6,32.2,1,2
42.7,46.1,1,2
37.5,29.4,0,1
39.1,43.4,0,0
35.5,23.4,1,2
34.8,29.9,0,2
32.2,38.6,0,2
38.4,30.5,1,2
32.8,22.3,0,2
35.5,58.8,0,1
37.5,39.4,0,2
36.1,55.6,1,1
34.7,40,1,2
40.7,28.1,1,2
31.9,45,1,1
38.1,35,1,1
40,34.4,1,2
30.5,45.9,1,2
35.7,57.3,1,0
36.7,38.2,1,2
24.3,34.4,0,2
31.9,29.9,1,1
32.8,35.3,0,2
45.1,48,0,1
38.5,16.4,0,1
34.5,46.5,1,2
36.3,43,0,0
39.3,15.1,1,1
29.4,36.6,1,2
34.5,26.4,0,2
40.3,42.3,0,2
33.4,35.8,1,1
31.4,31.5,1,0
32.8,36.1,1,1
36.7,30.4,0,2
37,20.1,0,0
31,46.2,0,1
37.3,40,0,1
34.1,10.9,0,2
41.6,41.6,1,2
38.8,51,1,0
31.6,23.1,0,1
35.1,15.8,1,2
45.5,47.2,0,2
37.3,34.6,0,1
41.1,37.7,1,2
39.9,41.3,1,2
39.3,34.5,1,1
38.1,41.9,1,2
37.4,40.8,1,2
37.7,41.4,0,2
36.4,51,1,1
31.8,35.9,0,1
35.1,38.1,0,2
42,20.9,0,1
39.2,32.9,1,1
32.9,12,0,2
36.2,25.4,1,0
36,32.6,1,2
41.8,42.1,1,2
40.4,45.9,0,0
29.9,47.7,1,1
35.5,22.2,0,2
31.9,35.3,1,2
37.7,44.5,0,1
35,17.9,0,1
38.1,24.7,1,1
34,24.5,0,1
39.4,24.4,1,2
35.8,22.7,0,1
33.2,28.5,0,1
31.5,34.8,1,1
39.6,57.1,1,2
35.9,22,0,2
34.4,33.7,1,2
39.4,28.2,0,2
33.4,18.5,1,2
39.7,48.8,1,1
29.2,15.2,1,0
33.6,37.2,0,1
34.7,28.1,1,1
30.3,22.5,0,2
29.9,36.1,1,2
43.9,51.1,1,1
40.5,27.7,1,2
38.4,35.1,0,2
37.9,30.7,0,1
39.4,18.2,1,1
38.7,44.6,1,1
33,37.6,0,2
34.9,26.3,1,0
32.3,19,0,2
39,34.5,1,1
29.8,28.4,0,2
33.2,29.2,0,2
38.8,52.4,1,1
40,31.2,0,2
38.7,53.3,1,1
27.3,52.4,1,2
33.7,35.2,1,2
34.3,30.4,1,1
36.2,40.5,1,2
34.7,27,0,2
37.7,29.4,0,2
34.9,31.7,0,2
32.2,18.4,0,2
34.4,29.2,1,2
35,48.9,1,1
41.3,36,1,1
37.1,39.1,1,1
37.1,28.1,0,2
37.3,38.5,0,1
41.3,31,0,0
39,64.3,0,2
41.9,37.7,1,1
33.4,5.3,1,2
35.5,24,0,2
40.1,35.3,0,2
40.7,31,0,1
38.9,16.9,1,2
42.1,54.1,1,2
34.2,33.7,1,1
38.5,22.9,1,2
37.3,45.5,1,1
41.6,33.4,1,1
39.5,24.7,0,2
43,32.3,1,1
45.4,52,0,0
43.8,52.1,0,1
35.4,38.7,0,2
43.6,19.7,0,2
31.5,34.6,0,2
41,43.2,1,0
40.9,33.3,1,2
35.5,29.2,0,2
35.1,24.8,0,0
36.4,46.2,1,1
35.9,43.3,0,2
41.5,37.9,0,2
32.4,39.3,0,1
37,64.9,1,2
38.8,56,1,2
37,34.7,1,1
38.1,34.3,1,1
31.3,22,0,2
36,24.3,1,2
45.8,41.4,1,2
44.2,38.7,0,0
45.2,15.9,1,0
38.6,35.5,0,2
39.7,35.9,1,2
38.9,61.3,1,1
46.3,44.9,0,1
32.6,31,0,2
37.6,44.2,0,2
40.6,11.6,1,1
36.5,35.5,1,2
37.4,45.1,1,1
35.7,14.4,1,2
33.4,30,0,1
33.6,51.2,1,2
43.7,43.4,0,1
38.5,23.4,1,2
34.1,38.6,0,1
34.8,26.7,0,1
36.6,30.8,0,1
40.3,14.6,0,1
39.7,26.6,1,2
33.3,49.1,0,1
39.1,42.9,0,1
42.6,43.6,1,2
40.4,21.2,1,1
36.4,25.9,1,2
37,30.4,0,1
39.4,41.6,1,1
34.4,9.3,0,1
45.8,20.7,1,1
39.8,45.4,0,2
43.5,61.4,0,0
41.9,50.9,0,2
30.6,5.4,0,2
38,23.4,0,0
42,24.7,1,1
32.3,12.4,0,2
34,65,1,2
40.8,38.1,0,1
37,28.9,0,2
36.2,34.9,0,2
45.3,35.4,0,0
37.9,32.9,1,1
42.6,29.9,1,2
36.2,37.9,1,1
32.7,26.6,0,1
37,27.3,1,1
35.6,47.2,1,2
36.1,28.6,0,2
42.8,51.2,1,1
36.9,44.5,1,2
38.8,28.1,1,0
32.3,36.8,0,2
39.4,53.3,1,2
35.7,20.8,1,1
34,20.2,0,1
32.5,36.6,0,1
35.8,52.5,1,1
42.4,25.3,1,2
42.6,34.4,1,1
37.7,41.2,1,2
31.2,55.5,1,1
42.2,28.4,1,1
46.5,23.6,0,1
41.2,39.7,1,2
40.2,35.3,1,1
38.5,32.3,1,2
45.6,63.9,1,2
33.8,41.1,1,2
40,21.7,0,1
38.6,55,1,1
33.5,11.6,0,1
31.1,60.1,1,1
32.4,41.4,1,2
31.4,36,0,2
35.7,36.8,1,2
34.1,16,1,2
39.9,34.6,1,1
42.8,54,0,1
39.4,36.3,1,2
35.7,27.3,0,1
44.5,53,0,1
36,36.5,1,1
34.3,44.2,1,0
33.7,24.8,0,2
42.3,33.7,0,2
36.9,43.4,1,1
44,33.9,1,2
36.3,37.7,1,1
39.6,30.8,0,2
45.3,54.4,1,1
43.5,40,1,2
34.8,26.3,0,1
34.3,58.5,1,1
44.2,42.3,1,2
39.3,28.4,0,2
38.2,38.8,1,2
42.6,20,0,0
37.9,31.7,1,2
39.4,37.4,1,1
46,44,1,2
42.9,45.7,0,2
35.3,31.7,1,2
42.4,31.6,1,1
40.9,12.9,1,2
33.3,41.7,1,2
38.9,24.6,1,2
39.2,33.5,0,2
46.5,30.8,1,2
43.9,33.4,1,1
44,39.6,1,1
34.5,38,1,2
33.7,30.8,0,1
31.6,27.5,1,2
40.8,49.6,0,1
39.6,41.4,1,1
40.1,26.4,1,2
42.7,34.2,0,0
42.6,23.6,1,2
37.5,20.3,1,2
34.6,56.7,1,2
38.6,31.5,1,2
40.6,32.7,1,2
36.2,39.1,1,2
40,47.9,1,2
39.2,36.2,1,2
38.6,27.9,0,1
37.9,48.6,1,2
45.3,51.5,1,2
37.3,27.9,1,0
34.5,37.7,1,1
37.4,19,1,1
34.4,50.2,0,2
43.3,45.1,1,1
35.7,28.7,1,0
32.2,35.3,0,2
31.4,10.5,0,2
31.9,28.6,1,1
41.9,37,1,0
36.9,37.2,1,1
38.3,38,1,2
42.2,41.2,1,2
30.9,55.9,1,2
35.5,46,0,1
38.5,29,0,2
38.1,23.3,0,2
38,14.9,0,2
42.9,42.9,1,2
39.9,43.6,1,2
40.9,26.5,1,1
38.4,7.3,0,0
39.8,34.1,1,2
42.8,26.3,0,1
32.8,49.8,1,2
38.7,46,1,2
42.3,53.3,1,2
37.3,24.9,1,1
39.7,34.3,1,0
33,30.9,1,2
41,22.1,1,2
44.9,51.9,1,0
37.3,47.2,1,1
41.6,60.7,1,1
43,30,0,2
30.9,7.9,0,2
38.9,34.2,0,0
33.1,17.7,0,1
39.6,35.4,1,0
37.5,51.7,1,1
30,37.7,0,2
39.7,29.8,1,1
33.5,33.2,0,2
39,20.5,1,2
34.7,37.6,1,2
36.8,28,1,2
39.7,31.7,1,2
40.1,35.6,1,2
39.2,52.2,1,1
43.4,46.8,1,1
34.8,27.2,0,2
41,35.5,1,2
41.7,37.9,1,1
36.2,26.9,0,1
42.5,63,1,1
34.7,29.3,1,2
41.7,38.1,1,2
41.6,39.6,0,1
34.9,40.8,1,2
33,53.8,1,2
42,30.1,1,2
38.2,25.3,1,1
39.2,27,0,2
32.8,28.7,0,1
39,38.9,1,1
41.6,33.9,1,2
45.5,57.5,1,0
39.8,27.3,0,1
36.9,22.3,0,1
38.9,47.4,1,2
45,26.4,1,2
34.7,13.2,0,2
41.2,28.5,0,2
39.4,34.6,0,1
49,42,1,1
39.8,13.4,0,1
36.6,36.3,1,1
38.3,37.1,1,1
42,46.9,0,1
38.2,26.6,0,2
32.7,17,1,1
31,15,0,0
33.8,39.6,1,1
42.3,26.6,0,1
40.6,33.9,0,0
37.1,25.1,1,0
42.4,33.7,0,1
41.4,25.1,0,2
42.6,28,1,1
41.7,22.2,0,1
36.9,45.6,1,2
34.4,19,1,2
41.6,40,1,1
40.4,37.6,1,1
35.5,52.9,1,1
46,36,1,1
37.8,57.3,1,2
36.6,5,1,1
38.1,31.2,0,1
38.8,25.9,1,2
44.2,43.5,0,1
35.6,26.4,0,2
45.5,29.1,1,2
47.3,41.6,0,1
38.5,29.1,1,2
41,29.7,1,2
32.3,33.9,1,2
35.7,33.1,0,2
37.4,40,1,2
36.5,27.2,1,1
34.2,16,1,2
34.5,29.9,0,0
33.7,42.4,1,1
34.7,36,1,1
37,52.1,1,2
43.1,40.6,1,2
38.1,27.3,1,2
33.8,54.2,1,2
42.5,15.9,1,2
41.7,20.1,0,2
39.8,37,0,2
37.2,31.9,0,2
35.8,22.2,1,0
40.8,42.2,0,1
39.9,31.9,1,2
29.6,34.5,1,1
40,34.5,1,2
37.6,9.5,1,2
41.2,25.2,1,2
40.5,37.8,1,1
32.3,26.6,1,2
35.7,49.1,1,1
40.2,35.5,0,2
39.4,13.9,1,1
41.1,14.3,1,1
36.5,24.8,0,2
34.4,25.4,0,2
37.6,24.9,0,2
33.2,18.7,1,2
33,42.5,0,2
35.8,36.3,0,1
38.2,31.9,0,1
39.9,58.7,1,2
30.5,43.4,0,2
37.2,15.3,0,2
33.9,36.7,0,2
42,16.5,1,1
32.4,36.6,1,2
39.6,42.2,1,0
30.2,35.3,1,1
34.8,33.5,1,1
40.9,34.7,0,2
37,59.7,1,2
37.2,21.1,0,2
42.1,45.8,1,1
34.3,17.1,0,2
41.4,31.7,1,2
41.7,44.8,1,2
39.3,32.9,0,2
43,19.3,0,2
31.6,34.9,0,2
41.9,51.6,1,2
38.7,35.7,1,2
38.1,40,1,2
33.9,29.2,1,1
46.8,33.3,0,2
44.3,46.5,1,2
32.3,33.7,0,2
32.9,33.7,0,2
45.7,26.2,0,1
40,36.1,1,2
40.6,21.7,1,2
43.2,32.9,1,1
46.6,35.1,1,1
35.8,47.4,1,2
38.7,64.6,1,1
39.3,31.3,1,1
39.3,29.2,1,2
43.9,28.4,1,0
44,37.2,0,1
30.4,44.4,0,2
43.8,42.4,1,1
47.3,38.7,0,2
31.1,46.2,0,1
41,33.3,0,1
38.9,31.9,1,1
34.8,41.7,1,2
34.8,29.7,1,2
42,17,1,1
45.7,13.2,1,1
46.3,41.1,1,1
39,20.4,1,2
31.4,46.7,1,1
37.2,30.8,0,1
39.6,41.2,1,1
37.1,14.5,0,2
43.3,35.9,1,1
35.5,40.2,1,2
41.9,16.9,1,1
42.7,42.7,1,1
35.7,61.3,0,2
34.6,35.7,1,0
40.6,40.6,1,1
43.2,28.1,0,2
38,8,1,2
34.2,52.6,1,2
43.3,30,1,1
50.1,27,0,1
39.1,24.7,0,0
34.4,36.6,1,1
44.1,33.2,0,2
30.1,18.4,0,1
33.6,18.7,1,0
46.8,40.3,0,2
33.2,21.4,1,2
38.9,6.6,1,1
42.2,21.9,1,1
37.7,26.6,1,1
39.7,38.6,0,2
47,46.4,0,2
35.1,20.6,0,1
48.9,63.8,1,1
34.5,36.1,1,1
36.8,40,1,2
34,47.9,0,1
31.6,36,0,1
38.2,42.9,1,1
39,21.9,1,2
39,28.8,0,1
45.9,56.9,1,2
39.1,58.1,1,1
39.2,43.8,1,1
40.3,32.1,1,0
43.8,51.5,1,2
41.3,39.9,0,2
46.1,38.8,0,1
34.6,67.6,1,2
43.3,31,0,2
40.2,5,0,1
38.4,37,1,2
38.7,33.4,0,1
39.6,24.7,1,1
41.6,53.4,1,1
33.5,20.8,1,2
44.5,31.9,1,1
33.5,31.8,1,2
38.2,24.5,1,2
45.3,34.7,0,1
45.3,30.3,1,1
39.8,53.1,1,2
40.2,46.5,1,1
32.5,31.7,1,1
38.1,15.4,1,1
44,50.9,0,1
37.3,40.1,1,1
36.7,54.7,0,1
37.2,43,0,2
42.9,23.8,0,1
40.4,41.9,1,2
39.9,40.3,1,1
37.9,18.1,0,1
38.6,29.7,1,1
38.2,28.6,1,2
34.3,35,1,2
37,28,0,2
38.6,30.7,1,2
37.3,50.3,0,2
36,45.3,1,1
41.2,9.5,1,1
39.9,40.2,1,1
39,51.4,1,0
41.2,19.7,0,0
41.6,37.1,1,1
43.1,22.4,0,1
40.6,42.1,1,2
44.1,41.9,1,1
34.2,27.2,0,1
30.5,33.5,0,1
36.6,27.4,1,2
41,44.4,1,1
41.1,41.2,1,1
41.3,25,1,2
44.4,25.7,0,2
33.8,31.8,1,2
37.4,34.2,0,2
34.9,29.1,0,1
39.1,41.1,1,2
41,14,0,2
40.6,41.2,1,2
41.4,38.9,0,1
33.4,20.6,1,2
41.7,37.1,1,2
37.2,33.8,0,2
37,40.1,1,2
40.6,44.2,0,1
43.8,22.6,1,2
40.1,14.2,0,2
50.8,50.3,1,2
44.2,38.7,0,2
42.5,34.7,0,2
49.7,24.8,1,2
46,42.7,1,2
39.8,42.4,1,2
34.2,20.4,1,0
49.1,46.5,0,2
38.9,22.7,1,2
35.8,31.9,1,1
37.5,29.5,1,2
42.8,31.5,0,2
36.5,40.2,1,2
38.9,44,1,1
43.3,57.5,1,2
45.1,50.8,0,2
43.5,53.3,1,2
35.2,36.7,0,2
47.6,41.6,1,2
35.7,41.4,1,1
43.3,45.2,0,2
40.9,20.5,1,2
45.2,28.5,1,2
36.5,36.4,1,2
45.5,48.9,1,2
37.1,28,1,1
42.7,53.6,1,1
40.3,35.2,1,2
35.6,52.1,1,1
40,30.5,1,1
42.6,29.4,0,2
39.5,25.2,0,1
35.8,33.2,0,2
35.9,49.9,0,1
41.1,25.2,0,1
32.9,28.5,0,1
39.9,47.2,1,1
41.2,27.3,1,1
39.4,23.5,1,2
45.7,27.1,0,1
42.3,34.7,1,1
37.3,29.7,0,1
34.4,52.7,1,1
45.3,17,1,2
39.9,28.8,0,1
37.3,63.4,0,1
45.4,41.1,1,2
40.8,23.5,1,2
42.5,25.3,0,2
40.1,18.3,1,2
38.2,33.3,0,0
39.9,35.4,0,1
35.5,35.1,1,2
39.9,18.4,0,2
37.2,26.5,0,2
34.6,22.4,0,1
41.3,37.8,1,2
33.2,21.1,0,2
43,30.3,1,1
35.6,56.6,1,2
41.2,30,0,2
36.9,16,0,2
48.7,43.4,1,1
38.4,41.8,1,2
37.6,54,0,2
45,34.2,1,1
33.9,26.4,0,2
40.2,37,1,2
42.4,32.6,1,0
43.8,30.6,1,1
38.3,37.3,1,1
39.8,50.5,0,1
45.9,61.3,1,2
40.8,34.2,1,2
38.3,23.1,0,2
38.5,49.6,1,2
37.5,9.5,0,2
36.4,20.5,1,2
39.6,51.2,1,2
37.6,43.8,1,1
41.3,41.5,1,0
36.7,63,0,2
38.9,15,1,2
39.5,47.8,1,1
42.2,51.7,1,2
37.1,25.3,1,1
40,34.7,1,2
49.1,50.6,1,1
38.7,61.7,1,1
40,45,1,2
39.4,36.5,1,2
40.9,37.1,1,2
31.9,25.3,0,2
52.8,35.4,1,1
38.8,48.1,1,1
38.4,23.9,0,1
36.3,46.6,1,2
45.9,43.4,1,1
38.7,46.1,0,1
38.9,27.4,0,1
44.4,30.8,1,1
35.3,16.8,0,1
44.2,39,1,2
41.8,33.6,1,1
37.6,20.1,0,2
36.8,33.9,1,1
39.9,47.1,1,1
39.8,44.9,1,1
41.5,5,1,2
34.1,40.5,1,1
36.6,33,1,1
32.1,39.2,0,2
39.4,43.2,1,1
41.1,31.9,1,2
38.6,41.6,1,1
40.7,44.1,1,0
42.8,29.3,0,2
32,44.7,1,0
41.7,20.3,1,1
39.1,37,1,1
39.5,33.2,1,2
39.7,42.1,1,1
35.2,26.2,0,1
34.2,23.6,0,2
38.3,24.3,1,1
42.5,27.7,1,1
38.9,24.3,1,0
40.1,37.1,1,1
38.7,24.8,0,1
37,58.1,1,1
38.2,31.2,0,2
38.4,51.9,1,2
40.8,19.5,0,2
41.2,43,1,0
31.1,36.2,0,2
36.9,36.8,1,2
42.2,47.6,1,2
34.2,26.4,1,2
36.4,45.4,1,1
45.8,36.1,1,2
41.9,45.4,1,2
45.7,30.1,0,1
38.2,43.1,1,1
38.7,39.3,0,1
42.5,29.3,1,2
41.1,42.8,1,1
45.6,35.5,0,2
40.7,40.5,1,1
40.9,5,1,1
39,7.6,0,2
40.3,51.7,1,2
41.7,56.4,1,1
39.4,32,1,1
37.4,27.7,1,1
39.3,23.6,1,1
39.1,40.2,1,1
44.1,18.9,1,2
37.6,49.5,1,1
38.4,25,0,1
42.7,40.3,1,2
39,30.8,0,2
44.2,44,1,1
38.1,42.9,1,0
38,28.9,0,1
36.1,35.1,1,1
41.7,38.4,0,2
39.5,23.4,1,2
42.8,45.4,1,1
39.3,34.6,1,0
45.2,25.5,1,2
32.4,50.5,1,1
36.2,50.3,1,2
45.4,27.7,1,2
35.4,36.8,0,0
40,47.8,0,1
38.3,39.9,0,2
45,10.9,1,2
37.8,26.7,1,2
48.2,26,0,2
41.1,50.4,1,2
46.3,49,1,2
36.9,33.5,1,1
37.7,51.7,1,1
44.2,21.3,1,2
46.7,26.9,1,1
34,31.4,1,1
37.1,19.1,0,1
39,18.9,1,2
35.2,37.7,1,1
37.4,26,0,2
38.8,36,1,0
43.4,21.3,0,2
43.9,33.4,1,2
43.2,50.6,0,2
39.3,22.2,1,2
39.7,27.6,1,2
30.6,46.2,1,1
36.4,28.5,1,2
29.6,26.5,1,2
41.1,22.1,0,0
40.8,34.6,1,1
37.5,44.9,0,1
41.3,44.2,1,2
30.4,34.2,0,2
40.3,48.5,1,2
32.2,38.2,1,2
46.7,37.5,0,2
38.7,22.4,0,2
38.2,21.7,1,1
32.5,25.7,1,2
39.5,31.3,0,1
37.3,32,0,1
35.4,38.3,0,0
39.7,42.1,1,2
44,37.9,0,1
41.9,38,1,2
39.8,34.9,0,1
38.1,39.9,0,2
42.6,35.8,0,2
37.4,30.4,1,2
38.4,31.2,1,2
32.8,35.8,1,2
36.2,40.2,1,2
44.7,8.8,0,2
37.7,42.5,1,2
38,26.7,1,1
41.3,35.8,0,1
42.7,20.6,1,2
49,40,1,1
35.2,68.8,0,1
34.4,34.4,1,0
37.3,33.8,1,1
39.6,41.8,1,2
32.6,46.5,0,2
39.6,24.9,1,2
42.2,24.6,1,2
36.9,24,0,1
40,50.1,1,1
41,43.7,1,2
37.7,48,0,2
30.7,23.2,0,2
34.3,28.1,0,0
41.4,30,1,1
33.9,30.2,1,0
37.1,33.4,1,2
27.6,23.4,1,0
30.6,56.7,1,0
28,53.5,1,2
27.3,38.9,1,0
31.2,30.2,0,1
39.2,45.2,0,1
30.7,49.2,1,1
33.6,48.5,1,1
34,40.6,0,1
33.3,54.7,0,1
27,53.3,1,0
31.9,44.4,1,1
32,51,0,1
35.4,58.6,1,2
27.3,48.6,1,2
37,45.5,1,2
33.3,31.4,1,2
30.7,44.7,1,2
21.9,59.3,1,1
36.8,52.2,0,2
19.5,50.2,1,2
27.8,41.9,0,0
27.5,47.7,1,2
32.2,51.9,0,0
29.7,52,0,1
39.6,52.3,0,0
32.5,45.5,0,0
26.3,40.1,0,2
35.2,41,1,1
32.4,35.1,1,1
36.8,35.7,1,0
30.7,40.6,0,0
36.7,27.9,0,0
28.7,33.6,1,0
34.4,50.8,1,1
27.7,59.3,1,0
36.2,53.5,1,1
32,29.4,0,1
26.2,41.7,0,0
26.2,45.9,0,0
26.7,41.6,1,0
30.1,52.3,1,1
30.3,47.3,0,1
32.7,57.8,1,0
33.9,38,0,0
25.9,40.2,1,0
29.7,42.6,1,0
26.7,30.3,0,2
24.6,55.1,1,2
27.9,48.5,1,1
29,38.5,0,1
32.5,57.6,1,2
30.2,40.3,1,2
33.2,56.1,1,0
25.4,42.1,1,0
30.1,55.5,1,1
32.8,45.1,1,0
35.3,42.9,1,1
32.7,42.8,0,0
26.4,61,1,0
29.4,47,1,1
25.1,19.9,1,1
31.7,39.8,1,0
31.7,39.1,1,2
32,23.8,1,1
33,56.6,1,1
29.9,57.7,1,1
21.7,49,1,0
27.4,65.1,1,2
33.8,45.6,1,1
38.1,29.3,1,1
37,56.5,1,0
31,37.5,0,1
30.4,32.9,1,2
30.3,56.8,1,1
31.4,45.8,1,1
35.8,44.3,1,1
29.9,57.6,1,0
33.2,31.2,1,0
32.8,24.9,1,2
26.2,32.4,1,0
31.2,64.2,1,1
35.9,37,0,1
28,54.6,1,2
30.6,65.2,1,2
36,44.4,1,0
28.9,56.6,0,1
28.2,47.3,1,1
35.2,40.4,1,2
30.2,48.6,1,0
25.7,42.4,1,0
30.9,65,1,2
33.2,46.8,1,2
28.6,55.5,1,2
26.2,74.4,1,2
27.5,30.7,1,0
29.1,42.8,0,0
30.1,44.9,0,0
30,41.1,0,1
31.7,45.1,0,1
32.8,64.9,1,2
38.1,50.7,1,1
37.3,39.5,0,1
28,44.4,1,1
32.4,32.8,1,1
26.3,27.8,1,1
31.2,41.1,0,1
29.7,51.7,0,1
29.5,13.8,0,2
31.7,35.4,1,1
27.4,48.9,1,0
22.4,42.2,1,0
27.5,33.3,1,1
29.1,43.4,0,1
30,49.8,1,1
26.8,50.7,1,1
23.2,40.3,0,1
33.3,26.5,0,1
30.5,28.6,1,0
33.1,28.1,0,0
28.4,52.5,1,1
28.7,37.7,1,2
43.6,72.7,1,2
27.4,34.6,1,1
26.3,45.8,0,0
34.3,41.5,1,1
33.3,47.3,1,1
35.4,29.9,1,1
23.3,39.9,1,1
34.5,43.7,1,2
30.8,34.2,0,2
28.9,47.8,1,0
29.1,62.8,1,1
32.6,45.7,0,1
27.6,42.3,1,0
35.1,54.1,1,0
23.2,35.9,1,2
33.5,48.7,1,1
31.7,41,1,1
37.4,59.8,1,1
26.8,53.2,0,1
32,40,1,0
28.2,49.7,1,2
30.4,48.9,1,1
30,47.5,1,1
24.2,49.7,0,2
29.8,33.7,0,2
27.8,34.8,1,1
35.6,20.8,1,1
26.3,39.8,1,1
27.5,34.6,0,1
32.5,71,1,2
33.2,51,1,2
36.1,29.3,1,1
29,66.8,1,1
26.2,59.4,1,1
35.9,53.6,0,0
21.1,32.8,1,1
34.9,62.2,1,1
28.3,20,0,1
32.6,47.6,0,0
17.7,70.3,1,0
30.6,33,0,2
37,38.7,0,1
35.6,39.5,0,0
31.7,47.6,1,0
21.1,55.1,1,1
31.3,40.2,1,1
31.6,50.8,0,1
34.6,29.5,0,1
27,55.2,1,0
25.9,47.6,1,0
33,45.7,1,1
31.2,35.9,0,2
28.7,46.8,0,0
27.3,37.2,0,2
30.4,51.4,1,0
31,56.6,1,0
31.2,16.4,0,1
39.2,48.4,1,0
28.3,59.9,1,1
35.7,56,0,1
30.3,54.3,0,1
30.3,28.3,0,1
29.2,32,1,0
32.3,43.2,1,1
31.9,35.4,0,0
27.2,65.3,1,1
31.2,43.2,1,1
31.9,50.6,1,1
27.9,56.6,0,0
31.5,58.1,1,1
32.9,36.2,0,0
31.8,62.9,1,0
29.9,60.3,1,0
31.3,49,1,0
29.8,55.4,0,2
32.6,48.5,0,2
32.2,52.3,1,0
29.3,68.4,1,1
34.3,48.9,0,0
35.7,34.3,0,1
30.7,31.1,1,0
31.2,39.8,1,1
34.2,51.9,1,0
27.2,60.4,1,1
31.3,37.6,1,0
30.5,38.4,1,0
34.5,72.9,1,1
37,38.2,0,2
26.3,53.2,1,2
27,35.2,1,2
29.6,17,1,2
28.3,45.9,1,2
28.6,57,1,1
27.1,51.6,1,2
37.1,55.7,1,1
32.4,39,0,0
29,54.4,0,0
30.8,24.3,1,0
34.9,29.6,0,0
27.9,34.5,1,1
32,50.8,0,1
31.5,65,1,0
34.1,31.8,1,2
31,43.1,1,1
28.9,44.2,1,1
27.6,57.4,1,2
29.9,27,1,1
18.3,49.8,1,0
29,46.1,1,1
25.7,52.6,1,1
33,41.8,1,0
35.3,35.2,1,0
32.2,44.6,1,0
30.5,66.2,1,2
35.5,26.7,1,1
27.4,58.5,1,0
25.4,42.6,1,2
35.2,42.8,1,0
27.3,38.5,1,0
23.7,32.3,0,0
32.7,37.6,0,2
26,60.4,1,1
33.4,54,1,2
34,49.4,1,1
28.1,58.3,1,1
30.7,26.7,1,2
37.8,40.6,1,1
31,53.9,1,1
37.6,40.2,1,1
31.6,55.8,1,1
35.3,35.7,1,1
27.1,43.1,0,0
30.4,41.8,1,1
34,49.5,1,2
32.5,31.8,1,1
22.6,60.9,1,2
37,61.6,1,0
27.7,55.6,1,2
25.6,42.4,0,1
34.8,52.8,0,0
24.5,30.7,0,2
35,29.3,0,1
29.1,49.6,0,0
26.8,28.8,0,0
29.9,51.5,1,0
29.8,53.6,1,0
31,66.7,0,0
28.1,37.7,1,1
33.1,61.8,0,2
33.8,39.1,0,1
28.3,52.6,1,0
28.7,47.4,1,1
28.1,59.3,1,0
30.8,64.3,1,1
28.5,42,1,2
40.7,45.6,1,0
35.7,46.9,0,1
24.7,28.9,1,0
31.1,41.4,1,1
21.7,47.3,1,1
40.7,39.6,1,0
31.3,40.2,1,0
34.4,38.4,0,2
25.7,46,1,1
28.4,56.4,1,1
36.6,41.7,1,2
34.8,70.1,1,0
23.7,62.9,1,1
24.1,39.9,1,0
34,49,1,0
31.6,44.5,1,2
34,55.1,1,0
29.5,62,1,1
29.7,43.4,0,0
27.3,54.8,1,2
25.6,23.5,0,0
43.3,31.5,1,2
30.6,46.9,1,1
31.8,12.9,0,0
33.5,42.2,1,1
36.4,22.7,1,1
30.7,37.4,1,1
21.8,49.5,1,2
23.9,49.3,1,1
29.4,46.3,1,1
28.2,53.4,1,1
33.1,32.7,0,1
32.9,41.9,1,1
43.1,41.9,1,1
31.4,50.4,1,1
24.6,40,0,0
38.1,45.4,0,0
38.4,35.7,0,1
31.4,45.7,1,1
31.7,53.4,0,0
37,56,1,0
35.6,45.7,1,0
28.9,44,1,0
24.3,53.5,0,1
32.7,41.9,1,2
27.1,23.9,0,0
29.3,43.4,1,1
29.1,40.8,1,1
27.9,49.3,1,1
35.1,34.8,1,2
29.3,40.7,1,1
31.2,35.1,1,1
27.9,45.4,0,0
35.1,50.9,0,2
29.2,44,1,0
31.8,37.9,1,2
32.4,33.6,0,1
29.7,55.1,1,1
33.1,50.3,1,1
34.3,33,0,1
29.8,53.1,0,2
30.8,35.9,1,1
35.1,43.2,1,2
33.5,45,1,1
32.2,43.1,1,1
29.9,24.1,1,1
32.3,49.8,1,1
31.8,55,1,1
32.3,35.2,1,1
28.7,26.7,1,2
29.5,50.9,1,1
35.3,33.3,0,1
37,79.1,0,1
42.7,61.1,1,1
35.5,48.8,0,1
26.4,42.5,1,1
34.9,67.8,1,0
25.3,49.2,1,0
32.5,54.1,0,1
42.3,58.4,1,1
26.2,76.6,1,0
23.9,60.2,0,0
33.3,34.6,0,1
37.2,51.1,0,1
25.5,24.1,1,0
32.2,31.9,0,0
33.2,69.1,1,0
27.8,50.1,1,1
25.9,74.3,1,0
34.1,39.4,1,1
31.1,47.9,1,1
31.4,19.5,0,1
23.2,34.8,0,1
20.8,66.6,1,0
25.1,55.4,1,0
24.6,53.3,1,1
38.7,51.8,0,1
24.5,51.2,1,1
35.2,51.5,1,1
26.4,54.7,1,0
34.3,44,1,2
31.1,43.8,1,0
26.7,32,0,1
42.6,43.2,1,1
30.5,51.1,1,2
25.9,50.7,1,1
31.3,47.3,1,0
28.5,55.3,1,2
39.4,34.7,1,0
29.9,48.5,1,0
28.4,22.4,1,1
33.6,65.8,1,0
31.5,63.4,1,0
32.8,31.7,0,1
28.4,53.9,1,0
27.1,34.2,1,0
27.6,41.9,1,1
27,42.4,1,1
29.2,48.6,1,1
33.1,51.6,1,0
33.4,28,0,2
28.5,29.8,0,0
36.5,27.8,0,1
24.9,31.5,1,0
31.6,49.3,1,0
33.6,37,1,0
27.3,38.8,1,1
31.8,65.1,1,1
37,57.5,1,1
28.2,29.4,0,1
26.2,64.2,1,2
24,56.9,0,0
18.4,27.7,1,1
28.4,41.3,1,1
26.6,51.6,1,0
24.4,59.4,1,1
25.1,56.4,1,0
27.5,51.9,1,1
25.1,34,0,2
32.7,54.3,1,1
34,10.2,1,2
29,56.6,1,2
31.6,43.8,1,1
25,26.6,1,1
26.9,47.4,1,0
30,41.1,1,1
33.2,56.1,1,1
28.8,34.1,1,1
24.1,47.9,1,2
33.2,34.1,1,2
25.8,50.7,1,0
32,51.3,1,0
27.3,31.8,0,0
29.4,50.8,1,1
35.2,26.2,1,2
23.2,57.5,1,1
30.6,54.5,1,0
31.7,20.5,0,0
28.4,35.4,1,0
30.9,31.8,0,2
29.5,47.7,1,0
35.7,40,1,0
18.7,61.3,1,1
27.9,40.3,0,0
33.8,24.9,0,1
31.1,30.5,1,1
30.3,35.2,0,1
28.6,72.6,1,1
31.1,54.9,1,1
32.8,31.5,0,1
27.1,55.7,1,0
26.3,47.9,1,1
32.5,40.6,0,1
32.7,32.1,0,2
32.7,31.2,1,2
29.3,49.8,1,1
24.1,65.1,1,1
28.8,40.7,0,0
35.2,55.4,1,0
29.2,51.5,0,1
30.4,25.6,0,1
34,26.8,1,0
33.9,54.5,0,0
35,46.1,1,2
33.9,60.2,1,2
31.7,46,1,0
36.1,41.8,1,1
35.8,43.6,1,0
37.3,54.8,1,2
31.6,39.9,1,2
24,32.9,0,0
27.9,50,1,1
28.7,38.5,0,2
29.4,44.3,1,1
27.1,44.5,1,1
27.5,67.3,1,1
35.2,38.6,1,1
27.6,42.2,1,2
29.4,75,1,2
30.2,42.1,0,0
29,31.4,0,0
30.6,52.1,1,1
27.5,37.6,1,2
31.8,51.6,1,0
28.9,34.3,0,2
32.8,50.1,1,1
31.6,34.7,1,1
27.9,55.2,0,1
26.4,40.3,1,1
35.3,28.7,0,2
30.5,49.7,1,0
25.3,37.5,0,0
35.7,47.2,1,0
34.1,63.5,1,2
37.7,48.4,1,1
29.6,57.4,1,0
33.7,45.3,1,1
31,51.7,1,2
27.3,56.5,1,2
23.1,47.8,1,1
32,53.6,0,2
24.2,38.5,1,0
28.7,47.8,1,1
26.3,65.8,0,1
27.6,47.8,0,1
31.5,46.5,1,1
29.2,55.2,1,1
36.2,44.4,0,1
26.7,80.6,1,0
23.4,50.8,1,2
24.7,56.3,1,2
24.3,60.4,1,1
24.3,74.4,1,0
30.9,45.2,1,1
33.9,64.4,0,0
25.4,29,0,2
26.5,54.3,1,1
27.5,43.8,1,0
28.7,30.9,1,0
26.1,58.8,0,0
31.6,58.5,1,0
31.4,66.4,1,0
28.4,27,1,1
29.9,62.2,1,2
32.5,35.3,1,0
26.9,55,0,0
30.6,57.3,0,2
31.7,29.7,0,1
28.7,46.4,1,2
35.7,41.9,0,2
34.2,34.9,0,0
38.1,68.9,1,2
29.5,53.7,1,2
31.3,38.1,1,0
28.2,41.8,1,1
38.3,55.3,1,1
24.7,52.2,1,0
30.5,47.6,1,2
30,35.2,1,0
25.3,57.7,1,1
35.4,21.8,1,1
33.7,55.2,0,0
27.6,51.3,1,1
26.4,39.5,1,2
30.3,32.1,0,1
25.1,53.6,1,0
34.5,72.8,0,1
26.9,37.8,0,1
31,34.8,1,0
30.5,44.6,1,1
25.9,47.7,1,1
33.4,11.8,1,1
36.4,32.8,0,0
39.6,51.4,1,1
24.4,35.7,0,1
31.1,38.9,0,2
30,50,1,1
27.2,46.9,1,0
24.5,59.2,1,2
23.5,34,0,1
34.2,38.7,0,1
27.9,61.1,0,2
32.7,52.2,1,0
33,48.9,1,1
33.5,47.1,1,0
35.6,28.9,0,1
30.5,53.1,0,1
32.7,46.6,1,0
28.6,42.4,1,1
28,48.7,1,0
31.4,51.7,1,1
24.9,48.4,0,1
29.6,44.3,1,1
27,41.4,1,0
34.6,59,1,1
25.5,36.2,0,1
35.7,41.4,1,1
28.5,42.6,1,1
29.7,50.8,1,1
34.2,33,0,1
32.2,53.2,1,0
33.2,22.5,0,1
28.3,63,1,0
34.6,26.1,1,0
32.3,52.8,1,0
30.9,45.8,1,1
31.5,49.2,1,1
32.5,56.7,1,1
34.1,27.2,1,2
26.7,51.3,1,1
26.2,34.1,0,1
29.2,40.1,1,2
31.4,40.3,1,0
22.1,38.1,1,1
26.7,50.3,1,1
26.4,52.9,1,1
27.5,48.5,1,2
27.1,42.4,1,0
26.5,51.4,1,2
33.4,47.5,0,0
21.6,69.5,1,1
28.7,38.9,1,0
35.6,28.7,0,1
39.2,67.4,1,0
27.6,37.6,0,2
27.4,42.6,1,1
36.2,38.7,0,2
38.1,45.5,1,1
33.6,54.5,1,2
26.4,56.2,1,1
30.9,36,0,1
30.3,45.4,1,2
24,19.5,1,1
30.3,36.3,0,1
30.9,44,1,0
31,41.5,1,0
26.6,31,1,2
33,37.3,1,1
30.1,37.3,0,1
34.7,31.5,1,0
30.9,44.1,1,0
28.7,50.1,1,0
27.6,66.9,1,0
22.8,26,1,0
31.5,58.1,1,1
29.6,52.4,1,1
30.9,34.9,0,2
35.4,70.2,1,1
20.5,38.2,0,2
28.3,35.8,1,0
33.4,41.2,1,2
37.8,50.9,1,2
28.9,39.3,1,0
30.7,55.8,0,1
31.4,50.1,1,1
36.3,28.9,0,2
24.9,29.2,1,1
29.2,24.9,1,2
32.8,39.1,1,2
25.4,39,1,2
27,57.7,0,1
28.5,33.1,1,0
22.1,70.2,1,1
29.8,41.9,1,1
29.5,43.6,1,2
28.9,52.5,0,1
34.5,48.4,0,1
25.2,68.8,0,0
31,57.6,1,1
37.1,63.3,1,1
28.4,37.9,1,1
34.9,62,1,1
34.6,61.7,1,0
36.6,39.4,0,0
18.3,39.6,0,1
25.1,57.6,0,1
32.8,50.4,1,0
33.8,30.9,0,1
34.7,47.2,1,1
31.9,46.6,1,0
34.6,35.7,0,1
32.6,27.7,1,1
35.1,30.9,0,0
34.5,24.4,1,2
30.8,34.3,0,1
29.3,68.4,1,0
30.8,58.1,0,1
29.4,18.4,0,1
25.4,21.8,0,1
24.3,50.3,1,0
32.5,63.3,1,2
39,32.8,0,0
29.7,17.4,0,2
36.5,37.5,0,1
27.3,40.2,1,2
25,37.3,0,2
34.7,29.4,0,0
27.6,38.6,1,1
29.5,46.9,1,1
36.7,52.3,1,1
29.9,61.8,1,2
28.4,36.6,1,0
32.8,37.2,1,0
35.9,36.4,1,2
27.5,46.4,1,0
33.3,42.3,1,1
28.6,60.5,1,2
30.9,58.1,1,0
35.1,62.4,1,1
27.1,59.1,1,1
29.3,47.8,1,2
36.8,60.1,1,1
30.5,52.8,1,0
37.9,42.2,1,0
31.7,63.9,1,1
29.9,42.6,1,2
25.3,45.2,1,0
32,41.8,1,1
30.1,43,1,0
18.1,43.4,0,0
26.7,51.2,1,1
28.9,39,1,0
29.1,42.5,1,0
30.6,43.6,0,0
33.3,50.9,1,0
28.8,49.2,1,0
29.5,47.9,1,1
31.7,37.4,0,2
31.9,27.2,1,0
30.3,47.6,0,0
33.2,35.9,0,0
34.8,40.9,1,0
27.1,24.4,1,2
28.8,47.8,1,1
33.6,31.5,0,2
30.1,39.6,1,1
26.5,53,1,2
26.6,20,0,2
23.6,49.4,1,1
36.5,39.5,0,2
34.8,40.4,1,0
28.7,46.7,0,0
33.3,43.7,1,1
25.4,61.2,1,0
28.2,22,1,2
27.5,59.6,0,1
30.4,38.9,0,1
31.8,48.9,1,2
25.9,41,1,1
31.1,52.1,1,1
32.7,57.4,1,0
29.3,18.4,1,1
28.2,46.2,1,1
41.5,42.2,1,0
32.3,35.5,1,1
28.2,59.5,0,0
31.2,42.3,1,0
32.1,33,1,1
35.8,15.9,0,1
24.3,54.8,0,2
25.6,60.5,1,2
31.5,50.3,1,1
29.9,60.6,1,0
32.5,51.8,1,1
26.9,42,1,1
21.7,41.8,1,0
37.2,54.9,0,0
30,55.6,1,2
30.6,59.1,1,0
27.9,54.5,1,0
31.1,49.6,0,1
27.4,47.1,0,0
21.8,31,0,1
27.4,64.5,1,1
35,40.7,1,0
29.7,55,1,2
31,21,0,1
24.4,31.5,0,1
31.6,51,1,1
32.4,58.2,1,1
31.4,48.6,1,0
26.9,38.3,0,1
31.9,35.7,1,0
27.2,44.9,1,1
38.3,29.1,1,1
28.1,43.1,1,0
31.8,49.3,1,1
37.2,28.7,1,0
30.2,39.3,0,2
26.8,49.4,0,2
31.6,28.8,0,1
33.4,35,0,2
29.7,36,0,1
31.1,52,1,1
34.2,67,1,0
36.4,36.6,0,2
24.6,31.2,1,1
22.8,48.5,0,2
30.3,54.7,1,1
37,36.4,1,0
31.4,52.7,0,2
35.4,66.1,0,0
25,54.9,1,0
33.3,44.3,1,0
26.8,40.2,1,2
33,36.2,0,2
25.9,42,1,0
26.7,28.1,1,1
32.2,30.9,1,0
25.5,41,1,0
40.7,39.2,1,0
24.2,45.1,1,1
38.2,46.3,1,1
39.2,41.9,1,2
34,52,1,1
28.9,35.3,0,1
27.7,59.8,1,1
36.2,51.7,1,1
26.5,32.2,0,1
27,38.2,1,2
33.5,44.4,1,1
37.7,53.7,1,0
29.5,35.8,1,1
25.8,36.8,1,1
30.7,38.7,1,0
30.8,57.3,1,1
34,59.7,1,2
32.9,35.2,0,2
28.6,33.2,0,0
30.8,26.6,0,0
31.1,33.3,1,1
31,36,1,1
32.3,47.6,0,1
40,60.6,1,1
34,46.7,0,1
31.1,43.3,1,1
31.6,48.9,1,0
31.7,46.3,1,0
32.4,45.2,0,1
24.5,22.4,1,2
33.6,33.8,1,1
28.5,43.8,1,2
31.5,20.6,1,1
32.7,33.3,1,0
30,53,0,1
27.1,56.5,1,2
25.8,46.9,0,0
31.4,61.1,1,0
23.6,65.9,0,0
25.5,44.1,1,1
28.4,19.1,0,0
27.8,58.1,0,0
36.9,44.2,1,0
25.7,52.3,1,1
22.4,45.3,0,0
32.2,18.4,0,2
38.9,25.5,0,2
30.6,31.6,0,1
26.7,71.9,1,1
31.4,49.7,1,0
32.5,61.2,0,1
33.3,53.4,1,1
36,42.2,1,1
28.9,70,1,1
25.1,39.2,1,1
32,56.7,0,0
25.2,54,1,1
33.2,55.6,0,1
28,10,1,1
33.4,19.2,1,2
26.9,53.4,0,0
21.8,28.2,0,2
28.4,27.9,1,0
35.1,42,0,2
24.8,38.9,1,0
32.6,49,1,0
29.2,39.2,0,1
33.4,53.7,1,1
29.4,42.3,1,0
32.9,33,1,0
33.3,63.3,0,1
31.6,57.6,1,0
32.8,50.1,1,1
34.1,59.7,1,2
30.9,38.7,0,0
35.9,17.3,1,1
26.7,38.2,1,1
29.3,65,1,0
26.3,27.7,1,1
32,55,1,1
31.3,41,1,1
31.4,57,1,2
34.9,62.4,1,2
35.3,56.7,0,2
32.8,48.7,1,1
31.3,58.9,1,2
29.7,50.6,1,1
31.1,35.5,0,1
27.3,36.8,0,1
25.9,32.8,1,1
29.2,61.1,1,1
29.2,40.3,1,1
30.1,33.4,1,2
33.7,51.5,1,1
33.8,32.3,0,0
28.2,46.2,1,0
34.8,21.1,0,0
31,54.1,1,2
26.6,32,0,2
31.5,43.8,0,2
19.8,45.1,1,1
30.7,45.5,1,0
25.1,44.9,1,2
35.3,54.5,1,1
32.9,55.3,1,1
29.8,37.3,1,1
32.7,31.1,1,1
34.3,40.4,1,2
36.3,44.2,0,0
28.3,61.5,1,0
36.1,37.2,0,1
31,24.4,0,0
26.7,56.3,1,1
31.4,37.6,0,0
33.8,44.2,0,0
31.5,56.8,1,2
33.8,52.1,0,2
32.5,47.3,1,1
34.8,56.2,0,0
34,18.5,1,1
32.5,28.6,1,1
27.8,42.7,1,1
32.3,33.7,1,0
29.2,48.8,1,0
39.4,23.1,1,1
26.2,27.6,0,1
29.9,42,1,1
23.4,24.6,1,2
27.9,43.9,1,1
25.9,44.4,0,2
28.5,60.2,1,0
27.9,44.9,0,1
26.7,40.9,1,1
34.2,41.3,1,0
20.8,33.2,1,1
27.3,41.8,1,1
33.8,32.4,1,1
32.4,35.1,1,0
26.5,55.2,1,2
29.9,30.2,0,0
31.2,30.6,1,1
29.4,50.2,1,2
29.8,44.5,1,2
25.4,54.3,0,2
33.6,50.4,0,0
34.2,28.6,0,1
38.7,43.8,1,0
34.4,45.9,1,1
28,38.3,0,2
28.9,55.2,1,1
23.2,71.4,1,1
25.3,33.3,1,1
37.1,41.1,1,1
29.9,44.9,1,1
31,9.1,0,1
39.3,27.9,0,0
35.9,42.3,0,2
28.2,40.1,1,0
33.5,51.4,0,0
31.3,48.6,0,0
29.2,42.4,1,0
31.5,59.5,1,2
36.8,53,1,0
34,33.4,1,1
27.1,41,1,1
31.7,54.7,0,2
26.6,26.6,1,1
35.5,35.7,1,0
31.2,42.4,0,1
26.5,50.5,1,1
29.9,37.8,1,2
29.7,26.9,1,2
28.1,48.4,1,1
31,42.7,1,1
35.3,45.1,0,2
28.6,61.9,1,1
32.5,22.6,0,0
36.3,15.1,1,0
25.8,37.9,1,0
29.7,48.8,1,1
28.8,41.3,1,1
29.3,56.9,1,0
28.1,43.8,1,0
40.4,48.8,0,1
42.6,54.8,1,1
36.7,51.8,1,0
36.9,42.8,0,0
36.1,29.9,0,2
38.5,41.3,1,0
40.7,38.2,0,2
43.7,38.1,1,0
39,32,0,1
45.2,41.5,1,1
40.5,22.4,0,1
34.9,48.1,1,1
40.5,36.3,0,1
49.1,39.4,1,1
37.7,33.7,1,2
46.6,33.6,1,1
41,36.9,1,1
42.2,37.2,0,0
42.3,54.6,1,1
39.8,37.7,1,2
41.5,49.3,1,2
38.9,40.8,1,0
44.5,53,0,1
39,64.3,1,0
40.4,32.2,1,1
35,48.2,1,0
38.2,32.5,1,1
37,37.2,0,0
38.1,52.9,1,2
37.1,49.7,0,0
40.6,54.8,1,1
31.5,31.6,0,2
42.1,48.2,1,1
43.8,24.1,0,0
34.4,71.4,1,1
37.8,22.1,1,1
36.3,19.1,1,0
40.7,51.7,1,1
35.3,57.4,1,2
44.1,48.1,0,1
40.2,40.2,1,0
34.3,48.7,1,1
41.6,21.2,1,0
44.3,39.4,0,0
42.3,48.5,1,2
37.9,58.9,0,1
39,52.4,1,0
34.2,55.5,0,1
40.7,42.3,1,0
39.9,41,1,0
37.5,27.2,0,0
37.2,47.1,0,2
43.3,34.1,0,1
36.8,33.7,1,0
43.5,44.3,1,0
34.9,48,1,2
34.3,65.4,1,1
42.5,34.1,0,2
38.7,50.2,1,1
34.2,55.9,1,0
34.6,64.3,1,1
44.9,49.8,0,0
38,44.5,1,2
39.9,26.8,1,0
40.5,21.2,0,0
45.1,47.9,1,0
37.4,47.2,0,1
41.9,49.2,1,1
40.9,37.1,0,0
37.2,50.9,1,1
35.9,46.2,1,1
35.3,32.3,1,0
36.7,60.2,0,1
48.7,56.4,0,1
38.1,40.8,1,2
44.7,63.5,1,1
37.7,40.3,0,1
41.3,51.4,1,2
34.3,56,1,2
40,32.7,1,0
37.4,34.6,1,0
39.6,50.4,0,1
45.9,49.3,0,0
39,47.9,0,0
42.1,35,1,2
42.5,61.2,1,1
40.6,58.2,1,0
29.9,29.2,0,1
39.8,27.7,1,1
34.3,37.6,0,1
36.5,55.3,0,1
47.1,57.3,0,2
37.2,48.5,1,1
37.4,27.8,1,1
38,20,1,1
44.1,45.2,1,1
40.5,41.3,1,2
47.1,33.7,0,1
38.7,48.8,1,1
37,49,1,1
44.9,52.4,0,2
40.1,52.6,1,0
31.4,42.6,1,1
40.2,20.5,0,1
41.8,44,1,1
43.8,47.7,0,1
41,34.7,0,2
39.7,51.6,1,1
36.9,49.9,1,2
39.8,47.6,1,0
34.8,64.3,1,1
38.9,32.6,0,0
44.9,42,1,2
35.8,25.3,1,1
34.8,35.1,1,1
40.3,59,1,1
36.7,56,1,0
37.4,18.4,0,0
41.8,41.6,0,1
40.5,50.5,1,0
41.1,31.4,1,1
29.2,45.2,0,1
41.4,51.2,1,0
38.6,47.6,1,0
35.7,61.3,0,2
35.5,64.5,1,0
32.6,32.7,0,2
37.2,61.2,0,1
36.8,53.8,1,0
39.1,39.6,1,1
29.3,35.8,0,0
45.2,32.4,1,2
36.6,27.1,0,0
30.1,52.5,0,2
39.5,53,1,0
37.8,46.9,1,2
39.6,41.3,1,1
40.7,52.1,1,1
44.2,54.6,1,1
41,67.5,1,2
36.9,28.1,0,1
41.3,49.6,1,1
50.4,41.3,1,0
42.8,24.7,0,0
46.1,46.7,1,1
35.2,39.2,0,2
38.6,50,0,1
40.5,37.5,1,1
35.7,39.2,1,1
35.9,45.3,1,0
33.3,54.1,1,0
39,44.1,1,0
39.1,50.9,1,1
42.2,66.8,1,2
39,71.5,1,0
45.2,27.2,0,1
39,63,0,1
39.8,45,1,1
35.4,32.9,0,2
40.1,46.3,0,1
34.8,44.4,0,1
35.6,30.9,1,2
39.4,35.7,0,1
41.6,64.6,0,1
39,42.8,1,1
26.4,49.7,1,0
36,32.3,0,1
33.9,44.4,1,2
37.2,54.7,0,2
37.2,36.6,0,0
45.3,54.1,1,0
39.8,35.6,0,2
39.7,67.1,1,0
37.2,26.2,1,0
41.1,43.8,1,1
29.9,49.2,0,0
38.2,20.7,1,0
42.6,39.4,0,0
42.1,52.3,1,2
35.4,21.6,1,1
44.1,66.1,0,0
44.4,56.2,1,1
40.5,42.2,0,0
45.2,57,0,2
31.4,45.6,1,0
45.1,40.8,1,0
35.7,31.4,1,2
42.9,58.5,1,0
38.6,43.6,1,0
38.7,36.4,1,1
40.6,42.4,1,0
39.5,26.9,1,2
44.1,41.6,1,1
37.8,38,0,2
40.3,49.2,0,1
47.6,36.7,1,2
37.1,31.8,1,1
36.9,33.4,0,0
44,36.3,0,2
31.2,29.1,1,1
42,56.8,0,2
34.1,45.5,1,1
39.9,64.2,1,1
36.6,44.4,1,1
37.7,33.6,1,0
45.3,42,0,2
41.4,49.8,1,0
40.5,48.9,1,1
40.3,76.2,1,1
37,30.9,1,1
38.1,49.9,1,2
37.7,46.9,1,0
39.1,35.4,1,2
36.7,54.6,1,2
39.2,27.8,1,0
38,23.6,0,1
37.3,45.6,0,2
36.8,63.4,1,0
39.7,64.9,1,1
36.9,35.3,1,1
39.1,47.5,0,1
47.9,21.6,0,2
48,42.9,1,1
36.8,50.5,1,1
33.1,48.1,1,1
34.7,53.7,1,2
41.1,38.7,0,0
39.1,46.1,0,0
47.5,63.5,1,0
44.8,70.8,0,1
40.8,44.6,0,1
42.1,54.7,1,1
34.7,31.7,1,0
44,43.9,0,0
36.7,95,1,1
36.7,45.6,0,1
36.2,28.4,1,2
44.2,34.5,1,1
36.6,28.8,1,1
44.1,44.6,1,1
43.2,55.5,1,0
37.1,56.9,1,1
30.8,36.7,1,1
44.1,50.2,1,0
35.9,46.3,1,2
37,45.2,0,1
43.8,58.9,1,1
32.5,39.4,0,0
34.6,23.4,1,0
43.7,46.2,1,1
39.6,41.8,1,2
41.2,33.9,0,1
38.5,40.2,1,1
35.7,61.7,1,0
37.1,30.4,0,0
42.1,39.7,1,1
45.5,47.9,0,1
34.7,41.1,0,1
41.2,35.5,1,1
40,37.9,1,1
39.9,63.4,1,1
39.6,13.1,0,1
39.7,49.7,1,1
34.8,52,1,0
37.8,47,1,0
43.7,39.3,0,1
36.6,40.2,1,1
34,41.2,0,1
35.8,27.7,1,2
45.5,61,1,2
43.6,55.4,1,0
34.7,20.8,1,0
41.9,55.4,1,2
39.5,63.4,1,2
41.4,32.5,1,0
34,19.3,0,1
40.5,74.5,0,1
42.3,48.6,1,2
45,37.8,1,0
37,57.5,0,0
45.6,50.5,1,0
39.1,59.2,1,1
37.2,54.3,0,0
41,54.2,1,0
35.5,28.4,1,1
36.9,54.5,1,2
41.6,63.2,1,2
43.2,40.6,0,0
35.3,35.8,0,0
36.3,45.5,1,2
36,37.7,0,2
42.5,22.7,0,1
43.6,40.5,1,0
36.3,49.3,1,0
35.7,62,0,0
40.1,31.2,0,1
34.8,69.5,1,0
40.2,58.4,0,0
42.1,58.4,1,2
40.7,41.7,1,1
40.6,38.2,0,0
49,44.6,1,2
37.9,39.1,0,0
34.3,44.5,1,1
35.6,42.7,1,1
45.2,38.8,0,1
38.5,43.2,1,1
40.7,43.1,1,1
38.7,42.8,0,1
49.7,50,1,1
32.5,36.2,0,1
34.7,40.6,1,1
44,42.1,1,2
38.9,46.6,0,1
38.6,60.3,1,1
43.3,45,1,1
32.1,43.3,1,0
37,46.5,1,0
43.4,52.1,1,2
32.8,69.3,1,1
43.3,26,1,0
32.2,44.4,1,2
44.9,51.7,1,1
33,47.4,1,1
37.6,29,0,1
38.2,48.4,1,0
38.1,39.4,1,2
43.1,48.3,0,0
38.7,50.8,1,2
37.6,31.8,0,0
41.2,66.9,1,1
44.1,37.7,0,0
44.6,61.7,0,1
32.7,51,1,1
44.7,62.3,1,2
36.2,53.3,1,1
40.4,54.6,1,1
42.2,40.3,1,2
33.5,25.1,1,1
40,32.4,0,2
30.2,51.1,1,0
40.8,57.9,1,1
33.9,45.8,1,2
31.8,67.9,0,1
45.7,36.7,1,1
38.3,28.8,1,2
43.7,30.2,1,1
36.9,34.7,0,2
39.1,38.7,0,0
39,51.2,1,1
41.1,52.2,0,2
26.9,58.1,1,1
32,36.2,1,1
35.1,62.1,1,1
35.5,43.2,1,1
35.5,28,0,1
41.6,40.2,1,1
31.7,56.4,1,1
41.3,53.1,1,1
37.3,44.1,1,1
35,29,1,1
44.2,50,0,2
42.4,52,1,0
44.2,34.4,1,0
32.8,55,1,0
34.7,53.9,1,1
41.9,67.6,1,0
29.8,44.6,0,1
39,51.8,1,0
37,59.9,1,0
35.4,40.9,1,1
38.1,46.2,1,1
32.3,40.1,1,2
34.4,68.4,1,0
37.7,54.1,1,1
39.1,9.8,0,1
32,35.3,1,2
36.7,51.5,1,1
40.8,31.4,1,2
38.2,29.4,1,1
36.8,39.3,1,0
34.9,50.9,1,1
39,49.7,1,1
32.7,32.1,1,2
40.1,46.5,1,0
43.9,53.8,1,0
44,50,1,2
31,14.9,1,0
36.3,19.7,1,0
37,38.9,1,2
37.8,41.7,1,2
36.1,56.5,1,2
34,35.2,0,1
36.2,37.7,0,0
37.3,35.7,0,0
35.9,44.7,1,0
34.2,54.1,0,1
39,42.4,1,1
38.7,46.1,1,0
39.8,58.6,1,1
34.1,39.2,1,0
39.4,48.2,1,1
40.1,54,0,0
39.9,50.3,1,0
35.8,46,1,0
38.2,58.6,1,1
38.4,58.8,0,1
43,48.6,1,1
38.2,49.6,0,1
37.4,38.5,0,0
40.3,42.1,1,1
39.2,14.6,1,1
40.7,38.2,0,0
38.4,45.4,1,1
37.5,56.2,1,1
43,16.2,0,1
43.3,45.8,1,0
38.3,53.1,1,2
35.3,55,1,0
31.5,47.2,1,2
34.6,49.4,1,0
34.2,36.7,1,1
38.3,60.8,1,0
33.8,44.3,1,1
44.2,38.4,1,0
38.4,52.8,1,0
35.7,43.1,1,1
40.7,34.8,0,1
41.4,41.3,1,2
37.8,44.8,1,1
30.4,30.2,0,2
40.2,76.2,1,0
37.6,20.5,0,2
39.8,25.5,0,0
43.1,40.7,1,1
39.3,40.1,1,0
41.3,35.6,1,1
39.9,26.3,1,0
37.5,38.5,1,0
30.1,55.8,1,0
41.5,40.3,0,2
43.2,48.2,1,0
31.6,18.2,1,2
36.5,51.3,1,1
40.7,41.4,1,1
38.1,38.7,1,1
37.8,36.9,1,1
40.5,38.8,0,1
37.6,33.6,0,0
29.4,46.7,1,2
39.5,52.5,1,2
44.4,39.4,0,2
45.7,24.5,0,2
43.3,25.4,1,0
37.4,49.7,1,1
36.3,64,1,0
45.6,67,1,0
42.6,56.1,0,0
40.3,54.3,0,0
37.5,32,0,1
39.3,38.8,0,2
34.2,50.7,1,2
33.3,62.8,0,2
35.5,59.4,0,1
37.6,45.3,0,2
35.2,44.9,0,2
36.8,35.3,0,2
41.9,38.8,1,1
36.6,51.8,1,1
31.2,54.1,1,1
39.1,46.6,1,0
36.8,25.8,1,1
41.4,59,0,0
22.2,59.8,1,2
32.8,43.1,1,2
34.2,35.9,1,1
38.7,65.1,1,1
32.7,57.2,1,2
39.2,42.4,1,0
34.5,46.8,1,0
36.5,56.7,0,2
37.2,44.6,1,1
31.9,36.5,0,1
41.4,28.2,1,1
41.7,46.2,1,0
41.9,50,1,1
36.4,60.9,1,1
40.1,50.1,0,1
33.4,38.8,1,2
26.1,41.5,1,0
42.2,66.8,1,1
35.7,66.5,1,1
37.4,59.3,1,0
31.6,39,1,0
40.9,65.1,1,0
40.8,46.5,1,0
38.1,38.7,1,1
48.1,52.2,1,1
37.5,33.3,0,1
40.8,42.7,1,1
44.4,47.8,1,1
43.2,39.5,1,1
41,37.2,0,1
40.1,42.7,0,2
37.1,44,1,1
36.3,50.3,1,2
40.6,49.8,0,1
36.7,43.1,1,1
37.3,52,1,0
40.4,41.2,1,1
38.5,40,1,1
33.5,45.5,1,1
33.2,42.9,1,0
40.3,40.6,1,2
34.1,26.8,0,1
39.1,42.1,1,1
31.5,37.2,0,0
36.4,55.1,1,1
39.4,41.8,1,2
40.8,42.7,1,2
35.1,48.9,0,1
34.9,41,1,0
37.1,37.5,1,0
38.6,43.1,1,2
43.4,42.3,1,0
39.2,53.9,1,0
31.8,56.7,1,2
39.8,61.7,1,1
29.6,39.1,0,1
39.3,47.5,1,0
42.6,43.8,0,2
34.2,27.5,0,1
35.9,34.3,0,0
36.6,30.4,0,2
39,38.9,0,2
41.8,19.1,1,1
35.4,47.3,1,0
39.8,50.4,1,1
38.7,28.7,1,1
38.3,56.3,0,2
46.7,27.2,1,2
35.9,31.8,1,2
37.6,55.9,1,2
36.2,61,1,2
38.1,56.7,1,1
37.3,42.3,1,1
42.1,50.3,1,1
35.1,63.3,1,0
35.3,65.3,0,1
40.3,32.3,0,0
35.2,52.1,1,1
34.9,66.3,1,2
40.7,49,1,1
33.5,53.9,1,1
40.1,48.5,1,0
36.6,52.8,1,0
30.5,46,1,1
39.6,63.4,1,1
33,73.9,1,1
32.2,54.3,1,0
32.7,45.7,1,2
36,54.7,1,1
34.9,38.9,1,2
34,44.6,1,1
33.9,57.3,1,1
35.8,24.3,1,1
40,59,0,2
34.6,35.3,1,0
39.8,48.9,1,2
36.9,53.9,0,1
33.6,60.6,1,1
40.4,62.1,0,2
35,41.7,1,0
39.4,52.6,1,1
34.1,30.3,0,0
38.2,23.7,0,2
28.4,35.6,1,0
40.2,30.9,0,2
44.2,51.7,1,1
37.7,49.9,1,1
40.6,26.1,0,1
39.2,38.2,0,0
41.6,49.7,1,1
28.4,33.3,1,1
31.1,39.1,1,2
41.5,40.2,1,2
40.2,35.4,1,2
33.4,45.8,1,1
38,57.1,1,0
40.2,25.6,0,2
38.2,60.8,1,1
29,37.7,1,2
37.1,43,0,2
34.4,33.7,1,0
27,75.6,1,0
44.5,50.1,1,2
39.1,63.9,1,0
39.6,54,0,0
33.7,48.9,1,0
34.1,59.2,1,1
35.7,49.5,1,1
43.7,33,1,1
31.8,63,0,2
38,50.5,0,1
32.5,52.3,1,1
34.5,49.1,1,1
40.5,65.2,0,1
34,42.4,0,2
37.2,58.6,1,0
34.5,54.5,1,1
40.1,47.7,1,1
34.1,59.2,1,1
36.5,49.2,0,1
44.7,52.7,0,0
47.1,44.3,1,1
44.5,63.9,0,1
35.5,41.6,0,1
31.5,43.9,1,2
32.2,61,0,0
37.9,59.9,1,1
37.6,33.2,1,1
31.3,47.4,1,0
39.7,40.7,0,2
42,52.9,1,2
39.2,47.5,1,1
45.7,31.8,0,0
37.6,46.3,1,0
39.6,61.3,1,2
40.5,62.8,0,1
35.7,53.8,1,1
31.2,54.2,1,1
42,44.4,1,1
37,45.9,1,1
45.5,41.3,1,0
35.6,48.2,1,1
34.1,40.4,1,0
45.1,28.7,1,1
39.7,41.5,1,1
35.8,33.9,0,1
34.4,41.9,1,0
41.3,59.6,1,1
37.8,63.5,1,0
31.3,63.1,1,2
36.9,37.7,0,0
35.7,22.3,0,1
41.3,51.2,0,0
25.5,51.9,1,2
39.3,26.7,1,1
30.4,38.6,0,1
42.7,46.6,1,1
36.6,40.1,1,1
35.4,23.6,0,0
38.3,40,0,1
35.5,42.1,1,0
34.8,60.5,1,0
42.8,40.9,1,0
39.3,55.5,1,2
31.4,44.3,0,1
30.5,58.2,1,0
28.6,45.4,1,1
32.7,62.4,1,1
27.9,50.6,1,1
30.6,51.1,1,1
34.9,22.9,0,0
24.4,70.4,0,0
25.9,20.5,0,2
29.3,40.8,1,2
27.9,72,1,2
27.9,21.4,1,2
33.4,52,1,1
33.4,61.8,1,1
26.8,37.7,0,2
27.2,53.3,1,1
30.5,41.6,1,1
32.3,35.4,0,2
27.5,50.1,1,1
30.5,47.2,1,1
25.6,53,1,0
34.5,41.3,1,1
32.2,35.3,1,0
34.8,54.7,1,0
29.1,61.3,1,0
31.6,27.2,1,1
30.2,56.1,0,2
36.4,56.1,0,0
30.8,43.1,1,2
29.4,64.2,1,2
30.8,32,0,2
35,54.8,1,1
31.6,71,0,1
26.8,41.4,0,2
27.2,52.8,0,1
32,48.9,0,0
36,43.6,1,0
29.4,57.4,1,1
35.2,69.7,1,2
33.4,51.9,1,2
29.6,49.2,1,1
31.1,45.5,1,2
30.9,33.8,0,0
39.7,46.9,1,2
35.6,35.2,0,1
35.8,37.9,1,1
35,50.7,1,1
33,62,1,2
30.4,41,0,1
32,61.3,1,0
31.8,57.4,1,0
26.1,42.7,1,1
27.3,34.4,1,1
32,35,1,0
26.7,36.8,0,1
30.6,51.3,0,1
29.4,63.4,1,0
29.1,44.3,0,1
31.2,39.7,1,0
26.3,45.3,1,0
27.8,51.4,1,1
28.6,52.4,1,2
31,53.9,1,0
23.8,38.3,0,1
33.9,61.3,1,0
32,32.4,1,1
29,56.6,1,1
24.6,52.6,1,0
28.3,45,0,1
27.2,41.7,0,1
31.4,35.5,0,1
29.9,28.9,0,1
29.2,40.1,1,1
33.4,26.1,0,1
33.1,53.9,1,2
27.7,30.1,0,1
30.5,48.3,1,1
28.6,51.2,1,2
27.9,41.1,1,1
32.3,24.6,1,1
33.7,59.7,0,0
28.9,60.4,1,2
31.2,45.3,1,1
29,28.6,0,0
27.8,40.4,1,1
26.2,37.4,0,1
29.4,26,1,1
39.9,28.2,1,1
27.3,52.1,1,0
33.4,49,1,1
34.7,65.2,1,1
30.3,30.1,1,2
29.6,18.6,0,1
30.1,56.6,1,2
23,27.3,1,1
35.6,41.9,0,1
35.5,44.7,1,1
26.5,55.6,1,1
31,56.8,1,1
36.4,62.5,1,2
34.7,27.4,1,1
30.1,44.4,1,1
29.9,69.8,1,0
26.6,45.6,0,0
39.1,34.7,0,0
31.4,63.2,1,2
31.8,43,0,0
32.9,38.6,0,1
30.2,55.4,1,1
34.3,56.3,1,0
32.1,47.4,1,1
35.4,45.2,1,1
28.5,40.2,1,0
35.7,46.7,1,0
29.8,38.6,1,2
32.5,38.3,0,2
35.9,31.7,1,0
28.4,44.1,1,1
31.2,45.8,1,2
29,32.3,0,2
31,59.1,0,1
28.7,22.5,0,1
29.2,69.4,0,1
30.1,34.4,0,0
35.8,44.2,0,2
29.5,31.4,1,1
29.6,26.3,0,1
30.6,23.8,0,1
24.4,61.3,0,1
32.7,44,1,2
30.1,29.1,1,1
33.7,37.8,0,0
30.9,46.5,1,1
29.7,50.4,1,2
31.5,48.9,1,0
28.3,51.9,1,1
21.6,46.2,1,1
23.7,57.9,0,0
27.4,60.4,1,1
35.1,56.6,1,2
35.3,54.5,1,0
31,53.9,1,1
29.1,30.8,0,1
33.7,52.9,1,1
30.6,53.2,1,1
28.1,33.4,1,1
32.4,23.5,0,0
24.8,49.2,0,1
26.2,39.3,1,1
30.8,32.7,0,1
36.6,66.8,1,0
37.2,28.4,1,2
28.2,45.3,1,0
25,49.7,1,1
27.4,55.3,0,0
28.4,51.2,1,1
28.5,42.8,0,0
30,73.1,1,1
26.9,38.9,0,0
33,52.5,1,1
26.9,49.3,0,0
28.5,66.5,1,0
28.1,36,0,1
32.9,58,1,1
25.9,40.3,1,0
24.5,43.1,1,2
22.9,16.4,1,1
38.3,59,1,0
36.6,53.7,1,0
32.4,55.2,1,1
37.4,45,0,0
31.7,27.6,0,1
31.8,58.1,1,1
31.9,64.3,1,1
33.5,47.7,1,0
28.9,34.5,1,2
27.9,37.1,1,0
31.1,64.6,0,2
33.2,31.3,1,2
36.1,26.8,1,1
32.4,20.8,1,1
27.6,46.4,1,0
32,39.1,1,0
31.1,32.5,0,2
30.2,50,0,0
36.9,41.7,0,0
25.5,22.8,0,1
25.2,33.9,1,1
27.2,44.1,1,1
26.8,33.5,1,1
32.6,34.5,0,2
19.6,42.8,0,0
39.5,28.8,1,1
24.9,33.9,1,1
35.4,51.3,1,2
32.1,59,1,0
29.2,49.3,1,2
25.7,38.6,1,2
37.9,59.9,1,0
35,53.3,1,1
30.6,33.3,1,1
28,36.6,0,0
28.6,33.9,0,1
32.7,33.2,1,0
38.1,19.3,1,1
23.9,55,1,0
32.9,36.9,1,1
30,30.7,1,0
37.2,21.6,0,0
30.1,38.2,0,0
24.5,56.6,1,1
36.9,62.8,1,0
42.5,59.9,1,0
34.7,61.1,0,2
33.8,35.5,0,2
30.1,41.1,1,0
27.3,37.3,1,1
28.5,52.7,1,1
34.4,51,1,1
32.3,39.9,0,1
32.6,51.5,1,2
36.1,50.4,1,1
21.5,31.7,0,1
30.8,74.7,0,1
28.5,56.2,1,0
33.4,41.3,0,2
34.2,33.4,0,2
26.5,50.1,1,1
32.3,59,1,1
32.3,36,0,1
37.2,38.8,0,1
30.7,65.5,0,1
25.9,41.1,1,2
26.9,26.5,1,2
25.6,49,0,2
27.6,49.9,1,2
27.8,53.9,0,1
29.9,44.8,1,1
29.9,15.1,0,1
30.6,53.5,1,1
32.4,65.7,1,1
34,18.5,0,0
28.1,57.3,0,1
33.2,34.7,0,1
34,51.1,1,1
30.9,11.3,0,0
26.8,47.8,1,1
30.2,44.1,1,1
27.9,43.1,0,2
22,39.1,1,0
32,47,0,0
35.1,47.8,1,2
36.9,21.6,0,1
31.6,5,0,1
37.3,39.3,0,0
35.6,56.4,1,0
30,47.9,1,2
32.5,55.9,0,0
31.7,53.5,1,0
32.1,36.7,1,0
28.8,55.5,1,0
31.4,56.3,1,2
35.5,26.7,0,0
23.5,18.2,1,1
31.3,62.9,0,2
35.1,30,0,1
30.9,37.8,1,2
30.1,43.5,1,0
32.7,58.2,1,1
32.8,59.6,1,0
30.8,60.3,1,1
33,55.2,0,2
29.9,56.8,0,0
35.1,43.6,1,1
29.6,41,0,1
25,54.6,1,1
36.6,20.4,0,0
31.9,37.9,1,1
32.1,41,1,1
36.3,50.5,0,0
27.8,51.5,0,1
36.8,51.5,0,1
31,40.1,1,0
32,62.7,0,1
42.4,32.1,0,1
35.6,59.7,1,1
35.6,46.6,1,2
33.5,23.7,1,2
36.1,45.8,1,2
33.8,42.4,0,2
31.2,27.6,0,2
29.5,34.1,1,1
34.2,55.5,1,0
30.7,53.9,1,1
35.7,40.4,1,1
20.4,42.7,1,1
27,35,0,0
33.7,47.6,1,1
26.3,6.9,1,1
33.4,48.7,1,1
44.2,51.2,0,1
29.3,36.6,0,2
30.4,5,1,1
35.5,53.3,1,1
43.1,26.2,1,0
27.4,45.9,1,2
29.7,22.3,0,2
27.6,45.9,0,0
31,50.7,1,2
18.9,37.3,0,2
35.2,63.8,1,1
31.1,39.6,0,2
32.1,46.6,1,0
40.6,39,0,2
24.2,45.8,1,0
26.3,66.6,0,1
31,39.7,0,2
29.2,44.1,0,0
29.5,40.2,1,2
25,54.8,0,0
23.8,37.4,1,0
34.5,47.2,1,1
42.6,55.9,1,1
31.9,26.9,0,1
27.9,42.4,1,1
25.2,52.2,1,0
27.9,50.8,1,2
36.7,50.3,1,1
33.4,54.1,1,1
25.2,34.4,0,0
28.8,46.8,0,0
27.3,40.7,0,1
33.2,47,1,2
34.1,45,1,0
35,48.8,0,1
34.2,54.5,1,0
31.7,33.2,0,2
31.3,42.3,1,2
24.3,51.6,1,1
33.3,53.9,1,2
25.5,30.1,0,1
36.6,68.1,1,1
29.3,46.8,1,2
27.7,47.2,1,0
27.7,47.9,1,1
25.3,47.1,1,2
27.7,55,0,0
27,33.3,0,1
24.7,59.1,1,1
33.7,40.4,1,0
24.2,52.7,1,2
35.1,30.1,1,0
34.6,28.6,1,0
30.5,37.3,1,1
31.8,34.6,1,1
28.2,55.6,1,1
29.3,61.5,1,1
28.3,67.7,1,0
30.3,53.9,0,1
36.2,55.6,0,0
34.7,49.9,1,1
28.6,30.3,1,1
29.6,54.9,1,1
31.2,48.4,1,1
28.2,47.3,1,1
27.4,57.4,1,1
29.1,34.8,1,1
35,44.3,1,1
26.3,37,1,1
33.9,53.5,1,2
26.8,44.8,1,0
29.5,50.2,1,0
29.6,41.8,1,1
30,42.2,1,1
31.6,44.7,0,2
26.8,50.1,0,1
28.9,21,1,1
38.7,59.3,1,1
23.9,42.6,1,2
28.8,57.6,1,1
27.3,37.6,1,0
30.1,34.7,0,0
32.7,40.2,1,1
32.8,62.7,1,0
26,40,1,1
34.3,24.4,0,2
27.2,42.6,1,1
34.4,65.1,1,2
34.7,49.4,1,1
23.9,48.9,1,1
24.9,62.7,0,1
31,48.3,1,2
38.2,50.5,0,0
27.4,22.1,0,0
30.4,32.5,1,1
29.3,36.3,1,1
27.6,67.2,1,0
19.2,44.3,1,1
30,55.1,1,1
27.2,52,1,1
26.9,55.2,1,1
33.1,38.7,1,0
29.3,39.2,1,0
40,66.7,1,0
29.7,30.4,1,0
24.7,67.2,1,1
34.3,56.5,0,1
32.7,28.6,1,2
31.6,49.3,1,0
28.5,34,1,2
31.9,31,1,1
29.3,51.1,1,0
21.4,39.9,1,1
31,34.1,1,0
30.2,48.2,1,0
26.6,34.3,0,0
26.8,52.9,1,1
35.6,45.2,1,1
32.8,19.7,1,1
24.8,33.5,0,0
24.7,32.5,0,0
32.7,31.2,1,0
23.9,54,1,0
31.2,29.7,0,0
29.3,52.9,1,2
32.6,66.2,0,2
27,53,1,0
31.3,29,0,0
30.1,48.8,1,1
41.3,40.7,0,2
27.5,64.6,1,1
26.7,31.2,1,2
23.7,42.5,1,1
36.1,26.9,1,1
28,31.4,0,1
29.7,18.3,1,1
20,44.5,1,2
36.8,38,0,1
36.1,52.6,1,1
29.3,83.3,1,2
29.7,50.4,1,1
25.5,59.8,1,0
28.4,46.9,1,0
26.6,60,1,1
27,40.3,1,1
31.6,47,0,0
24.4,48.3,1,1
33.8,30.6,1,0
24.8,47.2,1,0
33.3,59.1,1,0
28.5,41.1,1,1
21.9,48.8,1,1
31.3,48.6,1,1
30.3,51.6,0,2
30.2,49.7,1,2
32.1,54.8,1,1
30.2,52.5,1,1
33.3,50.1,1,0
27.8,41.3,1,1
35.7,50.8,1,2
39.1,40.1,1,1
30.9,48.5,1,1
35.3,56.3,1,2
26.9,42.2,0,1
30.4,39.5,0,2
33.7,42.2,1,0
30.3,19.5,1,0
30.3,32.6,0,0
26.7,63,1,0
25.8,33.3,0,2
26.5,46.1,1,0
27.5,58.5,0,0
26.8,39.5,0,1
20.8,31.7,0,1
26.5,37.9,1,1
37.8,53.9,1,1
30.3,45.7,1,1
27.4,39.2,0,0
30.1,30.9,0,2
26.1,41.6,1,1
25.3,36.3,1,1
35.8,37.1,0,0
26.1,48,0,2
25.8,58.4,0,0
30.9,27.8,1,1
40,45.3,0,2
20.5,32.9,1,1
25,33,1,2
26.9,52.8,1,2
29.3,39.8,1,0
28.2,49.1,1,0
27.6,30,1,2
26.3,30.5,1,1
25.6,37.5,1,1
32.9,43.8,1,2
33.1,68.7,1,0
32.7,58.2,0,1
38.8,35.3,0,2
27.5,30.7,0,0
34,39,0,1
34.4,39.4,0,2
34.7,51.4,1,1
25.1,31.5,1,1
27.6,44.6,1,0
32.5,62.5,0,2
29.9,46.2,0,1
31.9,12.3,1,1
31.4,30.3,0,2
32.2,34,1,1
29.9,42.5,1,0
35.5,48.8,1,2
31.1,38.3,1,1
29.6,48.1,1,1
33.7,49.9,1,1
29.7,47.9,1,2
25.9,39.5,0,2
23.3,60.8,0,0
30.6,36.8,1,0
23.7,47.7,1,1
32,44.3,1,1
34.7,41.7,1,0
33.4,51.6,1,1
33.9,61.8,0,2
23.7,34.8,0,1
27.8,32.1,0,0
27.8,46.7,1,0
28.8,52,1,1
30.2,35.2,0,1
25.8,15,1,0
25.9,45.6,0,1
33,48.6,1,1
31.5,30.9,0,0
26.4,60.7,1,1
26.7,40.8,1,1
32.1,37.3,1,0
29,15.7,1,0
32.8,55.2,0,0
26.7,39.1,0,1
32.6,65.4,1,2
37.4,51.5,0,2
22.3,62.9,1,2
31.7,45.7,1,2
40.8,44.1,1,1
27.4,50.6,0,2
31.5,33.7,0,0
23.9,61.4,1,1
29.7,58.4,0,0
26.4,37.4,0,1
27.3,54.6,1,2
31,40.3,1,1
32.2,42.3,1,1
33.6,27.6,0,1
28.7,46.4,0,2
23.8,58.8,1,0
34.8,47.9,1,0
30.5,34.2,0,2
31.1,57.1,1,0
27,31.6,1,1
30.4,44.2,1,1
34.9,46.7,1,0
31.9,57.9,0,2
26.8,47.3,0,1
34.2,39.8,1,2
33.5,45.9,0,1
30.2,23,1,0
34.7,25.1,1,1
27.6,60.3,1,1
20.5,38.6,0,0
25.5,46,1,1
25.7,44.9,0,1
29.3,35.9,1,0
29.5,45.9,1,1
27.6,47.5,1,1
24.5,52.1,1,1
34.1,51,1,0
29,48.5,1,2
29.9,61.4,1,2
30.8,52.4,1,2
31.4,55.8,0,0
25.1,28.7,1,0
32,56.5,1,1
30.3,53.4,1,0
23.7,35.2,1,1
27,36.5,0,2
36.3,45.2,0,0
32.1,71,1,1
23.8,57.1,1,1
33.3,54.6,1,1
31.2,24.5,0,1
29.5,63.1,0,1
33.9,56,0,1
22.9,50.7,1,0
31.5,59.8,1,1
26.7,70.3,1,1
28.2,40.8,1,0
29.7,60.8,1,1
26.6,34.9,1,2
31.7,25.8,0,0
30.7,23.1,1,0
29.3,31.1,1,2
32,32,1,1
20.7,35.2,0,1
37.2,27.8,0,1
29.8,39.1,0,1
28.6,52,1,1
28.5,55.3,0,2
24.3,45.6,1,1
27.9,36.8,1,2
31,43.7,1,1
30.1,59,1,0
26.8,44.4,1,0
32.1,15.4,0,0
26.5,52,1,2
30.9,47.9,1,1
27.3,70.7,0,0
29.7,64.3,1,1
30.4,38.1,0,0
34.5,47.5,1,0
33.6,46.3,1,2
29.6,40.2,1,0
32.9,40.9,0,1
32.4,55.2,1,2
28.4,29.1,0,1
32.5,66,1,0
26.3,27,0,1
37.9,50.6,1,0
34.4,30,1,0
29.9,48.7,1,1
36.5,56.3,0,0
30.7,63.4,1,1
35,41,1,1
23.6,50.4,1,0
25.7,25.4,0,1
33.8,38.1,1,1
30.1,39.8,0,0
17.4,43.2,1,1
28.2,38.3,0,0
23.9,43.8,1,0
30.5,48.4,1,2
23.6,41.4,1,2
30.1,49.2,0,2
24.7,46.8,0,0
33.3,62.7,0,1
31,38.1,1,0
29.9,43.2,0,1
31.6,37.9,0,1
36.6,42.5,1,0
30.4,14.7,0,1
38.6,45.1,1,0
21.9,27.9,1,1
28.2,59.4,1,2
33.1,50.7,1,1
36.4,24.9,1,1
25,27.9,0,1
37.2,39,1,1
26.1,26.6,0,2
25.1,25.3,1,0
26.6,47.5,1,1
36.8,58.5,0,2
28.2,54,1,0
35.4,46.3,1,1
28.2,46.3,1,1
29.9,53.6,1,1
31.5,44.9,0,2
28,49,1,1
34.5,54.5,0,1
34,48.8,0,0
29.9,45.4,0,1
22.4,45.5,1,1
24.3,51.3,1,1
29.5,44.9,1,1
28.6,32.5,1,2
30.2,35.2,1,2
31.1,53.7,1,2
26.6,42.1,1,1
29.8,36,0,0
33,23.6,0,1
29,46.6,1,1
29.7,62.6,1,2
32.3,40.6,0,1
32.4,55.8,1,2
24.9,78.9,1,0
32.9,65.9,0,0
34.4,45.9,1,1
26.8,37.9,0,2
27.1,44.7,1,0
31.8,44.4,1,1
28.8,34.8,1,1
32.7,28.2,1,0
22.9,46.7,1,1
32.4,50.6,1,1
30.5,43.1,1,1
27.2,52.9,1,1
34.2,33.6,0,1
31.7,31.5,0,0
31.3,53.4,1,1
34.8,47.8,1,1
28.2,32.4,1,0
28.9,51.7,1,2
25.8,27.1,1,2
33.8,47.6,0,2
36.5,56.5,1,1
31.8,64.1,1,0
34.1,45.1,1,2
35.1,11.4,0,2
30.8,51.6,1,1
31,42.5,0,2
39.2,61,1,0
31.9,34.4,0,1
24.2,48.6,1,1
32.2,43.9,0,0
30.4,24.6,0,2
36.2,46.7,0,1
33.4,42.2,1,0
24.9,21.9,0,2
38.7,45.5,1,2
28.3,39.5,1,2
28.2,49.2,1,2
28.9,51.6,1,0
27.6,55.5,0,0
29.1,42.5,1,1
30.2,64.3,1,0
28,40.5,0,0
28.8,32.5,0,1
30.4,37.7,0,1
32.9,42.9,1,1
30.7,26.8,1,1
36.2,50.7,1,1
32.8,41.7,1,0
36.1,44.5,1,1
34.6,19.7,0,0
26.8,64.5,0,1
36.4,27.3,0,0
26.5,68.3,1,1
36.4,38.9,0,1
27.7,43.6,1,1
31.6,60.6,1,0
32.5,37.3,0,1
33,52.6,1,0
38.7,43.7,0,2
31.6,57.5,1,0
28.8,47.4,1,0
36.5,45.2,1,2
34.5,58.5,1,1
32.8,61,1,1
29.5,30.2,0,0
38.6,49.5,1,2
38.3,33.3,1,2
29.6,39,1,0
36.1,28.6,0,0
30.5,45.3,1,1
34.5,38.1,0,1
25.7,27.4,0,1
33,56.5,1,1
36.7,58.8,1,0
32.9,45.9,1,0
22,49.7,1,1
33.6,38.9,1,0
28.1,29.1,0,0
29.5,26.2,1,1
33.6,42.8,0,1
27.6,39,0,1
28,37.9,1,1
29.7,35.4,1,2
31.1,41.7,1,0
31.2,36,1,1
31.2,49.3,0,0
35.9,38.2,1,1
30.6,70.7,1,1
32,43.2,1,1
31,43.2,1,1
32.1,34.1,1,0
31.6,52.3,1,0
28.9,27.1,1,1
27.1,35.2,1,1
22,56.1,1,2
32,59.2,1,2
31.3,71.6,1,1
28.3,37.6,0,1
30.1,52.1,1,1
26.3,53.8,1,0
27.3,62.5,0,1
25.4,47.9,0,0
34.1,51.4,0,2
31.2,48.1,1,2
28.2,63.4,1,0
30.8,28.1,0,1
28.9,54.5,0,1
31.2,45.3,0,0
40.1,28.2,0,1
24.8,53.8,0,1
25,47.7,1,2
28.5,76.6,1,0
30.1,50.5,0,2
35.5,39.3,0,1
29.8,56.2,1,1
28.4,43.5,0,0
33.8,34.2,0,0
32.2,47,1,2
30.7,55.6,1,0
25.8,49.9,0,1
28,60.1,1,1
26.8,50.1,1,1
32.7,47.2,1,0
37.2,53.9,1,2
40.1,36.4,0,1
36.3,54.3,1,0
34,43,0,2
28.2,55.8,1,1
28.2,36.5,0,2
35.2,30.8,1,1
30.7,46.7,1,0
31,53.2,1,1
38.6,35.4,1,1
33.1,32.1,1,2
35.5,43.7,1,1
28.4,28.6,1,2
27.9,34,1,1
33.6,29.7,1,0
29.8,41.1,1,0
31,68.2,1,1
27.4,32.5,1,2
38.3,44.3,0,2
32.1,57.8,1,2
23.6,48.8,0,1
26.2,35.1,1,2
24.4,27.1,0,0
31.9,31.5,0,2
25.6,32,1,0
29.9,58.5,1,2
28.4,52.4,1,1
34,24.3,0,2
28.5,28,1,1
30.7,38.7,0,2
34.2,43,1,2
32.2,42.8,1,1
32.5,36.9,1,1
32.4,49.9,1,0
26.3,55,1,1
34.1,39,1,0
24.7,31.5,1,0
29.7,53.8,1,1
36.8,39.7,1,0
37.3,43.6,0,1
35.1,68.5,0,0
35.3,48.6,0,0
30.3,7,1,1
27.9,34.9,0,0
29,35.4,1,1
35.5,33.9,1,0
31.8,33.5,1,1
28.8,53.2,1,1
30.2,35.9,1,1
38.5,32.5,1,1
38.1,32.2,0,1
35.4,53.6,0,0
39.5,43.1,1,2
33.1,64.7,1,2
31.1,57,1,1
27.8,49.9,1,1
28.9,57.6,0,1
36.6,28,1,1
31,41.4,1,0
27.9,47.6,1,2
29.5,61.5,0,1
28.5,41.9,1,1
32.9,33.8,1,0
37.6,55.3,1,2
32,46.9,1,1
29.9,68.9,0,1
33.5,35.9,1,2
29,36.7,0,0
32.2,48,1,1
28.8,65.1,1,1
27.5,39,1,1
35.1,38.4,1,0
33.3,53.1,1,1
26.2,39.1,1,1
29.2,34.9,0,1
31,47.4,0,2
31.8,20.1,0,1
30.5,33.9,1,2
23.5,63,1,1
29.2,45.4,1,1
27.3,45.2,1,0
32.8,44.9,1,2
30,43.8,0,1
28.6,53.8,1,0
29.4,53.8,1,1
29,49.1,1,1
29.3,50.9,1,0
25.3,53.7,1,2
30.5,27.3,1,0
30.9,43.5,1,1
30,44.2,0,1
34.3,41.3,1,2
37.4,44.1,1,0
28.1,54.5,1,2
28.4,51.2,1,1
30.2,42.5,0,0
30.8,37.5,0,0
24.9,45.5,1,0
32.1,26.2,1,0
31,54.6,1,1
29,27.5,1,2
29.3,47.7,1,1
28.5,54.9,1,1
33.7,54.4,1,2
33,32.9,1,1
25.4,50.9,1,1
41.6,42.6,1,0
31,65.4,1,0
35.9,58.5,1,1
36.2,61.4,0,1
39.5,46.7,1,1
39.4,74.7,1,1
40.5,49,1,0
35,61.9,0,1
38.1,46.8,0,2
41.6,34.4,1,2
46,33.7,1,0
36.8,62.8,1,0
42.6,43.8,1,1
40.3,47.2,1,1
41.9,53.6,0,0
32.9,50.4,1,1
41.1,41.8,1,1
40.9,16,1,1
43.6,46.7,1,2
41.6,56.6,1,1
51.6,18.9,1,2
46,57.2,1,1
45.5,66.6,1,1
45.5,55.2,1,1
41.8,46.9,0,0
41,48.2,0,1
37.3,42.8,0,1
44,38.9,0,2
41.6,22.1,0,1
36.5,38.5,1,0
34.6,50.6,1,1
36.1,36.2,1,0
34.5,47.7,1,2
39,41.6,1,0
34.3,27.4,1,1
44.9,59.3,1,1
46.1,55.6,1,0
38.4,33.9,1,1
38.2,35.6,1,0
41.3,10.7,0,1
42.7,59,1,2
30.9,53.2,0,1
33.8,23.4,0,1
43.7,73.4,0,1
45.1,24.1,0,0
40.3,45.9,1,1
36.4,63.5,1,1
39.7,42.6,1,1
41.2,49,1,1
43.3,39.1,0,1
32.2,49.9,1,1
36.4,64.9,0,0
38.8,38.7,0,0
34.4,31.5,0,1
42.8,12.5,0,1
42.7,34.1,0,0
37,49,1,0
31.7,39.2,1,2
38.1,44.4,1,2
39.9,52.2,1,1
38.1,44.4,0,1
35.2,25.4,0,0
33.1,63,0,0
33.2,43.3,0,1
39.3,48.7,1,1
38.8,48.7,1,1
43,46.5,0,2
39.2,52.9,1,0
37.1,40.7,1,0
44.2,30.5,1,1
36,19.7,0,1
36.8,38.2,1,0
41,39.4,0,2
49.7,24.3,1,2
35.4,6.2,0,0
36.7,58.3,1,0
43,29.4,1,1
43.4,40.5,1,2
41.2,51.1,1,1
32.9,47.2,1,0
42.8,41.2,0,2
42.2,43.1,1,0
42.2,73.7,1,1
39.4,53.4,1,1
36.4,41.3,0,1
38.7,31.1,0,1
37.8,53.6,1,1
41.5,44.7,0,1
40.4,54.4,1,0
35.4,51,0,1
42.1,67.2,1,1
35.7,29,1,2
40,51.6,1,0
38.2,37.4,1,2
45.1,48.4,0,0
41.4,54.5,1,0
40.1,51.1,1,0
36.4,15.9,1,0
36.3,27.9,0,0
32.1,41.7,1,0
34.2,31.2,1,1
39.8,24.9,0,1
36.4,46.7,0,2
30.5,60.2,1,1
32.5,44,1,1
38.4,53.6,1,0
36.7,55.2,0,0
35.8,46.2,1,0
40.9,60.9,1,1
35.2,49.6,1,2
41.2,43.3,0,2
38.9,28.1,1,0
39.8,58.3,1,1
42.9,49.2,1,1
38,38.5,0,2
41.7,43.8,1,2
38.1,52,1,0
33.8,42.2,1,0
39.1,22.9,1,0
43.4,55.5,1,1
33.8,44.6,1,1
41.9,45.2,1,1
39.4,35.4,1,1
44.3,32.3,1,2
40.7,41.5,1,1
33.1,28.2,1,1
37.1,28.8,1,1
37.6,52.3,1,1
45.6,52.9,0,1
41.9,26.7,1,2
41.1,35.4,0,1
39.8,54.5,1,0
35.4,27.7,1,1
40,58.9,1,1
33.2,58.8,1,0
40.5,48,0,0
40.2,35.1,1,1
38.2,57.6,0,0
40.5,42.7,1,1
38.8,56.7,1,1
33.8,52.5,1,0
32.4,58.7,0,1
36.9,49.4,1,1
38.5,49.4,1,1
43.4,42.7,0,1
34.3,38.3,0,1
31.9,38.7,0,1
42.9,45.4,1,0
40.2,37.4,1,0
46.8,39.2,1,1
32.3,34.7,1,1
37,50.3,1,1
37.6,39.1,0,0
31.5,41.3,1,1
45.6,56.9,1,1
45.4,38.5,1,1
37.6,31.6,0,1
43.2,47.2,1,2
43,58.8,0,1
41,44.8,1,1
45.1,47.4,1,2
41.2,62.5,1,0
38.6,53.6,1,1
34.4,34.3,1,1
40.4,45.8,0,0
49.4,49.5,1,1
42.8,49.4,1,1
39,54.6,1,1
31.7,44.7,0,1
36.6,45.4,1,1
43.9,10.9,0,1
37.6,42.1,1,0
38.8,34.7,1,1
35.5,51.1,1,1
44,32.8,1,1
42.9,64.4,1,1
37.5,44.7,1,0
47.3,47.6,1,2
40.8,71.8,0,1
38.1,58.9,1,1
40.8,40.1,0,1
37.6,52.1,0,0
35.3,46,0,1
35.3,52.8,1,0
44.8,53.3,0,0
38.9,40.4,1,1
45,62,1,1
30.9,36.9,0,2
43.7,49.6,1,1
37.1,32.3,0,0
35.7,39.9,0,0
43.7,43.1,1,2
33.2,46.6,1,2
41.7,54,1,1
45,39.2,1,1
34.4,47.8,1,2
40.1,33.1,1,1
41.6,36.3,1,1
36,31.8,1,1
37.1,17.1,0,2
37,30.6,1,1
37.6,34.4,0,1
36.4,49.3,0,2
35,46.6,1,0
37.5,32,0,2
39.8,39,0,0
34.2,56.6,0,2
37.3,39.7,1,1
41.1,44.5,1,0
39.6,50.2,1,0
37.1,42.8,1,1
36.7,30.3,1,0
41.5,49.1,1,2
29.2,41.4,1,1
44,41,1,1
33.7,52.1,0,1
44.4,39,0,0
39.7,26.2,1,1
36.2,65,1,1
39,59,1,1
38.2,46.5,1,0
37.4,45.4,1,1
40.8,65,0,1
33.3,39.2,1,2
40.2,40.6,1,1
41.7,52.4,1,2
35.6,58.4,1,0
32,36.5,0,1
37.6,44.9,1,1
38.9,47.6,0,0
41.8,50.7,0,1
40.3,29.7,1,2
39.4,47.3,1,0
46.9,61.1,1,0
37.4,42,1,2
36.9,34.6,1,1
41.3,52.7,0,0
43.1,47.3,1,1
42.7,38.5,1,1
37.7,55.9,1,0
41.7,44.4,1,1
35.1,44.2,1,2
46.3,26.3,0,2
37.4,55.9,1,1
44.5,53.1,1,1
42.3,41.6,1,0
35,9.9,1,0
38.9,25.3,0,0
44.1,33.2,0,0
41.7,40.1,1,1
44.5,45.2,1,0
37.3,30.6,1,1
40.8,41.8,1,1
44.9,48,1,1
48,45.4,1,1
42.4,68.1,1,1
41.2,37.8,1,1
41.8,42.8,1,2
41.2,26.6,0,1
32.2,28.7,0,0
40.6,42,1,1
37.3,60.9,1,1
41,53,0,0
42.5,41.6,1,1
40.1,52.3,1,1
40.4,48,1,2
40.2,46.4,1,2
43.4,73.1,1,1
39.6,37.2,1,2
43.5,38.6,1,2
43.1,27.2,0,1
42.7,51.6,1,0
44.2,38.8,0,0
36.7,46,1,1
38.7,50.3,0,2
37.5,31.8,1,1
40.4,57.4,1,1
41.3,54.2,0,1
37.1,43.8,1,1
40,64.4,1,2
45.3,28.7,0,1
38.4,39.1,0,0
43,35.1,1,1
44.5,43.1,1,1
40.8,63.5,1,1
37.2,54.7,0,0
47.4,28.6,1,0
40.2,52.6,1,0
40.4,44.5,1,1
33.7,32.4,0,0
31.7,46,1,1
43,26.2,0,1
40.6,61.1,1,1
41.3,38.6,1,1
35.2,64.1,1,1
34,47,1,0
44.7,37.5,0,1
44,39.3,0,0
31.8,40.8,1,0
34.7,10.5,0,1
39.3,36.7,0,1
37.3,42.8,1,0
38.3,21.9,1,0
33.3,51.6,1,0
38.1,54.4,1,1
40.2,21.5,0,1
35,47.9,1,0
36.3,29.4,0,1
41.8,26.3,0,1
40.8,36.2,0,1
44,38.7,1,1
41.5,53.7,1,2
34.3,59,1,1
40.7,42.4,1,1
35.5,39.8,1,1
41.1,60.3,0,0
38.8,56.4,0,2
38.7,38.4,1,0
37.5,57.4,1,2
37.9,45.3,1,1
38.2,22.8,1,0
34.9,35.9,1,1
41.3,44.9,1,0
43.5,36.3,0,1
35,52.7,1,1
31.2,46.8,1,0
37.1,36.8,1,1
38.4,51,0,0
37.1,62.3,0,1
39,50.2,1,1
36.8,39.6,1,0
38.4,57.4,1,1
37.5,54.4,1,1
42.2,33.4,0,2
41.9,59.8,1,1
35.1,50.1,0,1
42.1,41.3,1,2
40.8,45.2,1,1
44.6,62.2,1,2
44.4,62.8,1,1
39.3,40.3,1,1
39.4,33.9,1,2
41.2,38.4,0,1
33.1,41,1,2
41,49.2,1,0
35.8,44.6,1,1
47.3,52.3,1,0
38.7,50.6,1,1
44.2,61.1,1,0
42.2,30.9,1,2
41.5,41.6,1,1
39.1,53.6,1,1
33.8,31.4,0,0
34.1,36.3,0,0
34.1,29.3,0,1
40.2,48.5,1,1
30.5,42.8,1,1
33,35.6,1,2
41.1,36.3,1,1
37,41.4,1,1
31.2,38.7,1,1
33.6,33.4,1,1
42.3,35.2,0,1
42,60.3,1,1
38.9,45.8,1,1
48.3,44.2,1,1
41.6,37.2,1,2
33,44.5,1,2
41.2,50.4,0,1
34.4,49.8,1,1
38.2,47.9,1,1
38.2,59.8,1,0
35.2,51.4,1,0
34,58.6,1,2
43.5,47.4,1,1
40,45.4,1,0
45.7,38.7,0,0
36.4,31.7,1,2
36.8,54.3,1,0
46.6,55.7,1,1
37.1,49.7,0,1
32.3,43.3,0,1
39.9,13.2,1,1
41.5,55.8,1,1
38.3,34.8,1,1
29,39.9,1,1
38.8,47.6,1,1
32.6,40.1,1,1
35.1,43.6,1,0
36,44.1,1,2
40.1,29.6,0,2
39.5,61.5,1,0
40.3,36.8,0,1
35.5,12.1,1,1
43.3,37.9,0,1
37.9,65.7,1,0
32.1,43.9,1,0
37.7,29,0,0
34.5,17.3,1,1
41,45.6,1,1
42.2,39.4,0,0
34,35.1,0,1
38.9,33.7,1,0
38.8,44.9,1,1
36,39,0,2
33.6,49.9,1,0
38.2,50.8,1,1
35.4,68,1,0
31.9,38,1,1
29.5,40,1,0
31,49.2,0,0
36,37.7,0,1
33.7,52.7,0,1
33.5,46,0,0
47.7,65.5,0,1
40.2,57.5,1,0
38.9,37.6,0,0
41,52.2,0,0
40,77.9,1,1
34.2,38.3,1,1
41,41.1,1,1
36.2,52.2,0,0
37.4,50.5,0,1
37,47.6,1,1
38.5,60,1,1
39.5,55,1,1
39.6,55.3,1,0
40.5,46.2,1,2
38.5,34.9,1,1
33.3,48.1,1,1
35.5,53,1,1
39.2,27.5,1,0
36.5,46.4,1,1
40.1,51.1,1,0
28,42.1,1,1
36.8,22.3,0,0
36,58.5,1,0
45,63.5,1,1
34.3,45.4,1,1
44,49.6,1,2
38.8,35.2,0,2
35.7,45.1,1,0
36.9,37,1,0
35.2,36,0,1
35.9,67.2,0,0
34.8,58.3,1,1
42.4,28.9,1,0
37.8,40.4,1,1
34.7,37,0,1
44.5,61.6,1,1
39.9,48.6,1,1
35.6,22.5,0,0
38.7,55.3,1,1
37.7,28.8,1,1
45,46.5,1,1
41.5,46.1,1,2
36.2,48.4,1,1
34.8,28.5,1,0
34.1,29.3,0,2
37.7,31.3,0,1
39.2,53.3,1,0
42.2,50.8,1,0
34.1,50.7,1,2
40.5,37.6,0,0
35.5,14.4,0,2
37.1,45.4,1,0
31.6,48.1,1,1
40.2,56.4,1,1
37.7,30.3,0,1
38.2,29.2,1,2
34.3,63.7,0,0
38.6,44.4,1,1
40,37,1,2
35.8,57.8,1,0
43.7,46.4,1,1
41,28.8,1,1
39.6,42.3,1,0
36.6,38.1,1,2
37.3,28.1,0,1
40,43.6,0,1
28.1,45.2,1,2
38.3,49.9,1,2
38.6,34.8,1,1
38.3,14.7,1,0
40.1,40.4,0,2
38.4,55.9,1,1
34,49.2,1,0
41.8,36.3,1,2
34.1,38,1,2
47.2,29,1,0
37.8,41,1,1
44.3,43.5,0,2
35.6,43.8,1,0
41,56.4,1,2
35.4,43.5,1,2
33,52.7,0,0
28.4,42.4,1,2
38,29.3,0,2
36.9,38.7,0,0
40.6,39.9,0,1
40.5,52.4,1,1
37,38.3,0,1
39,44.5,1,0
37.5,28.5,0,0
33.2,50.5,1,1
38.8,29.2,1,0
32.2,60.7,1,1
36.6,33,0,0
32.4,59.4,0,0
42.4,61,0,1
33.1,40.9,1,2
36.5,48.3,0,2
40.7,24,1,1
41,40,0,0
35.1,50.5,1,0
40.1,25.4,1,0
38,53.7,1,1
36.1,40.5,1,1
39.8,37.2,0,1
44.2,49.7,0,0
42.7,52.9,0,2
34.9,47,1,1
46.1,62.3,0,1
33.9,56.2,0,1
35.6,51.5,0,2
34.9,50.2,1,1
38.3,45.8,0,0
41.5,65.4,1,1
38.5,50.8,1,2
36,47.1,1,0
36,50.2,1,0
38.7,37.2,0,1
43.3,42.5,0,0
38.1,57,0,1
35.3,52.9,1,0
35.8,34.9,0,0
47,61.7,1,2
34.7,28.8,1,1
32.9,23.2,0,1
38.1,60.1,1,2
41.7,36.7,1,0
36.9,44.6,1,0
36.9,57.2,1,1
32.5,45.3,1,2
35.5,28.5,1,1
35,36.5,1,0
35.1,53.4,1,0
37.2,37.1,1,1
29.6,50.5,1,2
43.3,31.5,0,0
37.8,48.3,0,1
40.2,73.6,1,0
45.1,44.9,1,0
37.5,49.2,1,0
32,68.3,1,0
31.3,55.6,1,1
33.6,43.7,1,1
32.9,49.5,1,0
39.7,33.4,1,0
35.8,43.7,1,1
36.1,38.1,0,1
33.2,67.9,0,1
39.2,50,1,0
37.5,42.4,1,1
39.5,69.9,1,1
38.1,24.3,0,2
37.9,38.7,0,1
36.1,55.2,1,1
29.6,34.5,0,0
35.9,33.4,0,1
39.4,21.6,0,1
33,63.5,1,1
47.3,48.6,1,0
42.8,43.2,1,0
36.5,26.3,1,0
35.6,55.1,1,1
33.3,65.3,1,1
38.6,67,1,1
40.1,27,1,2
33.2,38.7,1,1
39.2,8.6,0,2
29.3,36.3,1,0
38.2,47.4,1,2
26.2,42.6,1,2
46.3,46.5,1,1
41.3,59.6,0,0
37.4,34.3,1,2
34.6,19.5,1,0
37.6,58.4,1,0
38,35.2,0,1
34,35.3,1,1
31.2,58,0,1
35.1,51,1,2
33.3,32.4,0,0
37.1,39.1,0,0
36,23.7,0,0
36.4,22.6,0,1
36.1,47.1,1,1
36.4,46.4,1,0
37.1,69.9,0,1
37.7,37.2,1,0
34.8,43.3,0,1
36.8,61.5,1,1
41.3,44.3,1,1
33.9,33.4,0,1
41.9,50.1,1,0
33.1,54.8,1,1
31.7,39.4,1,0
33,65,1,2
34.2,46.7,1,1
41.2,58.1,0,1
40.3,30.8,0,0
41.2,67.9,1,0
37.3,53.2,1,0
42.1,24.1,0,1
35.1,50.5,1,2
40.5,48.4,0,2
36.8,43.7,1,2
28.7,42.2,1,1
42.6,14.4,1,0
43.7,80.3,1,1
39.6,61.3,1,0
44.5,38.2,0,1
40.8,63.5,1,1
37.1,35.3,0,1
34.1,36.9,0,1
36.5,39.8,1,1
45.7,47.7,1,0
42.3,38.4,1,1
38.2,60.4,1,1
40.7,36.1,0,2
33.7,64.3,0,0
39.1,52.8,1,1
33.6,35.4,0,2
36.5,48.3,1,0
42.1,47.2,1,2
38.6,42.7,0,0
33.2,40.9,1,0
40.1,36.5,0,1
36.3,50.4,1,2
35.1,33.7,0,1
38.6,34.9,0,0
38.8,30,1,1
34.7,28.1,0,0
30.9,38.7,0,1
34,36.5,1,1
38.8,28.1,0,0
36,73.7,1,1
34.2,55.7,1,2
38.7,36.8,0,1
38.2,43.2,1,0
36.1,46.5,1,1
36,26.7,0,2
28.2,45.2,1,1
34.6,44.9,1,1
48.1,27,1,1
43.2,23.1,0,0
33,61.6,1,2
39.6,43.6,0,1
31.2,59.8,1,0
33.9,21.6,0,1
29.4,59.1,1,1
34.5,30.1,1,1
34.6,75.9,1,1
24.1,65.7,0,1
34.3,71.3,1,1
31.5,71.4,1,2
30.7,76.6,1,2
25.6,86,0,1
32.4,55.4,1,1
24.1,65.7,0,0
33.4,63.9,1,1
31.2,65.8,1,1
37.9,49.9,1,1
25.7,68.4,1,1
24.7,66.5,1,1
27.4,76.6,0,1
37.5,66.8,1,0
31.6,64.5,1,1
37.2,56.5,0,1
27.8,48.6,1,2
26.9,72.6,1,1
36.4,62.1,1,1
36.7,67.9,1,1
37.6,48.5,1,1
26.4,62.7,0,2
28.3,46.3,1,2
23.6,56.6,0,1
32.3,67.8,1,1
33.6,67.2,0,0
29.7,66.2,0,0
34.8,61.1,0,0
28.6,73.9,1,1
33.6,78.1,1,1
32.5,82.5,1,2
35.7,63.2,0,0
23.1,62.3,1,1
38.7,60.8,0,0
35.3,64,1,0
31.8,78.7,1,1
24.1,62.8,1,1
33.3,66.2,1,0
31.1,56.4,1,0
31.3,60.2,1,2
30.6,59.9,1,1
37.5,74.4,1,1
33,39.4,1,1
28.6,52.4,1,1
32.9,78.1,1,1
31.4,52.3,1,0
31.5,60,1,1
28.4,44.8,1,2
30.5,69.8,1,0
24.9,64.2,1,1
26.8,65,1,0
30.6,83.7,1,0
32.7,61.3,1,0
31,75.6,1,0
29.2,73.9,1,2
29.2,82.1,1,1
29.5,70.3,0,2
27.7,50.6,1,0
33.5,62.7,0,1
38.7,86.8,1,2
27.2,62.5,1,1
28.2,76,0,0
27.8,61.9,1,0
28.8,60.8,1,2
29.3,74.6,1,1
33.7,63,1,2
30,85.5,1,2
32.1,84.4,1,1
36.1,87.2,1,1
33.8,54.5,1,2
35.8,51.6,1,1
39.1,55.3,1,2
25.5,61.3,1,1
31.1,60,0,1
22.7,65.5,1,1
34.5,56.3,1,1
33.8,60.5,1,1
27.8,74.3,0,1
27.8,79.6,1,2
32.6,55.9,1,0
31.7,64.3,1,1
35.7,62.4,0,1
33.1,43.5,1,1
32.5,56.9,1,0
34.6,61.7,1,1
30.9,55.9,1,1
29.1,67.3,1,2
33.9,61.7,1,1
28.6,65.6,1,2
31.5,47.9,1,1
32.7,60.9,1,0
29.4,73,1,1
29.2,65.3,0,1
30.2,46.1,1,2
24.4,52.1,1,1
30.2,51.7,1,1
27.1,71.8,1,1
29.8,44.9,1,1
26.6,73.1,1,2
28,67.4,1,1
31.5,59.8,0,2
32.5,69.4,1,0
35.4,53.1,1,2
24.3,72.9,1,1
28.5,78.2,1,1
28.2,56.5,1,0
37.7,46.3,0,2
27.2,76.1,1,1
34.3,84.2,1,1
25.1,62.8,1,2
26.7,86.9,1,0
30.9,71.2,1,1
30.4,66.1,1,1
37.8,54.1,1,1
33.1,53.2,1,2
26.2,73.7,1,2
27.9,46.5,0,0
33.8,71.6,1,0
27.2,63.6,0,0
24.4,77.1,1,0
24.6,80.8,1,1
32.9,77.6,1,1
30.1,81.1,1,1
28.8,49,1,0
27.5,71.7,1,1
28.4,67.4,1,2
30.7,81.5,1,1
31.3,85.9,1,1
29.9,70.9,1,0
37.1,68,1,0
30.2,72.2,1,0
23.7,64.6,1,1
29.3,64.3,1,0
31.5,57.2,0,0
34.1,75.5,1,0
25.5,62.5,1,2
33.3,72.8,1,1
34.2,44,1,1
26.6,87.1,1,2
35,80,1,1
28.8,56.9,1,1
24.8,51.5,1,1
34,58.1,1,1
40.4,58.2,1,1
24.6,63.7,1,2
29.4,73.2,1,2
24.5,61.9,1,2
34.6,74.4,0,2
26.9,51.1,1,1
22.3,66.7,1,1
28.5,75.7,1,1
30.6,60.2,1,2
24.9,46.8,1,1
28.8,57.4,1,2
23.9,53.2,1,1
34.1,62.1,1,2
23.1,74.9,1,2
26,69.6,1,0
26.2,72.3,1,1
31.9,55.7,0,0
27.7,65.8,1,1
30.6,53.5,1,1
26.8,54.6,1,2
28.9,49.1,1,2
30.7,66.1,1,1
25.1,67.4,1,1
27.4,56.9,1,1
31.8,57.7,1,2
22.9,62.3,1,2
28.7,61.3,1,2
35.6,45.7,1,0
31.1,64.8,1,0
27.6,58.4,1,1
29.2,77.8,0,0
35.5,76,0,1
26.3,63.1,1,2
30.4,80.6,1,1
32.3,46.4,1,0
27.7,64.9,1,1
32.6,68.7,1,1
28.1,77.8,1,2
20.5,54.5,1,1
32.2,68.1,1,1
34.7,56.5,1,0
23.1,79.1,0,2
33.6,39.5,0,2
32.3,85.3,1,1
29.6,88.4,1,1
34.9,58.4,1,2
36.1,73.2,0,1
38.7,76.8,1,0
29.4,84.7,1,0
34.4,54.2,1,0
25,72.1,1,2
31.3,61.5,1,1
30.3,76.8,1,1
28.9,64,1,1
30.7,60.2,1,1
30.9,70.6,0,2
34.8,66.5,1,1
28.1,61,1,2
31.9,59.3,1,1
36.4,47.1,1,0
28.4,63.7,1,1
30.4,49.7,1,0
27.4,60.1,1,0
33.3,55.8,1,2
30.3,54,0,2
27.1,64.4,0,2
26.1,74.7,1,1
33.7,64.6,1,0
27,78.5,1,2
32.5,75.2,1,1
26.5,48.8,0,1
31.1,64.2,0,2
34.8,50.8,1,1
28.4,64.5,0,1
29.7,68.7,1,2
30.4,67,0,0
30,40.7,1,2
28.7,49.4,0,0
29.6,64.3,1,1
30.5,65.7,1,2
29.1,66.8,1,1
28,62.6,1,1
33.9,60.9,1,2
30,63.4,1,2
32.6,73.7,1,2
34.8,60.8,1,2
30.2,66.5,1,0
29.2,58,1,1
37.7,43.7,1,1
29.7,63.6,1,2
33,70.5,1,1
30.1,61,1,2
23.9,64.9,1,1
29.7,70.8,1,2
33.5,65,1,2
33.6,55.7,1,2
29,66.4,1,1
26.2,71.5,1,2
34.2,71.5,1,2
24.9,63.8,0,0
27,58.3,1,1
28,60.3,1,1
38.1,73.3,0,2
34.5,80.5,1,2
33.9,55,1,2
29,75.2,1,2
29.9,76.3,1,0
27.9,60.3,1,2
23.3,53.6,1,1
28.1,65,1,2
33,58.2,1,1
33.8,74.7,1,1
30.2,82.6,1,2
19.3,69.1,1,2
34,60.8,0,2
31.9,45.4,0,1
26.1,61,0,0
32.3,93.8,1,0
38.7,38.5,0,2
30.5,66.4,1,1
30.8,63.5,1,2
28.5,53.6,1,2
33.3,86.1,0,1
28.1,55.1,1,1
26.7,79.7,1,1
27.1,62.7,1,1
27.4,79.9,0,2
29.9,65.5,1,1
33,48.6,0,2
29.4,79.3,1,2
30.8,58.5,1,0
33.5,62.9,1,1
21.7,70.3,1,2
31.5,56.2,0,1
27.3,83,1,1
35.3,91.3,0,1
30.1,61.3,1,1
29.1,66.2,0,1
24.4,80.1,1,0
24.1,62.9,1,2
31.3,68.3,1,1
30.9,64.1,1,1
25.3,78.6,1,2
29.7,60.5,1,1
31.4,57.9,1,1
32.7,74,1,0
28.3,59.6,1,2
29.8,39.1,1,0
26.8,60.4,1,1
19.4,55.9,1,0
27,69.9,1,1
28.2,77.5,1,1
34.4,36.3,0,1
28.9,48.2,1,0
29.2,31.3,0,0
24.4,77.2,1,1
25.7,63.5,1,1
26.8,88.2,1,1
28.1,70.7,1,2
28,52.5,1,1
26.9,69.3,1,1
26.1,56.1,1,1
26.1,61.9,0,1
30.8,53,1,2
26.8,60.1,1,2
32.4,68.7,1,1
27.6,69.3,0,2
28.1,63.2,0,2
28.9,60.6,1,0
26.4,73.1,0,2
25.1,56.4,1,1
22.8,54.5,1,1
30.9,50,1,1
23.4,50.4,1,2
32.1,68,1,1
32.3,84,1,1
30.1,55.6,0,0
27.6,61.8,1,2
24.3,93.4,0,1
26.9,59.1,1,2
26.8,69.9,1,2
30.5,72.5,1,1
27.6,66.3,1,0
32.7,66.4,0,2
29.5,66.6,1,2
28.8,80.7,0,1
28.2,80,1,0
35.6,50.7,1,1
29.8,63.9,1,1
34.3,67.6,1,2
25.4,51.8,1,2
23.2,84.8,1,0
37.4,41.3,1,0
28.2,53.6,1,2
28.5,55.5,1,1
29.2,79.9,1,2
27.5,71.4,1,2
32.1,82.2,1,0
29.5,47.6,1,1
31.6,38.8,0,1
28.4,71.5,1,1
24.2,47.4,1,1
27.9,52.7,1,0
26.6,78.1,1,1
26,57.9,1,2
24.6,69.8,1,0
24.5,65.8,1,1
33.3,75.1,1,0
25.8,81.9,1,2
36.5,81,1,1
20.4,64.1,1,0
30.9,70.9,1,1
22.4,65,1,2
21.6,71.4,0,0
28.1,50.7,1,2
28.9,61.6,0,2
27.1,59.9,0,1
29.7,56.8,1,1
28.8,63.4,0,1
34.5,62.9,1,2
37.2,78.6,0,2
25.7,58.6,1,2
33.6,60.5,1,0
28.7,68,1,2
27.3,79.4,1,2
28.6,65.9,1,2
29.1,45.7,1,1
32.7,77.1,1,1
29.9,55,0,0
30.7,83.6,0,1
30.2,73.7,1,1
29.3,81.8,1,2
28.6,64.1,0,1
26.6,80,1,1
32.4,57.9,0,2
27.9,59.6,1,1
26.5,81.9,1,1
27.3,68.7,0,2
29.3,54.4,1,1
28.8,80.7,1,1
28.9,44.6,1,2
34,64.1,1,0
26.2,74.8,1,2
27.4,65.3,1,2
24.4,70.8,1,1
27.4,46.5,1,2
26.7,65.9,1,2
31.7,62.5,1,1
30.6,68.7,1,2
27.8,60.3,1,1
29.8,64.8,0,1
32.1,64.3,0,1
27.9,71.1,1,0
29,54.2,1,0
28.3,63.1,1,2
30.7,61.4,1,1
27.4,89,1,2
33.2,47.2,1,0
32.7,73.7,1,2
33.5,48.8,0,1
32,63.2,0,1
35.3,70.7,1,0
35.4,44.8,0,2
31.6,79.8,1,1
28.7,49.1,1,0
34.3,77,1,2
34.1,82.7,1,1
23.5,61.4,0,1
27.8,70.2,0,0
33.3,61.9,1,1
28.4,65.4,1,2
26.5,65.4,0,2
31.7,51.8,1,0
31.7,70.6,1,2
30.7,69.3,0,0
28.4,64.4,1,2
25.6,77.4,1,1
30.9,46.8,1,1
27.3,73.6,0,1
26.9,54.8,1,2
32.5,70.7,1,0
33.1,82.4,1,0
27.1,60.1,0,2
39,66.7,1,2
26.5,51.4,1,2
28.4,67.9,0,1
29.3,58,0,1
22.6,55.5,1,0
19.6,62.6,1,1
34.3,48.1,1,1
31.1,80.6,1,1
25.5,78.1,1,0
27.1,63.9,1,1
26,70.4,1,1
27.8,76.8,0,1
33.3,73.1,1,0
32.3,51.6,1,2
26.6,46.6,1,1
34.2,37.2,0,1
30.6,73.1,1,1
21.9,62.1,1,1
27.7,61.9,1,2
31.9,48.2,1,1
24.5,66.8,1,1
29.3,63.4,1,1
33,75.5,0,1
31.7,57.7,0,0
33.4,52.8,1,2
32.9,61.1,1,0
29.1,56.4,1,2
23.9,65.6,1,2
35.7,62,1,2
34.4,77.2,1,2
34.5,61.7,1,1
29.4,49.5,1,1
30.2,49,1,1
23.5,71.3,1,2
25.8,82.6,1,1
30.4,59,1,0
36.3,76,1,1
26.4,75.2,0,2
30.1,41.8,1,2
26.5,60.1,0,1
24.5,58.4,1,2
27.1,77.8,1,2
32.5,66.9,1,1
28,61.4,1,1
30.8,66.4,0,2
32.7,73.2,0,0
28.7,76.7,1,1
23.5,83.2,1,2
33.7,62,1,1
29.8,58,1,0
29.3,51,1,2
30.3,61.5,1,2
31.2,50.1,0,0
28.1,48.9,1,1
38.1,80.2,1,0
28.5,70.1,1,1
23.5,49.4,0,1
27.7,57.6,1,0
31.8,80.1,1,0
30.7,66.4,0,2
27.6,56,1,2
27.6,73,1,2
29.5,77.5,1,2
25.9,79.5,1,1
27.8,84.5,1,1
30.5,78.8,1,1
20.6,76.2,1,2
33.1,69,1,2
22.8,70.1,1,1
28.9,67.5,1,1
32.3,70.5,1,0
28.4,50.4,1,2
25.4,48.2,1,1
36.7,55,0,2
25.8,71.1,0,2
21,75,0,1
31.9,73.5,1,1
24.8,61.7,0,0
23.5,50.5,1,0
28.8,55.2,1,1
26.5,61.1,1,1
25.1,85,1,0
32.9,73.5,1,0
23.8,66.4,1,2
31.6,40.9,1,2
34.2,69.6,1,2
24.9,88.7,1,2
26.6,80.6,0,1
28.4,69,1,1
34.2,63.4,1,1
22.3,66.9,0,1
31.9,66.7,1,0
28.8,63.7,1,2
31,70.3,1,2
30.4,72.6,1,0
28,65.2,0,1
37.1,68.3,0,0
23.3,66.9,1,1
22.6,60.2,0,1
26,67,1,1
25.8,76.1,1,2
21.3,66.3,1,1
29.9,75.8,1,1
35.4,74.7,1,1
28.6,69.7,0,1
26.7,51.4,0,1
28.7,58.1,1,1
34.8,50.6,0,2
31.2,74.7,1,1
28.9,57.6,0,1
32.5,69.4,1,0
24.8,56.7,1,0
24,50.1,1,2
24.5,66.3,1,1
32,71.6,1,1
19.3,88.3,1,1
28.9,56.2,1,2
24.5,76,1,1
29.1,76.4,1,1
24.7,80.9,0,1
31.1,79,1,1
30,53.4,1,1
30.5,56.6,1,1
26.4,74.8,1,0
29.5,50.5,0,1
26,74.1,1,2
27.5,54.7,0,1
27.1,64.7,1,0
31.8,66.8,0,2
21.9,64.9,1,2
20.3,80.9,1,1
27.4,41.9,1,1
19.8,67.1,1,2
32.8,74.8,1,2
29.9,58.7,1,1
24.4,77,1,1
25.8,73.8,1,2
30.5,63.9,1,1
26.8,66.1,1,1
34.6,64.1,1,1
28,80.7,1,0
27.9,67.2,1,1
19,83.5,1,1
28.3,70.4,1,0
23.7,54.1,1,2
29.3,52.3,1,0
25.6,62.6,1,2
23.8,63.4,1,1
24.9,65.5,1,1
28.5,66.2,1,2
26.8,65.2,1,0
26,66,0,2
23.7,60.4,0,2
26.6,58.6,1,1
23.8,52.2,1,2
29.6,74.4,1,1
28.4,74.2,1,1
18.6,67.9,1,0
22.7,50,1,2
38.4,74,1,1
37.4,84.2,1,1
28.6,87.1,1,1
21.1,58.7,0,1
29.5,75,1,1
26.4,79.8,1,2
30.7,51.4,1,1
27.1,60.9,1,1
29,85.6,1,2
30,75.1,1,0
31.1,76.5,0,2
27.5,67.5,1,2
33.8,67.1,0,1
32.4,43.9,1,0
26.4,83.1,1,0
16.5,56.3,1,1
22,50,1,2
23.7,86.8,1,2
31.1,55.3,0,1
36.6,61,1,1
16,64.7,1,1
26,49.6,1,0
30.5,55.2,1,1
27.4,67.9,1,2
20.6,58.4,1,1
26,81.5,1,1
33.5,44.6,1,2
28.6,72.8,1,1
19.4,54.9,1,1
30.4,42.5,1,0
28.7,62.7,1,1
30,70.6,1,1
23.3,89.8,1,2
33,48.6,1,1
33.4,54.4,1,2
24,56.8,1,2
32.5,81.1,1,1
36.4,69.6,1,1
23.8,68.5,1,0
21,51.7,0,2
24.6,66.3,1,1
19.2,68.1,1,0
26.7,56.2,1,1
35.7,82.6,1,1
30.9,72.1,0,0
29,61.9,1,1
29,74.9,1,1
26.6,83.5,0,0
31.1,63.1,1,2
26.8,57.6,0,1
32.2,36.3,1,2
30.8,51,1,1
30.9,49,0,2
33.5,59.6,0,2
33.8,74.2,1,2
25.8,66,1,1
20.1,60.6,1,2
27.2,66.5,1,0
23.7,73,1,1
31.1,49.7,1,0
26.5,51,1,1
33.1,56,1,1
22.3,50,1,1
30.4,66.4,1,1
30.4,49.2,0,2
35.6,79.3,1,1
23,59.5,1,2
23.9,60.9,0,1
27.1,51.8,0,1
28.2,60.1,0,1
24.8,89.9,0,2
33.1,46,0,2
26.9,65.8,1,2
30.2,76.3,1,2
27.3,79.1,1,1
35,72.8,1,2
26.5,69.7,1,1
21,74.5,1,1
28.6,70.2,0,2
33.7,51.4,1,1
25.7,53.9,1,1
30.8,57.7,1,1
21.7,65.6,1,1
30.5,74,0,2
32,83.2,0,2
22.5,46.4,1,1
22.7,88.3,1,1
25,59.3,1,2
35.7,66.7,0,1
27,58.4,1,0
32.8,77.9,1,2
31.3,63,0,2
28.9,74.5,0,1
30.4,61.2,1,1
29.4,70.5,0,1
26.3,81.4,1,0
26.9,61.1,1,1
20.9,70.7,1,2
29.6,72.5,1,0
26.1,71.5,1,1
29.8,72.9,1,1
28.3,57.7,1,1
28.6,74.7,1,1
29.9,59.6,1,1
28.6,95,1,1
25.1,62.3,1,2
30.9,50.6,1,0
19.8,75.5,1,1
23.6,51.1,1,1
33,72.1,1,0
20.5,80.8,0,0
26.5,67.1,1,2
30.7,73,1,1
30.5,92.8,1,2
28.1,50.7,1,1
32.8,75.2,1,0
25.6,64.9,1,0
25,55.8,1,1
25.8,73.9,1,0
24.4,73.6,1,1
26.7,63.9,1,1
27.6,50.2,1,0
30.9,58.2,1,1
18.5,62.8,1,1
30.7,67.5,1,1
30.7,52.9,1,1
27.5,58.5,1,1
32.5,64.8,0,1
26.2,63.4,1,2
29.3,68,1,2
34.8,82,1,1
31,72,1,1
21.9,86.5,1,1
27.6,50.9,1,2
30.2,61.6,1,0
29.9,60.6,1,2
23.6,63.2,1,1
29.9,50.2,1,2
31.2,60.5,1,1
26.6,75.9,1,2
27.1,87.5,0,1
27.2,60.1,1,2
31,68.2,1,1
26.3,65.7,1,1
24.9,67.5,1,1
26.3,57.5,0,2
20.6,67.9,1,0
28.2,49.6,1,2
21.8,87.3,1,1
27.9,69.1,1,1
22.3,72,1,2
23.4,62.7,1,2
28.2,55.5,1,1
29.8,73.1,1,2
33.5,85.2,1,2
27.5,66.8,1,1
22.8,69.6,1,0
25.9,52,1,2
28.9,62.1,0,1
31.5,68.2,1,1
26.2,59.3,0,1
33,85.1,0,2
30.2,51.6,1,0
19.7,58.2,0,1
28.4,54.5,1,2
26.3,79.7,1,1
30.1,63,1,2
21,43.8,1,1
30.7,67.1,1,1
37.5,67.6,1,1
34.9,58.9,1,0
34.2,73,0,1
28.1,66.3,1,2
35.2,61.1,0,1
41.4,73.2,1,1
30.7,78.6,1,1
39,74,1,2
36.6,50.8,1,0
29.8,49.8,1,1
38.3,56.5,1,1
33.4,70.3,1,1
35.4,51,1,2
39,36.4,0,1
34.8,71.5,1,1
37.1,64.3,0,2
40,63.8,0,0
41.3,48.7,1,2
31.2,61.7,1,2
34.3,50.3,1,0
32.1,59,1,1
35.8,55.4,1,0
38.1,69.7,0,2
34.9,65.5,1,1
39.3,62.8,1,1
36.7,74.1,1,2
40.5,55.9,0,2
30.7,78.8,0,1
36.9,63.7,1,1
33.9,61.7,1,2
38.3,53.9,1,0
27.6,70.3,1,2
33.2,89.6,1,0
40.9,79.1,1,2
33.5,66.7,1,1
41.5,66.8,1,0
40.2,65.6,0,1
35.9,71.2,0,2
34.3,74,1,2
32.2,46.7,1,1
34.6,59.4,1,0
37.2,88.6,1,1
34.8,69.2,0,0
33,67,0,2
32.9,38.5,1,1
30.5,46.8,1,1
28.5,58.9,1,2
36.7,72.6,1,0
41.3,69.3,1,1
20.1,77.9,1,1
37.4,66.7,1,1
36,58.3,1,2
38.2,49.9,1,0
30.7,86.8,1,1
34.6,76.2,1,2
34.2,95,1,0
34.4,82.3,0,2
37.5,52.9,1,2
39,62.4,1,1
35,55.9,1,0
41.1,58,1,1
41.5,66.4,0,1
41.8,72.5,0,1
28.8,68.6,1,2
37.7,71.8,1,1
36.7,53.1,1,1
28.3,71.4,1,0
34.6,70.5,0,1
39.4,60.4,1,2
35.9,94.8,1,0
34,94.3,1,2
31.4,73.9,1,1
36.9,60.2,1,2
39.7,87.2,1,1
35.6,68.8,1,1
39.7,65.3,1,1
37.4,32.4,1,1
32.7,60.7,1,1
31.4,66.4,0,1
37,54.5,0,1
38.4,42.7,0,2
37.6,57.3,1,2
36.1,60,1,2
29.1,56.3,0,2
38.1,85.1,1,1
38.3,62,1,2
36.8,53.8,1,0
34.5,69,1,2
39.5,58.9,1,1
37.6,65.2,1,0
33.8,61.4,0,2
29.7,66.4,1,1
37.2,58.5,1,0
31.9,73.7,1,2
38.4,62.7,0,0
33.1,68.1,1,1
35.6,69.6,0,1
38.4,74.5,1,1
33.2,59.6,0,1
33.8,54.1,1,1
36.5,89.2,1,1
38.6,67.2,0,2
29,57.4,1,2
37.5,70.1,1,2
34.8,84.3,1,1
35.7,66,1,1
31.7,44.7,1,0
30.9,67.1,1,1
36.5,59,0,2
32.5,84.2,0,1
36,76.3,1,1
38.2,71.7,1,2
39.6,60.1,0,2
32.4,34.4,1,2
33.6,53.7,1,2
37.3,54.9,1,1
35.7,41.2,1,2
41.7,76.3,1,2
40.3,48.1,1,1
36.9,75.7,1,1
36.1,62,1,2
37.8,50,0,2
40.3,69.6,1,0
34.7,53.2,1,1
31.5,54.2,1,1
40.9,73.6,0,1
38.7,78.3,1,2
33.7,48.4,1,2
36.5,67.8,1,1
33.9,51.4,1,2
35.2,65,0,0
34.3,54.7,1,1
34.8,77.3,1,1
32.4,54.6,1,2
33.4,75.9,1,2
34.5,51.4,0,0
32.4,78,1,2
40.6,50.5,1,1
35.8,66.1,1,0
32.4,51.8,1,1
37.5,76.7,1,1
33.4,84.9,1,1
33.9,49.9,1,1
28.2,62.3,0,1
39.8,72.1,1,0
31.6,90.6,1,0
32.2,40.6,1,1
34.6,73,1,0
33.8,66.4,1,0
37.3,61.9,1,1
33,62.7,0,1
32.6,66.7,0,0
33.7,28,0,2
37.8,71.4,0,1
30.2,68.1,1,2
37.2,62,1,0
38.7,39.8,0,0
36.3,70.7,1,0
39.8,75.1,1,0
34.6,82.6,1,1
32.8,67.3,1,1
30.6,62.8,1,2
29.7,48.1,1,0
41,55.8,1,1
41.9,49.1,0,2
40.2,70.9,1,1
34.3,63.5,1,2
38.5,34.6,1,2
35.5,72.6,1,2
39.4,76.9,0,1
31.8,46.4,1,1
37,53.5,0,1
36.2,62.3,1,1
39.3,58.6,1,0
32.2,85.7,1,1
35,59.6,1,2
38.2,64.6,1,2
44,46.3,1,1
34.3,50.5,1,1
36.7,50.8,0,1
30,59,1,0
38.4,63.3,1,0
37.6,66.2,0,1
34.9,74.2,0,2
39.3,88.6,1,2
37.3,44.6,0,1
40.7,71.8,1,1
31.7,85.8,1,1
37.2,65.3,1,1
38.4,66.5,1,2
26.4,69,1,2
34.6,63.5,1,0
34.2,59.6,0,2
35.4,91.6,1,1
29.8,79.1,0,2
41.3,68.2,1,1
33,63.4,1,2
40.5,56.4,0,0
36.4,63.9,1,1
30.7,80.9,1,1
32.7,72.5,1,1
42.1,76.5,1,0
44.3,77.3,1,1
36.4,58.2,0,2
39.2,57.2,1,1
35,46.6,1,1
32.1,81.3,0,1
36.1,79.1,1,1
29.4,85.3,1,1
30.8,42.9,0,1
37.8,71,1,1
38.5,63.4,1,2
26,59.3,1,0
33.8,54.8,1,1
33.2,66.8,1,0
39.8,54.9,0,1
36,71.5,1,1
38.1,62,0,1
36.8,83.9,1,2
39.3,76.4,0,2
37.1,71.4,1,1
34,75.2,1,2
32.2,68.2,1,2
30.1,80.4,1,2
40.6,62.6,1,1
35.4,82.5,1,1
38.9,43.3,1,2
30.9,58.9,1,2
35.6,59.3,1,1
39.3,54.8,1,2
36.3,64.9,1,1
36.3,63.6,1,2
29.5,69,1,1
33.9,47.2,1,2
33.8,76,1,1
37.3,72,1,1
34.6,88.6,0,0
33.3,52.5,1,0
35.4,72.6,0,1
37.6,94.6,1,2
36.8,62.2,1,0
39.5,67.8,1,1
32.6,26.6,0,1
40.6,67.5,1,1
37.8,65.7,0,0
39.7,88,0,0
29.9,57.6,1,2
40,59.6,0,1
35.3,65.8,1,1
42.3,79.4,1,2
35.3,60.3,1,1
25.7,57.9,1,1
35.4,53.3,0,2
31.6,53.5,0,2
36.3,61.4,1,2
35.7,67,1,0
32.1,56.1,1,2
39.8,56.3,1,0
33.7,61,0,1
35.8,89.7,1,1
35.3,50,1,0
35.1,67.7,1,1
37.7,75.4,0,2
43.6,62.4,1,2
35.5,55.1,0,2
38.6,75.9,1,0
32.2,50.3,1,0
38.6,57.1,0,2
34.1,49.4,0,2
37.5,63.7,1,1
27.7,59,0,1
40.6,65.7,1,2
34.2,77.2,1,2
37.5,85,1,1
36.7,44.2,1,0
35.3,66,1,2
33.3,63.8,1,2
35.1,63.8,0,1
36.2,59.8,0,2
35.9,69.6,0,1
31,73.4,1,2
42.2,48.1,1,2
32.6,52,1,1
39,81.1,1,2
37.2,77.8,0,0
34.7,63.1,1,2
44.5,71.9,1,1
34.5,74.2,0,2
45.4,65,1,1
30,69,1,1
36.1,46.8,1,2
31.4,75.3,1,1
34.2,39.8,0,1
38.5,53.5,0,2
41,63.5,0,2
36.7,63.6,1,2
39.4,64.5,1,1
33.3,57.7,1,0
26.2,86.5,1,2
35,65.9,0,0
33.2,70.4,1,2
37.3,70.9,0,0
37,73.4,1,0
35.7,81,1,1
34.6,80.4,0,2
36.8,62,1,1
35.9,52.3,1,1
34,59.9,1,2
36.8,71.4,1,2
39.2,48.1,0,2
37,55.7,0,1
38.9,66.1,1,0
35.1,80.4,1,1
37.7,59.2,0,0
33.4,40.2,1,0
38.1,64.2,1,1
42.8,64.7,1,1
41.2,56.4,1,2
37.4,55.2,0,1
35,41.1,1,2
37.9,55.3,1,1
40.4,58,0,1
33.3,61.4,1,2
35.9,58.9,1,2
34.5,54.9,1,0
36.6,90.9,1,1
37.7,64.3,1,0
33.4,63.8,0,0
33.5,27.1,1,1
32.6,77.4,1,1
42.8,56.7,1,1
33.6,75.1,1,2
31.6,47.6,1,1
34.5,67.3,1,1
35,82.4,1,1
39.3,43,1,1
31.8,49.4,0,2
27.6,58.7,1,1
32.6,72.7,1,1
40.6,49.9,1,1
42.6,67.8,1,2
33.3,84.2,1,1
35.5,69.6,1,1
45.6,60.6,1,2
29.7,79.8,1,1
35,78.3,1,1
38.8,55.9,1,0
41.1,64,1,2
35.7,74.4,1,1
33.9,54.4,1,1
33.8,72.5,1,1
29.1,88.7,1,2
34.9,66.1,1,1
49.4,66.4,1,2
27.2,70.9,0,1
35.6,71.8,1,2
33.4,63.8,0,1
35.8,78.5,1,2
41.2,57.7,1,1
32,85.4,1,1
37.5,66.9,1,2
32.2,68.5,0,1
35.2,65.3,1,2
43.4,70.4,1,2
40.2,59.1,1,2
37.9,56.6,0,2
41.2,69.2,1,1
35.6,68.1,1,1
41,65,1,0
38.3,67,0,1
39.6,48,1,0
33.9,71.8,0,1
29.7,52.1,0,1
36,60.3,1,1
34.9,84.4,1,1
37.9,63.5,1,0
37.9,69.1,0,1
40.7,53.6,1,1
34.4,77,1,0
39.5,62.8,1,1
39.3,52.9,0,2
30.4,49.4,1,0
34.2,79.7,1,2
49.1,57,1,1
39,52.5,0,2
36,69.2,1,2
37.6,63.3,1,0
38.3,68.3,1,2
40.1,59,1,1
37.2,51.9,0,1
35.9,64.7,1,2
31.5,60.6,1,0
32.5,58.9,1,1
36.4,77.9,1,0
45.4,80.2,1,1
36.4,76.7,1,2
33.5,54.4,1,2
41.6,80.7,1,1
37.2,80.5,1,1
32.9,71.6,1,0
36,59.8,1,2
36,32.5,1,1
37.1,65.5,1,2
36.8,77.2,1,2
34.4,42.7,1,2
36.5,68.4,1,2
37.6,68.4,1,1
41.8,70.3,1,1
37.2,80.4,1,0
33.9,74.7,0,1
46.5,77.9,0,2
35.2,45.2,1,2
45.3,93.7,1,2
45.4,70.1,1,0
33.1,68,0,1
40.4,66.4,1,2
36.3,70.4,1,0
34.4,53.6,1,0
38.6,64.9,1,1
35,69.7,1,0
40.5,59.9,1,2
35.6,73.5,1,1
33.9,74,1,0
34.4,69,1,1
44.9,82.1,0,0
34.3,67.6,1,1
33.7,76.4,1,2
36.9,65.5,1,2
37.9,50.6,1,2
38.6,62.3,0,1
30.4,62.4,1,2
39.8,59,1,2
43.8,80.2,1,2
52.2,74.3,1,1
40.6,95,1,2
44.3,71.7,0,0
37.8,79.5,0,0
26.9,50.2,1,2
40.5,52.7,0,1
37.2,63.1,0,1
41.9,85.8,1,0
37.4,64.6,1,2
40.6,54.4,1,0
35,63.7,0,0
36.3,67.4,1,1
41.4,92.8,1,2
41.7,48.6,1,2
43.2,65,0,0
41.4,66.5,1,1
39.4,69.9,1,2
35.8,63,1,2
30.4,84.2,1,0
39.7,58.9,1,2
37.2,45.4,1,2
37.2,56.8,0,1
36.7,51.7,1,2
40.5,82.5,1,2
38.3,71.6,1,1
36.6,90.1,0,1
40.7,64.4,0,2
41.5,76.1,1,1
43,70.6,1,2
36.6,62,0,2
34.2,40.6,1,1
32,58.9,1,1
36.3,61.4,0,0
32,61.4,0,2
36.9,64.1,1,1
25.8,60.9,0,0
36.3,75.8,1,2
41.3,72.3,0,0
37.6,62,1,1
33.5,58,0,1
36.1,90,1,1
34.9,47.3,1,2
30.4,74.9,1,1
32.6,52.5,1,1
43.2,78.9,1,1
35.9,56.4,1,1
37.7,50.2,1,0
38.8,74.3,0,1
35.7,68.5,1,2
35.9,76,1,1
38.3,73.6,0,1
43.8,64.7,1,1
40.4,49,1,0
46.3,71.7,1,0
33.6,52.4,1,2
34.9,75.4,0,1
36.8,69.3,1,0
46.6,51.3,1,1
43.5,86.3,0,0
35.9,74.9,1,1
36.4,81.3,1,0
32.3,62.8,1,1
39.7,73.4,0,0
33.5,45.7,1,1
30.5,95,1,2
35.6,56.7,1,1
40.1,58.4,1,1
37.1,58.2,1,2
31.3,64.7,1,1
41.5,79.8,1,0
40.6,70,1,1
33.4,64.9,0,2
47.3,65.4,1,1
35.1,89,1,1
38.9,54.9,0,1
41.3,83.8,1,1
50.4,80.7,1,1
41.3,79.2,0,2
40.7,62.2,0,1
39.3,82.9,1,1
35.5,74.5,1,0
45.5,53.4,1,0
35.1,58.2,1,0
38.8,77.6,1,0
39.4,84.1,1,1
40.9,81,1,2
32.4,73.1,1,0
35.9,53.8,0,0
40.9,68.3,1,0
42.9,59.7,1,0
33.4,94.1,1,1
41.1,59,1,2
44.1,73.6,1,0
40.1,90.8,0,2
40.5,74,1,1
36.8,79.1,1,1
42.9,76.3,1,2
41.7,78.6,1,1
35.4,61.6,1,1
35.9,49.1,1,0
37.4,74.1,1,1
32.6,70.9,1,0
33.9,86.1,1,0
37,66.6,0,2
40.5,56.6,1,2
34.3,47.7,1,1
24,80.4,0,2
45.1,50.1,1,0
37.4,67.5,0,2
38.2,82.1,1,2
42.9,63,0,0
42.9,73.2,1,1
43.2,73.9,1,1
32.9,61.5,1,1
32,55.3,1,1
39.1,68.9,1,2
34.2,59.1,0,2
33.5,59.4,1,0
37.2,65.7,0,1
43,69.8,1,1
34.9,54.7,1,0
39.8,50.7,1,2
38.1,72,1,1
38.8,68.8,1,1
34.4,75.8,1,0
39.8,48.1,1,2
45,67.8,1,1
33.5,64.2,1,2
40.5,63.1,1,1
41,58.9,1,1
34.2,68.9,0,1
42.6,77.2,1,1
37.6,66.1,0,1
29.8,52.9,1,1
36.8,60.1,1,1
38.5,46.7,1,2
29.5,62.1,1,1
28,43,1,0
41.7,61.5,1,1
38,63.6,1,0
38.8,50.8,1,1
40.2,62.6,1,1
32.7,72.9,1,1
30.5,65.4,1,2
41.1,64.2,1,1
35.8,47.8,1,0
31.3,65.6,1,1
29.4,78.2,0,2
30.8,60.1,1,2
30.8,60.9,0,0
31.7,70,0,0
33.2,62.3,1,0
28.6,57.2,1,2
33.6,52,1,1
32.1,62.7,1,1
28.8,66,1,1
27.1,63.2,1,2
29.4,58.5,1,2
26.7,75.9,1,2
31.7,76.2,0,2
34.6,79.9,1,2
33.7,76.5,0,2
31.7,80.4,0,1
34,72,0,1
37.8,79,1,2
34.4,48.2,1,2
29.4,72.5,0,1
31.2,67.8,1,1
31.1,61,1,2
29,65.3,1,0
29.7,63,0,2
25.6,53.4,1,1
32.7,55.5,1,1
35.5,42.8,1,0
16.4,61.8,1,1
29.6,61.3,1,1
33.1,63.6,1,2
33,63.9,0,1
30.1,52.4,1,1
20.4,66.5,1,2
38.1,65.1,1,1
29.4,71.7,0,1
31.8,59.3,1,1
30.3,70.3,1,1
31.7,76.9,1,0
25.8,71,1,0
21.1,47.7,1,1
25,57.5,1,1
25.6,43.8,1,2
34.2,63.2,0,1
22.7,67.7,1,2
31,60.5,1,1
28.2,50.3,1,0
37,75.2,1,1
31.2,64.2,1,1
33.9,62.2,1,1
34,61.1,1,2
35.4,50.3,1,2
34.9,45.1,1,2
37.8,67.1,1,1
36.3,62.4,1,0
32.9,51.4,1,0
39.7,64.1,1,1
34.4,61.4,0,2
26.5,72.2,0,0
28.8,46,1,0
28.9,61.2,0,0
30.7,75.9,1,1
30.2,66.6,1,1
30.7,50.4,1,1
34.2,81.3,1,2
32.2,62,1,0
27.8,67,1,2
35.1,50.4,1,0
24.4,60.7,1,2
32.2,66.1,0,1
29.9,66.7,1,0
31.4,53,1,0
29.6,69.7,1,1
36,69.4,1,2
33.4,68,0,0
34.8,74.3,1,1
33.6,74.3,1,0
34,68.8,1,1
28,75.2,1,1
31.7,71.1,1,2
29.4,56.6,1,0
30.6,62,0,1
30.8,61.9,1,0
25.6,77.8,1,1
31.4,71.8,0,2
30.6,62.8,1,2
26.8,53.5,1,1
27.7,69,0,0
33,65.2,1,1
37.8,82.1,1,0
31.4,64.2,1,2
31.8,54.5,1,1
30.4,74.5,1,2
22.5,83.7,1,0
35.1,64,1,2
30.9,52.9,0,0
31.2,56.3,1,0
31,65.7,1,2
34.3,51.4,1,0
26.6,70.1,0,1
37.1,45.2,1,1
25.6,71.8,0,1
31.9,79.3,1,1
32.4,78.2,0,2
27,68.4,0,0
36.4,64.6,1,1
30.3,52,1,1
24.7,64.1,1,1
26.3,70,1,1
31,67.7,1,2
33.2,51.6,1,1
25.2,58.8,1,0
29.3,60.9,1,0
31.8,51,1,0
31.9,65.8,1,2
36,69.5,1,2
34.1,63.9,1,1
31.1,84.2,1,1
33.6,85.1,0,0
36.6,67.2,1,1
31.5,60.8,1,2
23.9,60.4,0,0
29.2,80.9,1,1
29,91.7,1,1
32.1,60.4,1,1
29.6,59.1,1,1
35,71.8,1,2
35.2,72.3,1,2
28.7,59.1,1,2
34.1,70.7,1,1
24.7,53.4,1,1
37,71.9,1,1
23.1,53.2,1,1
23.9,58.6,0,1
27,61.6,1,2
25.7,54.9,1,0
28,59.5,1,0
26.4,67,1,2
28.4,62.4,1,0
26.3,52,1,2
29.8,84.6,1,1
32.8,62.1,0,1
22.4,50.6,0,1
36.8,69.1,1,2
32.8,88.6,0,0
23.5,58.7,1,1
35.7,61.1,1,2
31.8,75.9,1,1
34.8,63.3,1,1
26.4,59.6,1,1
30.3,82.4,0,2
25.1,72,1,2
23.5,58.4,0,1
32.7,95,0,1
27.4,82.3,1,1
32.4,67.7,0,1
29.8,39.8,1,1
22.9,70.9,0,1
35.9,79.1,0,2
29.6,95,1,0
33.8,61.8,1,1
26,65.6,0,2
31,62.9,0,2
31.1,53.7,1,2
26,46,1,2
22.9,62.8,1,1
31.5,64.9,0,2
26.5,43.4,1,0
31.1,83.2,1,1
33.7,64.9,1,1
28.9,55.1,1,2
28.1,61.5,0,1
31.5,69.4,1,2
20.8,63.1,1,2
30.1,64.4,1,2
28.6,45,1,2
34.8,93.8,1,1
31.8,79.9,1,1
30.7,64.3,1,2
36,71.4,0,1
32.4,79,1,1
31.7,68.4,1,1
28.1,69.7,0,0
25.4,66.8,1,2
31.1,56.6,1,2
29,69,1,0
28.1,87,1,0
40.8,63.2,1,2
27.1,59.9,0,1
32.2,51.9,1,2
29.3,73.3,1,0
24.7,59.2,1,0
35.8,69.2,0,1
35.4,60.5,1,0
29.3,55,1,2
32.7,76.5,1,1
29.1,57.2,1,1
27.6,64.3,1,1
27.7,66.5,0,1
24.4,56.6,1,2
27.5,60,0,1
34.3,60.9,1,2
33.5,77.4,1,0
30.7,61.9,1,1
32.7,60,1,2
31,65.4,0,1
31.4,84.1,1,2
38.3,95,1,1
26.2,67.6,0,2
35.1,77.4,1,1
33.4,70.1,0,1
37.7,47.4,1,1
31.3,68.7,1,0
30.9,54.2,1,0
37.3,63.3,0,1
35.7,78.7,1,1
30.3,65.3,0,2
34.5,62.3,1,2
34.1,53.4,1,1
27.1,41.3,1,2
33.8,52.2,1,1
34.2,43,1,0
36.8,60.5,1,2
25.9,63.9,1,2
34.1,59.8,0,2
29.7,63.7,1,1
25.5,49.3,1,2
21.1,70.8,1,2
26.7,61.4,1,1
32.9,47.8,1,1
29.4,95,1,2
26.7,55.3,1,1
31.4,65,1,1
32.7,69.7,1,2
29.6,49.1,0,2
33.7,79.7,0,1
32.3,66.9,1,2
27.2,57.1,1,2
29.9,56,1,2
23.8,74,0,1
31.6,81.8,1,2
36,49.4,1,1
21.5,57.8,0,2
32.2,71.6,1,1
27.6,78.6,1,2
32.6,40.2,1,0
36.8,65.5,0,1
26.8,47.6,0,1
31.9,54.3,1,0
36.9,44.6,1,1
32.9,53.9,1,1
23.5,65.1,0,1
29.6,51.3,1,2
33.3,51.6,1,0
30.2,56.5,0,0
25,54,0,2
23,56.4,1,0
33.5,60.6,0,0
26.9,69.8,0,2
19.6,67.3,1,0
30.8,60.5,1,1
29.9,62,0,1
34.1,63,1,1
23.6,78.6,0,0
29,81.4,1,1
23.8,57,0,2
27.9,73.1,1,2
31.2,37.2,0,1
26.3,68.6,1,1
32.6,49.5,1,1
33.2,58.4,1,1
28,40.7,0,2
27.6,34.4,0,2
23.7,67.5,1,0
37.5,44.8,1,0
27.3,63.6,1,1
35.8,57.7,0,0
29.8,53.1,0,0
29.9,58.6,0,0
28.8,63.8,0,1
32.6,65,0,0
26.1,73.1,1,1
20.5,80.1,0,1
29,47.3,0,0
33.6,36.6,0,1
32.8,74,1,1
35.5,46,1,1
32.6,69.1,1,1
29.2,50.6,1,2
25.7,54.1,1,0
31.6,75.2,0,1
29.9,55.3,0,1
30.4,70.2,1,1
25.4,43.8,1,1
31.1,56.6,1,1
35.7,46.3,0,2
28,62.4,1,2
29.5,81.3,1,0
35.4,72.9,1,0
33.1,44.3,1,1
32,70.7,1,2
31.2,75.7,1,1
25,62.2,1,2
25.2,73.3,1,0
26.6,72,0,0
21.6,75.7,1,1
24.1,63.7,1,1
25.3,59.3,1,2
28.7,69.3,1,1
30.5,68.3,1,1
28.6,81.9,1,2
31.2,66.4,0,2
28.3,68.7,1,2
25.9,77.6,1,1
30.2,86.2,0,1
27.5,92.9,1,1
22.8,61.7,0,0
32.6,51.4,1,1
34.9,95,1,1
29.8,62.9,1,1
32.5,82.9,1,0
28.9,33.5,0,2
25.5,79,1,1
31.2,80.2,1,1
34.7,56.8,1,1
32,79.9,0,1
29.1,76.9,1,1
30.6,68.9,1,1
28,64.5,1,0
24.8,62.2,1,0
36,86.5,1,0
28.2,76.7,0,2
35.2,40.8,1,0
37.5,71.8,1,2
25,71.7,1,2
33.8,80.6,0,0
25,56.3,1,1
22.6,86.2,0,1
29.8,64.1,1,1
22.5,76.7,1,2
34.5,63.4,1,1
26.3,53.1,1,1
29.7,72.3,1,0
25.7,89.2,1,1
31.2,48.4,0,1
31.6,94.8,0,0
32.3,56.5,1,2
33.5,60.8,1,2
24.5,68.2,1,1
23.6,61.7,0,1
27.1,64.1,1,0
29.2,58.8,1,2
20.9,47.1,1,1
23,92.4,0,0
26.7,69.2,1,1
23.5,79.6,1,1
24.9,56.5,1,2
35.4,78.7,1,1
25.1,67.6,1,1
27.3,53.8,1,2
25.2,83,1,0
32.9,81.8,1,1
25,64.6,1,1
34,66.6,1,2
36.2,68.6,0,1
30.1,35.9,1,0
26.8,65,1,0
31.5,61.3,1,0
25.1,82.4,1,1
27.3,69.2,1,1
32.1,57.3,1,0
29.6,50.8,0,1
23.3,74,0,2
30.5,51.6,1,1
28.1,61,1,1
26.2,75.4,0,2
24.3,78,1,1
33.3,47.5,0,2
24,55.8,0,2
31.2,72.4,1,2
25.7,71.6,1,1
27.5,57,1,1
30.8,74.5,1,1
31,53.1,1,1
30,67.3,1,1
23.8,65.5,1,2
31.8,60.7,0,2
27.9,75.7,1,0
33.1,95,1,2
28.1,59.9,1,1
33.9,37.8,0,2
33,63.1,1,1
28.2,72.6,0,1
35,37.3,1,1
28.4,56.5,1,0
30.2,63.9,1,0
26.5,79.9,0,0
35.9,63.6,1,2
23.4,65.9,1,1
33,59.9,1,0
28.1,71.2,0,2
34.3,72,0,1
31.8,66.3,1,2
29.5,64.8,1,1
32.8,70.8,1,1
28.3,49.4,1,1
28.4,40.9,0,1
29.5,54.6,1,2
28.5,53.9,1,0
33,84.1,1,1
33.2,70.4,1,1
22.6,70.1,1,0
23.7,49.7,1,1
27.3,44.3,0,2
32.1,86.6,1,1
29.4,71.7,1,1
34.1,47.2,0,1
26,74.2,1,2
29.9,54.3,1,1
36.5,83.3,1,2
29.6,73.9,1,2
32.1,52.1,0,2
29.2,64.5,0,2
28.5,79.1,1,1
25.5,75.5,0,1
25.6,87.8,1,2
29.1,62.3,1,1
21.5,54.2,0,0
28.9,43.2,1,2
23.1,53.5,1,1
24.9,79.6,1,1
25.6,60.7,1,1
27.9,59.5,1,1
24.7,71,1,1
25.8,79.3,1,2
27.5,57.4,1,2
28.6,81.9,1,1
34.8,57.4,0,2
27.7,72.4,1,2
29,70.1,1,1
26.3,75.8,1,1
32.6,49,1,1
31,75.4,1,2
30.7,71.8,0,1
25.8,77.7,1,1
32,63.6,1,1
30.3,37.9,1,2
32.6,55.9,1,1
29.5,78.4,1,1
28.4,56.1,0,1
26.5,60.6,1,1
30.7,72.1,1,1
34.4,87.4,0,1
26.1,53.6,1,1
25.8,60.2,0,1
22.7,39.9,1,2
30.5,73.4,1,0
33.3,58.6,1,1
21.3,54.2,1,1
28.9,77.7,1,2
25.3,70.1,1,1
33.4,73.5,1,1
28.1,69.2,0,0
24.6,82.7,0,2
31.7,50,1,1
24.8,77.7,0,1
25.7,61.9,1,1
31.8,77.9,1,2
27.2,63.1,1,1
29,78.2,1,1
28,65.7,1,1
30.9,55.1,0,1
31.2,49.7,1,0
32.2,59.8,1,0
30.4,57.2,1,2
27,64.3,1,1
30.1,66.7,1,1
26.2,80.3,0,1
24.3,94.4,1,0
26.5,39.2,1,2
20.4,73.1,1,0
25.4,86.4,0,1
34.2,83.8,1,1
31.4,37.8,0,2
22.4,60.7,1,1
33.1,68.5,1,2
22.9,63.5,1,0
23,52.5,1,0
34.9,60,0,0
24.4,87.8,0,0
36.9,54.5,1,1
29.6,59.6,1,0
30.8,49.2,0,1
35.6,53.7,0,1
22.8,72.9,1,1
29.2,73.3,1,0
36.1,71.3,1,2
28,62,1,1
30.1,65.9,1,0
33.3,59,0,1
26.7,52.7,1,2
29.7,95,0,0
20.4,46.6,1,1
27.2,72.7,1,1
19.5,75.2,1,1
25.3,48.2,1,2
30.5,74.4,0,0
16.6,73.2,1,2
37.7,89.5,1,2
32.6,50.7,1,0
25.8,67.3,1,2
35.8,78.1,1,2
33.7,54.7,1,1
31.3,69.3,0,1
25.8,64.6,0,2
31.3,80.1,1,2
30.1,55.4,0,2
27.7,61.5,1,1
27,77,1,0
28.2,66.7,1,2
27,69.9,1,1
28.7,49.8,0,1
36.4,71.1,0,1
33.2,59.6,0,2
26.4,74.8,1,0
25.2,63,1,2
34.5,68.8,1,2
27.5,71.4,1,2
24.7,70.8,0,1
16.3,72.7,1,0
27.6,85.9,1,2
22.9,47.3,0,2
32.6,60.7,0,2
24.8,83.6,0,2
28,59,1,2
27.5,58.5,1,2
28.9,79,0,2
32.1,75.8,1,1
31.9,71.9,1,1
27.3,91.5,1,2
25.8,68.6,1,1
29.8,79.3,1,1
29.5,74.5,0,1
32.4,85.8,0,0
23.5,49.7,1,2
31.4,52.9,1,1
32,66.1,1,2
27.4,62.8,1,1
26.1,56.5,0,0
28.4,61.5,1,2
28.6,50.3,1,1
29.9,60.9,1,1
24,78.7,0,1
26.1,68.2,0,0
33.2,64.8,1,1
35.1,71.9,1,2
20.5,63.3,1,1
31.8,59.6,1,1
28.1,38.9,1,1
26.7,71.1,0,1
26.4,88.9,1,2
35,57.1,1,1
25.7,58.3,1,0
21.3,61.8,1,1
22.6,55,1,1
30.4,72.8,1,1
26.6,52.2,1,2
29.3,62,1,1
16.6,54.4,1,1
33.9,81.1,1,2
31.1,76.6,1,0
30.7,64,1,0
25,46.8,1,1
31.6,60.7,1,1
34.3,69.2,1,0
31.7,76.5,1,0
29.1,62.8,0,0
26.7,60.6,1,2
27.2,73.6,1,1
28.2,53.5,1,2
24,67.3,1,2
20.2,87.6,0,1
26.9,66.3,0,2
28.5,80.4,1,2
26,57.7,1,2
20.2,54.3,1,1
26.6,41.3,1,2
25,78.3,1,1
29.3,67.4,1,1
37.6,52,1,1
35.9,50.3,1,1
27.4,38.9,1,0
19,61.1,1,0
24.1,60.2,0,0
25.4,37.2,1,2
25.6,65.5,0,2
23.1,68,1,2
27.1,67.2,1,1
35,59,0,1
25.2,70.7,0,1
21.7,67,1,1
28.8,54,1,2
34.4,75.7,1,1
25.9,31.6,0,1
30.4,67.7,1,0
27.1,42.7,1,0
31.6,58.8,1,0
28.7,79.9,1,2
27.4,72.7,1,1
22.7,62.4,1,1
28.9,62.9,0,1
28.4,63.7,1,1
20.9,54.1,1,0
27.1,83.4,1,2
22.1,63.9,1,1
34,57.3,1,2
19.9,62.7,1,2
33.1,71.2,1,2
25,54.8,1,2
25.5,58.7,0,2
29.9,58.9,1,1
20.1,76.4,0,2
33.8,60.3,1,0
22.1,63.1,1,1
30.2,66.5,1,0
34,65.1,0,2
26.8,37.9,1,1
32.9,80.4,0,2
27.2,51.4,1,2
32.8,58,1,1
17,69.7,1,2
25.3,71,0,1
27.3,69.7,0,0
28.7,51.4,1,2
29.7,41.4,1,1
32.3,69.6,1,1
35.1,61.4,0,1
23.4,67.3,1,0
27.8,75.3,1,1
23.8,44.2,1,1
29.6,83.7,1,2
34,71.7,1,2
32,72.2,1,0
31.1,59.9,0,0
30.5,71.9,1,1
31.7,64.5,1,2
30.7,75.8,0,2
30.4,49.2,0,0
26.6,73.8,1,1
26.6,77.8,1,2
24,60.7,1,1
26.4,69.6,0,2
26.6,44.8,1,1
31.6,47.3,0,0
34.7,79.8,1,1
23.1,70,1,1
21.4,71.3,1,1
25.7,65.3,0,2
28.4,60.3,1,1
28.2,78,1,0
28.9,55,1,1
31.1,75,1,2
20.5,36.9,1,2
36.8,68.6,1,2
24.2,42.2,0,1
27.5,66.5,0,1
22.2,66.3,1,1
31.8,77.3,0,1
31.6,75.8,1,2
32.5,89.9,1,1
32.9,48.7,1,0
28.6,50.6,1,1
26.1,42.7,1,1
30.2,44.8,1,2
32.6,72.1,1,2
31,46.7,1,1
30.7,64.9,1,0
30.3,51.9,1,0
31.7,71.8,1,0
33.6,75,1,2
30.6,67.6,1,1
22.5,59.8,1,1
29.3,66,1,1
31.4,72.3,1,1
28.6,51.6,1,1
33.6,70.1,1,1
30.2,62.9,0,2
26.6,41.9,0,0
25,75.4,1,0
23.7,72.9,1,0
28.4,51.4,1,0
24.4,56.4,0,2
24.1,78.7,1,2
30.8,63.2,1,1
27.9,80.1,1,2
29.4,49,1,2
33,89.4,1,1
27.2,73.4,1,2
30.8,74.1,1,0
33.3,69.1,1,2
21.1,48.7,1,2
28.4,52.2,1,1
27.9,62.8,1,1
28.6,67.2,1,1
29.2,60.7,1,2
26.9,60.1,1,1
26.3,45,1,0
21.2,67.9,1,2
32,84.2,0,1
35.6,79.4,1,2
22.9,53.7,1,1
30.7,63.4,0,0
24.1,72.3,0,1
29.8,64.1,0,1
28.1,47.6,1,2
29.9,60.7,1,1
27,42.5,0,1
25.9,81.1,1,2
29.5,61.8,1,1
32.8,78.4,1,1
24.6,52,1,1
30.8,76.8,0,2
21.7,66.5,1,2
23,72,1,2
26.5,59.2,1,2
22.9,72.3,0,2
30.9,53.9,1,2
31.5,50.2,0,1
33.5,87.3,1,2
26.1,46.8,0,0
26.8,66.3,1,2
30.7,61.4,1,0
26.3,73.2,0,1
30.7,74.5,1,1
29.7,82.9,0,1
39.4,69.3,1,1
29.3,62.8,1,1
29.8,72.7,1,1
31.7,49.8,1,1
30.8,43.8,1,2
25.2,52.4,1,1
28.2,80.1,0,0
24.7,68.4,1,1
28.4,67.4,1,1
30.3,74.1,1,2
26,62.5,0,0
20.9,80.5,1,1
29.9,84,0,0
30.2,58.8,1,2
26.5,66.2,1,2
32,73.9,1,2
21.1,90.7,1,1
32.7,67.9,1,1
29.9,77.5,1,1
25.7,55,1,2
33.2,89.8,1,1
30.2,79.4,1,0
29.5,63.6,1,1
27.8,72.3,1,1
29.6,62.7,1,1
32.8,75.2,1,1
30.1,70.2,0,2
35.1,64.7,1,1
26.1,62,1,2
26.2,62,1,0
26,61.3,1,1
26.3,66.6,0,0
27,72.2,1,1
24.5,60.5,1,1
32.6,81.3,1,0
29.6,53.1,0,1
20.2,58.3,1,0
31.8,71.7,1,2
27.4,72.2,0,0
30.8,89.9,1,2
30.5,66.3,1,1
24.7,54.8,1,1
23.3,66.6,1,2
27,60.1,1,1
29.7,62.2,1,1
31.6,57.6,1,1
26.5,68.1,1,0
23.9,59.1,1,0
32.8,64,1,1
28.1,49.4,1,0
34.2,74.2,1,0
23.6,72.8,1,2
30,74.1,1,2
27.2,47.3,1,1
25.6,44.3,1,1
34.3,78.6,1,2
31.7,58.9,1,2
21.8,60.8,1,2
34.5,56.8,0,2
28.9,59.3,1,0
30.5,71.6,1,1
31.1,65,1,0
25.6,70.5,1,2
22.6,78.8,1,1
25.2,88.6,1,1
20.9,52.7,1,1
26.6,60.1,1,2
26.2,50.9,1,2
24.9,69.1,1,0
30.9,62.6,1,0
29.6,67.4,1,0
31,61,1,1
29.8,68.2,1,2
30.8,84.6,1,1
23.3,63.3,0,2
24.6,49.9,1,2
35.2,67.1,1,2
28.6,55,1,1
22.7,60.3,0,0
23.9,50,1,1
31.6,69,1,0
28.6,76.8,1,2
27.9,56.9,1,0
37,95,1,1
21.3,81.1,1,1
21.5,77.3,1,2
26.4,60.9,0,2
30.4,58.8,1,0
27.1,64.8,1,2
25.4,66.9,1,1
34.4,54.5,1,0
31.6,83.8,1,1
20.4,55.5,1,0
32.2,77.8,0,2
32.8,76.2,1,1
31.2,61.3,1,0
32.4,77.2,1,2
30.2,53,1,1
22.3,61.4,1,1
25,66.4,1,0
24.6,54.7,1,1
25.7,59,1,2
24.8,77.3,1,0
22.3,56.6,1,2
30.3,61.9,1,1
23.3,66.8,1,2
26.4,83,1,2
25.9,49.8,1,0
23.7,77.2,1,0
26.5,67,1,1
29,53.7,1,2
31.7,63.5,1,1
28.4,37.4,1,1
21.5,76.8,1,2
27.8,46.4,1,0
33.3,71.4,0,1
27.3,67.9,0,2
27.2,70.2,1,1
25.4,55.7,0,1
26,62.3,0,0
20,75,1,0
36.9,81.8,1,1
30,72.1,0,0
37.4,51.1,0,0
33.7,78,1,2
35,65.9,1,1
40.6,48.3,0,1
36.3,63.2,1,0
33.3,70.5,1,1
40.6,64.7,1,1
30.9,42.3,1,1
33.4,73.8,1,1
36.7,77.1,1,2
38.9,73.5,1,1
32.5,69.2,1,1
33.1,76,1,1
35.2,90.1,0,2
32,59.7,1,2
38.4,63.2,0,0
33.8,75.1,1,1
41.8,72.3,1,1
36.1,33.4,0,2
31,47.7,1,1
28.9,62.3,1,1
32.1,68,1,1
37.5,64.1,1,0
38.5,54.4,1,1
30,68.4,1,1
36.2,53.3,0,0
38.3,51.8,0,1
29.8,87.6,1,1
34,51.8,1,1
36.4,63.1,1,2
33.1,51.3,1,2
32.1,57.6,1,1
41,70.6,0,0
33.9,69.4,1,1
30.8,56.8,0,0
37.7,51.8,1,1
38.6,78.1,1,2
31.6,48.1,1,1
29.8,41.4,1,0
36.4,91.9,1,0
35.7,63.2,0,1
34.1,74.5,1,1
34.6,73.9,0,0
42.4,74.5,1,2
39.1,69.8,1,2
29.1,68.9,1,2
40.1,66.5,1,0
30.5,57.1,1,0
37.6,55.7,1,1
40.1,64,0,2
32.1,66.9,1,1
39.2,49.4,1,2
33.3,65.3,1,2
43.3,68.7,1,1
38.6,58.1,1,1
37.6,68.3,1,2
38.5,62.5,1,1
33.2,59.1,1,1
37,70.8,1,1
35.2,62,1,1
45.3,54.4,0,2
32.7,65.2,1,2
33.6,73.1,1,2
40.7,48.2,1,1
45.5,64.8,1,1
31,65.3,0,0
40.7,76.7,1,2
35.5,60.1,1,2
42.9,76.7,1,2
38.1,79.9,1,1
36.2,80.5,1,0
25.3,77.4,1,1
31.2,61.4,1,1
39.4,71.2,0,2
32,62.2,1,1
35.2,61.1,1,2
33.7,63.6,1,2
38.4,75.8,1,1
46.3,72.6,1,1
30.4,66.3,1,2
35.4,90.4,0,1
34.4,82.7,1,1
40.4,47.3,1,1
33.6,55.6,1,0
37.9,79.4,1,1
32,83.6,1,1
38.2,54.7,1,1
28.4,52.3,1,0
37.2,56.8,1,2
29,50.3,1,1
38.4,60.1,1,2
34.4,57,1,1
34.8,83.2,0,1
34.6,76.2,0,1
36.5,77.5,1,2
40.9,53.5,1,1
33.7,65.9,1,2
35.1,79.9,1,1
37.7,56.8,0,1
36.1,45.4,0,2
37.5,54.8,1,1
38,65.5,1,2
34.3,80.7,1,0
37,61.4,1,0
27.9,53.4,1,2
40.4,67.5,1,1
34.4,52.9,1,1
37.7,36.8,1,1
34.9,52.5,1,2
35.5,65.4,1,1
29.4,65.6,0,2
33.6,67.8,0,0
43.7,49.2,1,1
35.9,93.7,1,1
42.9,74.1,0,2
39,66.2,1,1
26.9,70.1,1,1
37,51.6,0,2
30.5,41.5,1,0
38.7,42.3,1,2
31.9,43.2,1,1
33,45.6,1,1
40.2,51.6,1,1
35.2,66.4,0,2
37,69.6,1,1
31,68.3,0,0
28.7,47.7,0,2
30.4,47.1,1,1
29.5,63.3,1,2
35.9,70.4,1,1
32.1,74.5,1,0
44.2,60.8,1,1
34.3,53.8,0,0
34.4,74.5,1,1
41.9,49.8,0,2
34.6,72.9,1,2
40.2,50.7,1,2
31.7,60.3,0,1
29.3,65,1,2
37.7,66.8,0,0
37.3,67.3,0,1
31.6,52.2,1,2
39.4,80.9,1,1
31,61.3,1,1
35.7,53.2,1,2
24.8,58.6,0,1
33,90.7,0,0
37.5,68.5,1,0
36.6,63.4,0,1
40.4,54.1,0,2
43.7,59.6,1,2
39.2,68.4,1,1
39,44.1,1,2
30,60,1,2
36.2,64.5,1,1
37.2,60.3,1,2
36,56.5,1,0
34.2,55.4,1,1
41,62.3,0,1
30.8,70.9,1,1
46.9,59.4,0,2
29.5,93.1,0,2
34.8,82.4,1,1
30.1,61.5,0,0
36.5,55.9,0,2
34.2,57.2,1,1
30.5,47.8,1,2
35.1,75.2,1,0
30.8,66,1,1
33.9,68.1,1,1
26.9,87.1,0,2
37.3,63.7,0,2
36.5,60,1,1
36.6,67.5,0,1
35,60.9,1,0
34.6,53,1,0
38.2,68.2,1,2
35.9,59.5,1,2
39.7,56.5,0,2
33.1,47.2,1,1
36.1,56.5,0,1
34,77.9,1,1
43.8,37.5,1,2
31.8,65,1,2
33,67.2,1,1
39.5,57.2,0,1
43.3,68.4,1,0
32.4,52.2,1,2
42.2,38.7,0,2
32.3,68.9,1,2
41.4,77.8,1,1
29.5,53,1,0
33.9,61.6,1,0
42.1,58.4,1,2
34.6,70.4,1,2
31.6,81.8,1,1
28.1,51.2,0,0
34.2,48.7,1,1
32.3,74.6,0,1
32.7,65.2,1,1
36,57.7,1,1
36,52.3,1,1
35,49.2,1,2
29.4,69.5,1,2
28.2,56.3,1,0
38.8,65.3,1,2
38.6,84.8,1,2
33.8,49.6,0,2
36.9,74.1,0,1
32.1,83.3,0,1
37.4,60.3,0,2
30.8,64.4,1,1
36.2,59.3,0,2
45.1,75,1,1
34.6,71.2,1,2
32.1,74.6,1,2
38.9,62.3,1,1
40.3,71.4,0,2
38.9,69.8,1,1
27.1,81.4,0,0
33.7,70.4,0,1
35.5,50.7,1,0
32.2,70.1,1,1
37.9,67.2,1,1
33.1,74.3,1,1
35.5,76.3,0,1
43.5,55.1,1,1
38.2,62.1,1,1
37.5,67.9,1,2
40.8,72.5,1,2
29.9,53.7,1,2
35.7,43.2,1,0
42.5,58.2,1,2
31.7,58.9,0,0
38.4,53.1,0,2
40.3,70.9,1,0
35.5,72.3,1,1
33.7,61.7,1,1
35.6,59.3,0,1
33.3,72.5,1,2
36.1,56.6,1,1
37,73.3,0,0
32.9,64.6,1,0
42.6,73.2,1,0
35,72.4,1,1
31.3,77.5,1,2
30.3,60.1,1,0
30.9,78.6,1,1
33.8,71.9,1,2
33.6,71.8,0,1
39.5,75,1,1
31.6,58.3,1,2
29.9,67.6,1,2
29.8,48.6,0,0
33.2,70.1,0,2
36.8,70.8,1,1
33.7,68.5,1,1
38,60.4,1,1
33.5,72.7,0,0
36.6,61.6,1,0
34.1,51.8,1,1
37.3,64.2,1,0
32.7,42,1,1
36.9,48.6,1,0
30.1,52.5,1,1
29.3,51.5,1,2
35.7,76.2,1,1
36.3,45.6,1,2
37.6,52.1,0,2
34.1,51.5,0,1
30.6,56.3,1,1
43.5,66.4,0,0
37.8,37.4,1,1
39.6,67.8,1,1
38.8,64.7,1,1
31.7,91,0,1
39.2,67.7,1,0
36.2,65.2,0,1
34.5,48.4,0,1
34.3,61.1,1,1
33.2,58.7,0,1
27.7,66.1,1,0
35.8,48.8,1,0
30.3,78.2,1,1
32.6,54.3,1,2
33,70.5,1,0
33.3,51.4,0,0
38.7,66.9,1,2
26.9,67.9,1,1
34.4,62.8,0,2
29.5,67.1,1,1
34.4,62.7,1,0
30.6,68.8,1,1
38.5,60.5,1,2
31.5,53.4,1,2
25.5,57,0,0
32.9,74.8,1,1
43.8,58.6,1,1
37.5,70.7,0,2
38.9,65,1,0
42.5,70.9,1,2
41.9,74.8,1,0
34.9,53.7,1,2
31.6,61.2,1,2
34.1,53.2,1,1
43.1,62.9,1,0
45.1,59.2,1,0
42.5,61,1,1
38.2,41.8,1,0
33.2,52.4,1,2
35.3,43.9,0,1
39.7,65.5,1,2
39,84.3,1,1
29.2,71.1,1,1
43.7,57.8,1,0
33.2,69.9,1,1
41.3,58.7,1,1
35.3,80.6,0,0
28.7,68.7,1,0
40.4,56.4,1,0
39.8,72.3,1,1
41.9,85.2,0,1
35.5,72.2,0,2
43.8,73.4,1,1
42,75.9,1,0
41.5,89.6,1,1
35.7,64,0,0
39.5,95,1,1
38.1,70.5,0,1
46,57.3,1,1
36.8,68.7,1,1
34.3,57.7,1,2
28.9,72.8,1,1
35.1,70.8,0,2
38.8,42.6,1,0
35.7,62.4,1,0
48.4,73.2,1,2
40,58,1,0
36.9,70.2,1,2
39.3,63.5,1,1
40.7,77.8,1,1
37.6,56.8,1,1
39.8,60.4,1,2
41.4,39.6,1,2
29.2,71.5,1,2
46.7,85.7,1,2
35.2,49.2,0,2
38.2,64.5,1,2
35.2,51.9,1,2
38.2,89.3,1,1
40,45.8,1,1
39.9,74.3,1,0
39.1,59,1,0
34.2,74.4,1,0
35.9,89.3,1,1
38.9,52.9,0,1
40.7,59.3,1,1
26,57.8,1,1
41.6,91.4,1,2
31.9,55.8,1,1
34.7,70,1,1
41,59.7,1,0
41.2,68.6,1,1
35.3,52.8,1,2
36.5,70,1,0
38.2,71.2,1,1
34.5,54.7,1,0
33.7,68.3,1,1
40,56.6,0,1
41.1,61.4,0,1
36.6,56.7,1,1
36.9,57.8,0,2
31.3,51.7,1,1
39.8,65.8,1,2
35.4,60.4,1,2
31.5,85.2,1,0
31.1,51.9,1,1
37.5,86.8,1,1
34.9,59.7,1,1
34.8,56.2,1,2
47,54.4,1,1
35.4,82.2,1,1
37.6,62.3,1,2
38.3,80.4,1,1
36.9,72.5,1,1
29.8,83.2,1,1
33.8,55.4,1,2
33.5,70,1,0
35.4,63.6,1,2
31.9,88.4,1,0
35.7,40.9,1,1
41.5,52.6,1,1
42.9,95,1,1
33.2,52,1,0
36.1,65.1,0,1
40,61,1,0
36.2,57.1,1,1
40.2,58.7,1,1
42.7,51.1,0,1
37.5,50.7,0,1
38.6,54.3,1,1
43.4,64.9,1,2
38.4,63.6,1,1
41,84.7,0,0
35.9,66.4,1,0
41.4,95,1,1
30.9,69,1,1
32.3,69.3,1,1
39.8,66.2,1,1
34.5,55.2,1,1
35.1,63.3,1,1
27.3,65.1,1,2
38.5,65.2,1,1
36.2,40.6,1,0
38.7,57.9,1,1
37.4,54.5,1,2
34.6,59,1,1
31.2,44.2,0,1
40.1,78.5,1,1
36.7,74.1,0,2
39.6,64.2,0,1
35.6,57.4,1,1
40.7,61,1,1
43.1,39.6,0,1
37.5,60.1,1,2
33.4,58.6,1,1
45.1,65.8,1,2
40,49.5,1,2
35.5,72.2,1,1
37,77.4,0,1
37.9,54.2,0,2
39.7,73.9,1,0
39.8,51.3,1,1
37,78.8,1,2
37.8,61.2,1,1
33.3,66,1,1
37.4,68.3,1,0
31.3,64.2,1,0
43.1,76.1,1,2
41.5,58.6,1,2
39.3,54.7,1,1
47.4,46.1,1,0
33.6,72,1,1
34.4,72,0,2
40.8,62.8,1,1
39.8,53.7,1,2
34.1,47.4,1,1
38.7,65.9,1,2
39.7,63.1,1,1
39.4,65.1,1,0
31,80.8,1,1
39.5,71.9,1,1
37.1,50.3,1,1
39.9,69.9,1,2
43.9,61.4,1,1
31,60,1,0
29.2,75.9,0,1
34.7,62.5,1,2
39.9,54.4,1,1
36.1,65.8,1,2
46,72.4,1,0
31.8,69.9,1,1
40.9,80,1,1
41.7,59.7,1,1
35.6,78.7,1,2
41.1,73.8,1,1
39.9,63.2,1,1
40.6,73.6,1,1
36.6,49.4,1,1
45.1,59.6,1,0
46.2,57.7,1,2
38.8,58,1,0
42.2,57.4,1,2
38.5,54.3,1,2
39.3,76.8,1,1
37.9,59.1,0,0
43,62.3,0,2
40,53.5,0,0
31,66.2,1,2
35.9,64.1,1,2
31.8,50.6,1,1
36.2,60.2,0,0
33.8,59.7,1,2
44.8,50.6,0,1
38.1,95,0,1
40.8,65.6,0,2
42.9,40.1,0,1
37.9,75.5,0,1
41.1,60.8,0,2
40,57.6,1,1
36.6,50.7,1,1
40.4,75.4,1,2
33.1,48.5,1,1
39.2,54.5,0,1
36.2,47.3,1,1
40.4,62.5,1,0
34.9,64.4,1,1
34.7,55.4,0,2
27.2,71.8,0,1
39.4,45.1,1,2
31.6,63.3,1,1
38.9,57.8,1,2
37.3,41,1,1
30.7,49,1,0
38.8,55.6,1,1
36.2,55.6,1,1
38,69,1,1
40.4,80.2,1,1
29.6,62,1,1
32.7,51.1,1,2
36.5,53.9,1,2
32.7,70,1,1
37.8,58.8,1,1
39.4,70.3,1,1
33.8,58.6,1,1
43,80.9,0,2
31.2,70.3,1,1
37.6,76.1,0,1
30.1,83.8,0,2
43.5,76.9,1,2
37.6,78.5,1,2
38.4,58,1,1
36.3,57.2,1,2
37.8,62.5,1,1
35.1,46.9,1,1
35.2,71.1,1,2
31.5,64.1,1,1
31.1,68.6,1,1
33.5,55.1,0,1
41.1,62.7,1,0
37.8,73.8,1,2
39.5,62.3,1,1
47,59.7,0,2
43,57.1,1,0
32,63,1,2
38.9,63.6,1,1
36.3,59,1,1
32.6,82.7,1,1
29.3,48.6,0,1
33.6,53.6,1,1
42.5,80.3,1,1
33,58.7,1,2
36.3,58.4,1,2
39.7,50.8,1,2
38.3,76.6,0,1
36.7,70.2,0,1
38.2,59.2,1,1
31.4,54.9,1,0
44.5,70.2,1,1
37.1,62.3,1,0
34.4,64.6,0,1
34.2,66.9,1,2
32.9,56.8,1,1
35.3,71.5,1,1
40.2,55.5,1,2
36,49.8,1,1
38.8,63.8,1,1
41.6,56.2,1,1
37.6,61.7,1,1
42,61.2,0,2
34.4,59.7,1,2
43.6,62,1,1
39.8,57.5,1,1
35.2,69,0,0
33.7,69.2,1,0
37.1,52.8,1,2
45.6,54.7,1,1
40.5,83.8,1,2
36.8,60.3,1,1
46.2,67.9,1,0
32.6,59.2,1,1
41.9,64.9,1,1
36.9,52,1,1
36.2,57.5,1,1
38.3,59.8,1,2
29.7,55.4,1,2
42.7,62,1,0
42.2,56,1,2
37.7,63.3,0,0
40.1,65.4,1,2
40.4,70.1,1,1
45.9,60.5,1,0
40.1,64.9,1,2
37.7,44.2,1,1
37.9,54.4,1,2
34.3,90.4,1,1
37.7,68.9,1,2
42.1,84.9,1,1
40.9,43.9,1,1
39,64.2,0,1
37.9,42.7,1,1
38.2,61.6,0,1
34.9,80.8,0,0
50,61.9,1,0
30.2,69.5,1,1
33.7,66.6,1,0
36.9,67.4,1,2
40.1,77.1,0,2
36.8,57.7,0,1
32.5,64.6,1,1
41.1,57.1,1,1
37.7,57.1,1,2
29.7,77.7,1,1
41,69.4,1,2
35.7,68.8,1,1
29.1,51.8,1,1
25.4,34.8,1,2
30,45.2,1,2
26.3,31,0,1
30.5,16.9,1,1
26.1,32.6,0,1
23.8,39.3,1,1
30.1,42.2,1,2
31.1,39.9,1,1
37.5,46.7,1,1
32.1,20.1,1,0
31.4,23,0,1
27.7,37.1,0,2
30,53.9,1,2
31.7,24.6,0,2
22.7,32.1,1,2
23.3,24.1,0,2
24.1,19.7,1,2
35.7,42,1,0
30.2,50.9,1,2
25.6,37.7,0,1
17.8,24.5,0,1
23.2,25.2,0,1
23,14,1,2
34.5,36.3,1,1
22.3,32.5,0,2
27.3,22.4,0,1
25.7,33.7,1,1
31.1,29.4,0,0
30,48.4,1,2
29.7,31.8,0,1
29.7,21.6,1,2
23.4,21.9,0,1
24.5,36.3,0,0
32.1,27.9,0,1
33.6,19,0,2
22.2,38.7,1,0
25.6,5,1,0
35.7,29.8,1,2
27.6,30,1,1
27.8,30.9,0,1
17,17.2,0,2
28.7,34.5,0,1
25.2,26.4,0,1
25.9,18.2,0,1
26.5,38.4,0,1
25.9,37.1,1,1
29.9,12.4,0,1
25.3,24.1,0,2
30.7,44.3,0,1
22.6,39.2,1,1
26.7,49.3,1,0
19.7,19,0,1
27.6,34,0,0
26.2,27.3,1,0
28.8,12.4,0,2
26,49.7,1,1
23.9,40,1,1
33.2,31.4,0,1
36.2,33.3,1,0
29.6,24.6,0,1
36.5,21,0,1
26.2,8.4,1,2
32.2,34.1,0,1
29.2,25.9,1,0
26.6,8.8,1,1
30.3,16.3,1,1
25.4,21.3,0,1
28.2,21.2,0,2
26.1,17.8,1,2
34,42.6,1,1
27,27,0,0
29.6,21.1,0,1
30.6,17.6,0,2
22.3,26.5,0,0
32.2,43.2,1,1
22.2,52.7,1,0
28.9,53.9,0,1
23.3,40,1,1
24.4,27.8,1,2
26.6,42,1,0
23.6,40,0,1
29.5,31.3,1,1
29.2,38,1,1
25.9,30.3,0,2
27.7,43.1,1,2
28,54,1,1
30.8,24.3,1,2
29.9,39.3,0,1
24.9,26.7,0,1
28.7,20.6,1,1
32.2,32,1,2
26.5,26.8,1,1
29.8,47.9,1,2
29.1,23.8,1,1
26.5,30.7,0,1
22.9,10,0,1
30.9,34.4,1,1
31.3,6.2,0,0
29.5,21.3,0,1
20.7,32.1,1,0
34.2,28.9,0,1
31.6,14.2,1,2
28.2,36,1,1
23.4,41.4,0,1
28.3,5,0,2
29,40.8,1,2
29.2,36.2,0,2
20.8,42.5,1,1
31.3,42.4,1,1
27.7,28.3,0,2
31.8,38.8,0,1
30.5,30.8,0,2
29.1,35.9,0,1
26.7,32.3,1,1
25.2,46.3,1,1
23.6,28.5,0,1
29.5,55.8,0,1
23.6,16.9,1,2
22.8,22.5,0,2
19.5,24.3,1,1
27.7,47.9,1,1
24.3,18.7,1,1
31.4,13.5,1,1
31.1,31.7,1,1
27.5,40.8,0,2
20.5,18.4,0,1
34.2,24,1,0
28.7,35.8,1,1
30.1,43.5,1,2
19.3,13.7,1,0
28.3,35,0,1
24,24.8,1,1
33.3,12.4,0,1
24.7,27.4,0,1
28.4,38.9,1,1
30.5,12.2,1,1
33.3,30.9,1,1
30.7,41.7,1,1
29.8,37.8,1,1
30.5,37.2,0,2
17.7,49.2,0,2
19.6,32.6,1,2
27.5,15.9,0,1
24.8,32.1,1,1
26.7,24.1,1,2
25.5,68.7,0,2
24.8,38.2,1,1
24,63.9,1,2
32.1,12.1,0,1
28.7,20.5,0,1
26.9,34.6,0,2
17.7,10.7,1,2
26.2,33.2,1,0
25.6,5,1,2
27.4,52.6,1,1
27,45.8,1,1
29.2,35,1,2
21.2,41.2,1,0
25.8,31.5,1,0
25.3,35.8,0,1
25.6,42,1,1
32.4,28.4,1,2
26.8,34,1,1
28.9,34.4,1,2
26.3,29.3,0,2
24.9,22.1,1,1
29.6,34.3,0,1
31.5,35.8,0,1
30,51.9,1,2
29.7,38.3,0,2
24.7,34,0,1
30.7,40,0,2
27.5,39.7,0,1
25.3,31.4,1,1
24.7,14.6,0,1
26.9,58.5,1,2
22.7,23.7,0,0
26,33.5,0,2
31.5,30.8,1,1
28.6,30.2,0,0
26.9,18.3,1,1
24.1,13.4,1,0
24,29.5,1,1
32.6,33.1,1,1
26.3,16.3,0,2
28.6,32.9,1,2
31,5.1,1,0
30.6,12.2,0,2
28.3,8.9,1,2
28,5,0,0
24,16.3,1,2
26.3,21.7,1,2
25.5,8.9,1,1
27,45.8,1,0
33.6,12.6,0,1
21,18.3,1,2
23.3,31,1,0
33.8,26.8,0,1
29.7,20.2,0,1
24.7,25,0,1
27.1,37.5,0,1
27.7,38,1,2
26,39.1,0,2
23.7,35.6,0,1
22,9.4,0,0
21.4,49,0,2
27.2,40.1,1,2
21.9,34.1,1,1
27,42.4,1,1
28.2,46.6,1,2
27.5,43.9,1,2
30.6,27.1,0,2
15.9,24.1,1,1
31.8,31.1,0,2
29.8,10.2,0,1
30.7,38.2,0,2
26.6,36.9,1,2
33.5,29.3,1,0
25.7,17.1,1,1
30.9,37.2,1,1
28.3,24.1,1,1
29.8,33,0,2
29.7,48.3,1,1
26.9,46,1,2
24,29.3,0,0
23.9,40.8,1,2
25.7,42.4,0,0
34.9,17.3,1,2
29,24.6,1,2
21.3,41.9,1,0
23,19.5,1,2
27.7,32.1,1,1
28,16.7,1,0
24.8,21.7,0,2
23.2,56.8,1,1
24.8,37,1,0
30.2,24.9,0,1
30.5,37.8,0,2
22.9,5,1,1
23.6,30.1,0,1
31.2,12.7,0,1
24.7,23.8,1,0
33.4,25.3,1,1
33.1,61.1,1,2
33.9,37.7,1,2
27.2,19.9,0,1
25.9,25.8,0,1
37.5,24.2,1,1
33.1,14.6,0,2
31.8,33.8,0,2
29.1,42.1,0,1
30.7,33.8,1,0
26.5,19.8,1,2
41.6,34.8,0,1
33.3,17.2,0,2
38.7,23.4,0,2
30.1,37.1,1,2
29.2,49.6,1,1
33.5,19.3,1,1
29.5,35.5,0,1
30.9,18.1,0,2
20.7,55.3,1,1
26.8,35.7,0,0
30.1,5,1,1
36.8,45.4,1,0
25.6,24.8,0,1
25,45.9,1,1
30.1,12.7,1,1
27.9,20.8,1,2
31,23.5,0,1
34.1,23.4,0,2
26.4,6.6,1,1
27.8,26.4,1,1
24.1,16.5,0,1
35.2,30.9,1,2
24.9,35,1,0
24.9,59.6,1,1
36,26.1,0,2
26.3,39.8,0,1
33.9,19,0,2
34.9,16.4,0,2
26.3,39.3,0,2
28.3,31,0,1
33.6,32.7,0,2
32.1,32,0,1
25.8,36,1,1
33.2,5,0,0
27,25.3,1,1
34,11.9,1,1
26.4,18.6,1,1
33.5,27.5,0,1
22.6,27.3,0,2
28.2,26.6,0,0
26.9,23.1,1,1
32.3,14.7,0,1
29.1,30.5,1,0
43.1,49.3,1,0
27.6,30.5,0,1
33.9,21.3,0,1
32.6,11.4,1,2
32.1,26.6,0,2
25.3,43,1,1
31.9,33.9,0,1
22.7,37.9,1,1
32.5,48.5,1,2
34.5,46.1,1,0
26.2,45.6,1,1
38,16.8,0,0
33.5,13,1,0
36.2,23.2,1,0
32.3,36.8,0,1
28.6,24.4,1,0
34.1,16.3,1,2
30.8,40.2,1,1
28,36.6,1,2
24.6,37.6,1,1
28.1,48.5,1,1
23.2,20.4,1,1
33.3,18.5,1,2
33.1,29.4,0,1
34.6,28.2,1,1
33.2,8.8,1,1
26.9,28.6,0,1
35.6,37.6,1,1
33.8,22.2,1,2
27.8,26.4,1,2
23.5,5,1,2
25.7,43.6,1,1
31.5,27,1,1
39.6,40.9,1,1
31,44.6,0,1
32.4,6.5,0,1
28.8,34.5,1,2
24.8,20.6,1,1
26.2,16.7,0,0
34.5,28.6,1,1
34.3,27.3,0,1
32,20.1,1,1
30.2,23.6,0,2
22.9,42.3,1,1
28.1,25,1,1
35.9,36.9,1,1
28.3,27.3,0,1
26.1,5,0,2
26.6,44.5,0,2
35.3,27.1,0,1
30.3,48.2,0,1
31.2,46.3,1,1
26.1,49,0,2
22.7,29,0,1
28.3,47.1,1,1
25.1,32.7,1,1
35.9,21.5,1,1
25.5,28.8,0,2
28.7,35,1,0
31.8,43.1,1,2
31,30.2,1,2
31.3,9.9,1,1
34,21.8,1,1
30.5,48.8,1,2
28.4,31.3,0,1
29.2,14.1,0,2
26.3,11.8,0,1
31.5,24.1,0,1
32,20.6,1,1
27.7,36.2,0,1
30.7,20,0,2
32.8,35.5,0,2
22.2,5,1,1
25.9,10.6,1,1
35.3,25.9,1,1
26.4,29.8,1,1
28.6,34.7,0,0
33.6,50.6,0,1
27.5,28.3,0,1
30.3,27.2,0,1
28,48.5,1,1
31.3,41.8,0,0
32.2,26.2,1,2
28.2,28.3,1,2
34.1,19.7,0,2
29.1,40.5,1,1
25,34.5,1,1
31.3,15.8,0,1
34.4,26.7,1,0
38,18.9,1,0
27.2,20.5,1,1
31.8,28.3,0,1
32.6,36.6,1,2
31.6,26.6,1,2
21.1,48.5,1,0
33.9,13.6,0,0
32.6,44,1,0
31.2,35.3,1,2
28.1,8,1,2
28.8,12.6,1,2
31.1,11.6,0,0
26.4,9.8,0,2
25.2,38.1,0,2
27,54,1,2
22.2,13.5,0,0
25,25.1,1,2
28.5,25.9,1,1
31.3,19.9,0,1
35.1,35.4,1,1
30.7,14.3,0,2
30.7,7.8,1,1
36.5,21.3,1,2
22.6,14.6,1,2
28.9,25.4,0,0
20.7,42.2,1,2
35.6,51.8,0,1
32.3,29.2,0,0
22.5,37.1,1,2
19.9,24.6,0,2
30.3,28.5,1,0
29,29.8,0,2
38.2,26.7,1,1
30.8,23.7,0,0
27.5,20.4,0,2
20.9,31.2,0,1
26.8,20.2,0,2
30.4,25.1,0,1
33.8,23,0,2
28.1,27.6,0,1
33.5,43.4,1,0
32.9,35.1,0,2
30,15.3,0,1
33.6,28.8,1,1
31.2,38.6,1,1
31.1,44.7,1,1
27.1,43.1,1,0
33.7,21.7,1,0
33.1,18.7,1,0
20.2,21,1,1
25.6,48.4,1,1
32.6,22.2,0,1
27.4,7.9,0,2
30.7,41.3,1,2
26.2,25,1,1
31.8,31.4,0,1
31,52.9,0,2
28.1,42.2,1,2
30.2,23.9,0,2
30.9,35.9,0,1
30.5,9.1,0,1
25.9,44.9,1,1
31.3,41.9,1,1
35.3,45.6,1,2
26.8,36.9,0,2
29.7,31.4,1,1
29.1,26.8,1,1
28.4,38.1,0,2
31.7,37.3,1,2
33.5,40.1,1,1
24.8,41.4,0,0
26,35.5,1,1
32.8,17.5,1,2
24.7,21.3,0,1
32.3,23.6,0,0
31,29,0,1
38.1,25.4,0,1
27.9,40.3,1,2
27.9,44.8,1,2
34.7,31.9,1,2
24.2,9.5,0,2
29.7,15.5,0,2
20.3,25.2,0,2
30.5,28.3,0,1
35.3,9,1,1
23.5,43.6,1,1
20.9,25.3,0,0
33.4,41.4,1,1
25.9,54.5,1,1
29,31.6,0,2
33.4,22.6,1,0
22.9,35.8,1,1
28.2,41.8,1,0
27.6,35.9,0,2
32.4,26.1,0,2
25.2,30.9,1,2
33.4,28.1,1,2
32.2,39.8,1,2
34.2,14.2,0,1
30.2,47.1,1,1
33.2,29.8,0,1
29.3,33.5,0,2
24.2,47.8,0,1
28,42.9,1,1
35.3,42.3,1,0
27.3,47.2,0,1
23.8,13.1,0,2
27,27.3,1,2
28.9,5,1,2
30.8,19.5,1,1
21.5,24.8,0,1
25,29.4,1,2
32.2,49.1,1,1
36.1,29.1,0,1
22.3,21.3,0,1
24.8,16.2,1,2
29.8,40.7,1,0
36.1,29.4,0,1
29.1,27.9,1,0
29.4,5,0,2
28.7,50.6,1,0
33.2,28,0,1
31.9,33.5,0,1
34.3,23.9,0,1
39.3,25.5,1,1
30.8,48.9,1,1
36.9,40.3,0,1
29.7,29.1,0,1
31.9,30.9,0,0
39,22.3,0,1
27.5,31.9,1,2
29.5,12.4,1,1
28.6,25,1,1
38.8,5,0,1
38.3,32.6,0,2
26,29.8,1,1
36,11,1,1
29.2,49.1,1,1
38.1,28.2,0,2
35.4,20.2,0,2
38.4,15,0,0
39.3,33.1,0,1
26.6,24.6,0,1
37.6,38.3,0,2
37.3,31.4,1,2
30,31.2,1,2
21.4,39.3,1,2
31.3,15.1,1,1
32.3,32,0,2
35.1,52.1,1,1
34.5,10.5,0,2
32,29.2,0,1
29.7,19.6,1,1
33.9,15.4,1,2
31.5,27.4,1,1
25.5,12.2,0,2
32.9,5,0,2
36.7,27.8,0,2
22.2,24.1,0,1
38.6,5,1,1
34.9,20.3,1,1
31.4,28.5,0,2
30,17.8,1,2
23,25.9,1,2
34.7,36.9,1,0
33,23.5,1,2
31.9,37.6,0,2
33.7,39.3,1,1
29.5,35.3,0,0
32.8,17,0,1
30.9,28.2,0,1
30.5,41.8,1,0
34.4,23.2,0,2
32.7,25.5,1,2
29,11.9,0,2
31.4,24.7,1,0
39.5,22.6,1,1
36.3,32.9,0,1
27.3,31.3,0,2
36.7,22.1,0,0
30.1,26.4,0,1
27.9,26.2,1,1
35.2,42.4,1,2
37.9,31.2,1,2
33.1,18,0,2
28.7,22.8,0,1
31.9,9.5,0,2
34.3,44.5,0,0
29.2,50.8,1,1
32.5,6.1,1,2
30.9,31.1,1,1
32.7,29.2,0,2
30.6,37,0,2
36.6,27.1,1,1
26.2,40,0,2
32.2,16.5,1,2
33.5,39.7,0,2
32.9,34.6,1,1
34.5,28.2,1,1
35.5,20.4,0,1
29.2,5,1,0
31.1,5,0,2
35.8,15.6,0,2
36.9,26.9,0,0
28.6,18.2,1,1
42.6,35.8,0,1
26.9,42,1,2
30,40.9,1,1
32.6,10.2,1,2
40.5,16.7,1,1
35.8,5,1,2
36.7,44.1,1,1
32.3,8.1,0,1
30.9,74.9,1,0
33.1,59.1,1,0
29.9,14.4,1,2
30.6,31.5,0,1
32.9,29,1,1
31.4,40.5,1,2
26,45.1,1,2
26.6,46.3,1,1
30.3,36.2,0,1
34.7,40.4,1,1
26.5,52.2,0,1
29.6,31.5,1,1
33.1,24,1,1
31.9,9.5,1,1
32.6,31.8,1,1
26.1,34.4,0,1
30.7,34.7,1,1
33.8,30.6,0,1
36.3,37,0,2
34.9,27.8,0,2
28.1,5.1,1,0
28.6,44.1,1,0
35.3,38.6,0,2
28.6,41.5,1,1
31.4,36.1,0,1
39.7,37,1,1
31.1,15.4,1,0
31.9,25.2,0,2
34.4,32.6,0,2
30.1,24.9,1,1
30.9,21.2,0,0
33.9,31.5,1,0
26.1,24.7,0,1
32.1,46,1,2
34.8,51,1,2
27.7,41.6,1,0
33.8,37.9,1,1
38,45.9,1,1
33.6,19.8,0,2
31.2,31.9,1,1
32,32.3,0,2
28.5,56.7,1,2
36.7,33.9,1,1
29.9,28.1,1,1
33.1,20.3,1,0
31.7,46.2,0,1
35,23.1,0,1
34,31.4,0,1
30.2,44.8,0,2
34.4,5,0,2
32.6,37.7,0,2
30.1,35.9,0,2
27.7,46.1,1,2
31.6,30,1,1
34,39.5,0,0
35.9,27.4,1,2
30.2,39.3,1,2
25.7,40.6,0,0
27.9,16.3,1,2
30.9,22.8,1,1
37.6,35.2,0,1
30.7,23.5,0,1
32.1,32.6,1,1
35.7,40,1,0
30.2,53.7,1,2
35.9,31.4,0,1
40,27.6,0,1
30.8,42.6,1,2
27.8,31,1,1
31,8,0,1
31.1,29.5,1,0
39.8,39.5,0,2
33.5,26.2,0,0
31.8,39.1,1,0
33.7,26.8,1,1
35.2,46.1,1,2
30.4,43.7,1,2
31.4,37.2,0,2
29.8,35.4,0,1
39.9,40.2,0,2
32.5,27.9,0,2
25.8,40.4,1,1
27,14.5,1,2
28.8,12.8,0,1
35,46.7,1,2
32.4,31.8,1,1
31.3,30.2,0,2
28.2,22.7,0,1
29.7,29.2,1,1
30.6,41.2,1,2
37.7,23.3,0,2
33.5,12.5,1,2
28.7,27.3,0,2
38.2,10.3,1,0
33.4,37.9,0,0
35.7,37.9,0,1
30.3,17.1,1,1
29.7,35.9,0,0
41.2,43.5,0,1
27.3,32.3,0,2
38.1,22.4,1,0
33.9,32.6,0,0
29,21.9,1,1
31.3,24,0,1
34.8,24.8,0,2
30.3,37.4,0,1
25.2,25.9,1,0
33.8,40.6,1,1
34.5,21.9,1,2
36.6,33.2,0,1
26.5,38.5,0,2
30.2,37.8,1,1
34.2,23.5,1,2
30.4,45.5,1,1
37.5,7.4,1,2
35.3,45.9,1,1
28,28.1,0,1
34.4,41.4,1,2
29.5,26.9,1,1
31.9,24.6,1,2
29.7,41.5,0,1
32.5,28,1,0
39.7,34.9,1,0
29.4,40.6,1,0
38.2,12.2,1,1
33.5,44.4,0,0
33.6,28.7,1,2
38.2,12.4,0,2
36.2,45.2,1,1
36.1,61.3,1,1
32.4,24.5,0,1
35.7,43.3,1,1
32.9,40.6,1,1
35.3,22.9,1,2
29.4,25.3,1,2
25.8,44.3,1,0
33.1,13.6,1,0
33.4,23.5,0,0
34.1,35.7,1,1
30.9,30.7,0,1
36.6,22.3,0,1
33.8,23.3,0,1
33.9,37.9,0,1
35.3,12.2,0,1
30.4,26.2,0,1
30.6,36.5,0,1
36.1,45.5,1,2
34,26.5,1,1
39.2,35.6,1,1
32.2,40.6,0,1
34.6,14.2,0,2
37.3,33.3,0,0
32.5,23.4,1,2
31.3,43.2,1,2
26.9,40.5,1,2
25,43.5,0,2
27.9,14.4,1,1
38.5,23.9,1,0
33.7,43,1,0
38,32.4,1,1
30.3,37.2,0,1
32.9,17.6,0,2
31.6,43.6,1,1
31.4,25.4,1,1
30.4,11.9,0,1
35.5,24.3,1,2
35.8,32.2,1,1
30,14.7,1,2
35.1,34.9,0,1
37.2,33.8,1,0
34.8,27,1,2
38.6,7.4,1,1
36.4,38.7,0,1
34.7,5,1,2
33,17.9,1,0
32,55.8,1,2
32,32.1,1,1
33,16.4,0,1
35,22,0,0
31.2,17.3,1,1
34.8,21.3,1,2
32.3,17.8,1,2
31.9,38.6,0,2
26.2,46.4,1,2
31.8,23.7,1,0
31.3,36.8,1,2
29,51.2,1,1
32.1,11.5,1,1
38,23.6,0,2
35.1,26.1,0,2
37.9,34.6,0,2
34.7,41.1,1,2
40.5,28.2,1,2
35.8,37.3,0,2
34.2,35.7,0,1
32.2,33.6,1,2
34.7,25,1,1
30,33.6,0,1
33,42,1,1
30.3,23.1,0,0
35.7,57.2,1,1
31.5,28,0,1
39.3,31.5,1,2
33.4,41,1,2
33,42,1,1
31.3,33.1,1,1
32.7,13.6,1,2
38.6,20.9,0,2
36.8,5,1,0
30,13,0,1
41.2,40.1,1,1
31.2,21.8,1,0
36,27.4,0,1
35.2,27.2,0,0
33,40.6,1,1
33,40.6,1,1
29.7,22.9,1,1
37.2,47.7,1,1
32.5,23.2,1,2
29,35.1,1,0
35,42.6,0,1
40.4,34.4,0,1
37.2,29.2,1,1
36.1,37.8,0,1
33.3,31.4,0,1
28.8,28.9,1,2
34.9,31.6,1,2
30.4,15.4,1,1
32.9,31.3,0,0
36.2,20.4,0,1
30.2,23.5,1,2
33.3,34.8,0,2
32.9,29.1,1,0
37.9,30.6,0,1
34.7,31.7,1,2
34.8,30.1,1,1
31.3,21.7,0,0
35.4,19.3,1,2
32.5,34.7,1,1
33.7,22.8,1,2
36.1,19.8,1,0
33.3,30.8,1,2
31.2,13.2,0,0
38.6,25.9,1,0
23.8,37.7,1,1
28.7,26.3,0,1
39.2,29,1,1
34.5,20.2,0,1
37.3,30.6,0,2
36.8,28.2,1,0
40.8,22.6,0,1
33.5,35.9,1,2
34.1,31.2,1,2
35.3,43.5,0,0
32.9,26.5,1,1
29.6,15.5,0,0
36.8,40.5,1,2
37.5,39.6,1,1
36.5,42.6,0,2
32.8,16.3,0,0
32.3,52.6,1,1
37.4,35.6,0,1
29.2,17.9,1,1
34,13.3,0,0
31.6,17.3,0,1
27.5,21.5,1,2
33.2,28.7,0,1
35,31.1,1,2
39.1,52,1,2
32.1,13.9,0,1
32.9,32.6,1,2
42.2,16,0,0
31.5,27.7,0,1
39.3,36.3,1,1
33.8,15.8,1,2
41.2,19.5,1,0
28,39.1,0,1
35.4,46,0,1
33.8,23.2,1,1
30.6,5,1,0
43.1,30.7,1,1
34.5,35.7,1,1
27.8,38.4,1,2
34.7,30.3,1,1
42.1,47.8,1,0
25.5,34.7,1,2
33.9,13.1,0,1
36.2,37.4,1,2
36.7,53,1,2
31,16,1,2
42.2,16.1,0,1
30.2,29.1,1,0
36.5,49.5,0,2
34.8,36.4,0,2
30.9,35.4,1,1
30.7,42.6,1,1
37.6,47.5,1,1
45.1,39.4,1,1
35.8,21.5,1,1
23.6,39.2,1,2
34.4,21.1,1,2
37.4,29.4,1,1
37.9,15.1,0,1
27.6,45.9,1,2
35.5,26.3,0,2
35.7,46.3,1,1
36.1,25.8,1,1
28.4,25.2,1,0
32,41.1,0,2
37.1,15.9,1,1
26.3,30.4,0,2
31.2,44.6,1,2
40.5,32.2,0,2
31.6,39.8,0,2
32.7,26.7,0,2
38.8,54.6,0,2
31.2,14.3,1,0
27,54.3,1,1
40.6,25.2,1,2
27.3,39,0,1
33.5,34.9,1,2
38.3,32.2,1,0
37.6,41.4,1,2
38.5,17.9,0,1
36.6,43,1,1
36.5,16.1,1,1
36.4,22.2,1,2
36.4,53.1,1,0
34.4,38,1,1
32.2,21.3,1,1
29.3,33.4,1,1
34,14.4,1,1
32,14.7,0,2
38.1,32.3,1,1
29.3,25.3,1,1
37.6,31.7,0,1
36.6,31,1,2
29.6,38.2,0,2
35.6,44.9,1,1
29.3,48.1,1,2
34.4,32.1,1,2
39.2,21.5,1,1
32.2,29.7,0,1
39.8,29.6,1,2
30.8,22.4,0,2
27.7,37.9,1,1
42,12.4,1,1
32.9,5,1,0
26.5,18.5,1,2
34.5,48.8,0,0
36.8,46.2,1,2
38.1,36.7,1,2
35.9,47.9,1,1
32.9,26.5,1,1
37.1,50.5,1,1
37.1,36.1,1,0
33,28.7,0,1
34.4,41.9,1,0
36.7,26.5,1,2
33.8,42.8,1,1
31.6,42.1,1,2
37.9,39,0,0
23.4,52,1,2
29.5,34.6,1,2
32.6,42.4,1,1
35.8,28.5,0,2
37,18.9,1,2
39.4,22.8,0,1
35.9,23.4,1,1
38.3,53.6,1,1
32.6,12,0,0
25.6,37.4,0,1
35.2,16.6,0,1
37.1,38.9,1,2
38.4,43.7,1,1
31.2,39.5,1,2
39.7,25.5,1,1
29.5,30.1,0,1
40,39.2,0,1
31.1,32.5,1,2
40.1,20.8,0,1
33.5,39.9,1,2
36.5,34.6,0,1
29.2,47.1,1,1
38.2,40.8,1,1
36.3,31,1,2
36.5,24.4,1,2
26.2,19.2,0,1
42.5,9.9,1,0
29.3,36.2,1,1
41.7,40.4,0,2
37.7,36.4,0,1
32.2,13.7,1,2
38.9,40.7,1,1
32,24.8,1,2
37.1,15.9,0,1
33.7,23.6,0,1
34.5,5,0,2
38.2,28.8,1,1
38,29.8,0,2
33,39.9,0,0
29.2,32.6,1,2
38.1,44.8,1,2
35.8,9.4,1,2
33.5,38.6,0,1
36,37.9,0,2
33.5,29.2,0,2
42,40.8,1,2
37.5,37.9,1,1
30.3,27.7,1,2
34.2,38.2,1,1
34.4,20.2,1,2
41.4,24.1,0,1
29.4,31.2,1,1
34.3,34.8,1,0
32.1,17.8,1,1
33.2,5,1,1
33.7,40.7,1,2
41.4,5,1,2
33.8,28.8,1,1
32.6,25.8,0,2
31.2,22.3,1,0
36.4,30.7,1,0
33.7,38.4,0,2
39.2,35.2,0,0
35.1,28.3,1,1
39.1,43.5,0,1
35.7,26.9,1,0
32.7,25.6,0,0
36.2,36.1,1,1
32.2,34.2,0,2
32.6,36.4,0,2
38.1,33.3,0,1
39.3,30.9,1,0
40.9,34.1,1,2
31.8,44.6,1,2
34.9,26,1,2
38,35.3,1,2
35.3,35.2,0,1
34.2,43.2,1,2
34,37.1,1,0
33.2,47.6,1,1
35.6,36.5,0,1
43.1,25.4,1,2
28.5,40.5,1,1
33.3,22.2,1,2
36.8,22.5,1,2
37.4,45.6,1,2
40.4,41.2,1,0
30.9,7.4,0,2
37.6,31.1,1,1
35.5,34.9,0,1
26.5,56.4,1,1
29.9,32.2,0,1
37.6,33,0,1
32.6,33,1,0
35.7,16.2,0,0
36.2,28.2,0,2
30.2,29.6,0,1
36.3,28.3,1,1
31.3,21.4,1,1
32.8,42.4,1,1
38.3,28.2,0,0
37,6.9,1,2
37.8,12.2,1,2
41.8,29.7,1,1
36.6,19.8,0,2
32.2,37.5,0,1
31,31.3,0,0
36.8,30.9,0,1
34.6,16.1,0,2
31.6,22.3,1,1
35.4,13.8,1,2
38.9,18.5,1,2
42,28.9,1,1
35.5,41.3,1,2
38.2,25.8,1,1
41.9,57.1,0,1
40,32.6,1,2
33.8,16.2,1,2
36.6,24.2,1,1
37.1,6.6,0,0
31.9,21.3,1,1
34.3,20.8,1,1
40.3,10.1,1,2
32.9,42.3,1,2
40,24,0,0
34.8,46.1,1,2
36.4,43.7,1,1
34.9,21.6,1,2
39.5,19.7,1,2
35.3,44,0,1
38.2,41.2,1,0
32.3,49,1,1
31.2,31.5,1,2
33.4,27.3,1,1
44.4,9.1,1,2
35.4,24.6,1,0
36.7,35.8,1,1
41.8,5,1,2
36.3,51.9,1,1
35.5,15,1,2
34,5.7,0,1
37.8,30.9,1,1
34.2,26.6,0,0
34.8,52.7,0,1
36.6,36.3,0,1
39.6,20.2,1,0
32.6,41.5,1,2
35.4,48.4,1,2
35.5,22,1,1
33.4,26.3,0,1
34.9,44.2,1,1
31.7,25.3,0,0
42.5,5,1,1
39.1,39,0,1
35,25.2,0,2
42.2,43.8,0,2
34.2,36.6,0,1
37.1,21.2,1,1
38,19.4,1,2
39.1,22.7,0,1
37.5,32.3,1,2
39.4,25.8,1,2
32.5,26,1,2
40.6,26.5,1,1
38.9,25.5,1,1
31.6,36.5,1,2
31.7,10.5,1,1
33.4,12.8,0,2
36.7,35.5,0,2
37.6,19.7,0,1
37.1,15.7,1,1
33,31.1,0,1
31.3,28.3,1,2
29.1,47.7,0,1
41,10.7,1,2
35.4,30.4,1,0
41.9,18.1,0,1
31.8,28.8,0,2
42.1,8.6,0,2
33.2,26.8,0,1
35.8,42.3,1,1
31.1,56.2,1,2
35.9,11.2,1,2
29.1,22.4,1,2
37.6,14,1,1
39.6,20.8,0,0
35.1,48.5,1,0
37.6,31.2,1,1
29.8,26.3,1,0
38.1,15.2,0,1
34.6,12.7,0,0
32.9,23.3,0,1
29.4,33,1,2
38.2,30.7,1,2
42,36.9,1,2
33.6,30.2,0,1
37.7,24.7,1,0
36.6,20,0,2
32.7,6.9,0,1
34.8,18,1,1
38.8,43,0,1
35.7,39.7,0,1
36.8,30.9,1,2
36.8,28.7,0,2
37.2,5,1,2
42.4,19.7,1,2
40.8,43.9,1,0
32.2,14.9,0,2
36.1,38.3,0,1
32.2,16.7,1,2
28.3,43.3,0,1
40.4,7.7,1,1
32,28.3,0,0
38,21.1,1,1
35.7,11.4,1,1
29.5,12.3,0,1
32.5,41.1,0,2
35.1,15,1,1
29,22.3,0,0
35.6,5,1,1
30.8,58.9,1,2
33.3,28.3,1,1
37.2,40.7,1,1
39.3,17.1,1,1
30.2,32.2,1,2
32.6,41,1,2
33.9,21.8,0,1
35.9,27.9,1,1
36.6,21.1,1,1
30.2,33.8,0,2
36.7,31.3,0,2
42.1,32.8,0,2
37.5,27.7,0,1
37.1,6.9,0,1
31.2,40.8,1,2
39.6,10.5,1,2
32.4,28.8,1,1
31.7,35,1,1
32.8,34.9,0,1
29.9,32.3,0,2
34.4,49.4,1,1
36.8,24.5,1,0
36,50.2,0,2
36.2,32,1,2
41.8,36.5,1,2
33.7,32.3,1,2
36.7,24.3,1,2
31.2,45.4,1,2
34.5,33.2,0,2
32.5,19.7,1,0
35.5,44.5,1,1
38.5,10,1,0
30.3,26,1,1
34.7,14.6,1,1
32.7,54,1,2
34.4,20,0,0
27.8,28.6,0,1
33.2,45.9,1,2
32.6,44.9,1,0
28.4,26.1,0,2
36.3,38.4,0,1
34.4,10.3,1,1
33.5,17.9,0,0
34.1,29.1,1,2
30.5,23,1,1
27.1,19.1,0,1
43.5,37.8,0,1
38.2,45.3,1,0
40.8,38.9,0,1
34.8,43.2,1,0
27.4,29.1,0,1
41.2,33.9,0,1
36,20.3,1,1
37.8,29.4,0,2
33.3,22.7,1,2
32.6,39.7,0,2
31.1,5,1,2
32.6,28.6,0,1
25.1,25.6,1,1
26.9,36.7,1,0
25.3,24.4,1,1
25.7,61.5,1,1
26.1,33,1,1
25.4,34.8,0,2
23.6,26.5,0,1
27.2,30.7,1,1
27.2,26.3,1,2
27.1,5,1,2
23.7,17.9,0,0
25.3,40.9,1,2
27.1,44.8,1,2
32.3,30.4,1,1
26.2,34.3,0,1
30.9,26.4,0,2
18.7,51.9,1,2
31.3,24.9,1,0
33.4,33,0,2
28.7,15.6,1,2
33.9,7.1,1,2
24.9,30.1,0,1
24.3,52.2,1,1
25.5,31,0,0
27.5,28.3,0,1
21.1,28.8,1,2
23.3,43.3,1,1
15.8,28.7,1,1
21.9,23.2,1,2
27.2,35.9,0,1
33.5,28.5,0,2
14.4,25.2,1,1
26,36.6,0,1
37.2,53.5,1,1
27.5,18.9,1,1
32.8,25.6,1,2
29.3,34.9,1,2
27.1,49.7,0,0
25.6,31.9,1,2
39.3,33.5,1,2
27.5,40.8,1,2
24.5,45.7,1,1
32.4,30,0,0
29.8,41.7,1,1
25.4,51.6,0,1
28.3,17.3,0,0
25.4,19.8,1,1
32.5,27.9,0,1
28,47.9,1,1
20.9,40.9,1,1
27.9,29.2,1,1
29.4,20.1,0,2
25.1,22.3,1,2
27.1,35.3,0,1
32.5,15.5,0,1
32.2,26.8,0,2
34.2,47.9,1,2
24.5,40.3,1,1
24.9,21.7,1,1
25.1,36.2,1,1
20.9,19.6,1,1
25.1,48.5,1,2
22.1,5,1,1
29.9,30,1,2
22.8,28.1,0,2
26.5,35,1,2
31.7,29.9,0,2
28.1,26.4,0,0
26.7,10.1,0,2
31.7,30.8,1,2
21.8,39.5,0,0
36,36.9,1,2
25.3,40.7,1,2
27.6,34.1,1,1
30.3,32.5,0,2
24.2,40.8,0,1
30.9,23,0,1
40.2,35.1,0,2
31.3,37.1,1,0
25.2,32.2,0,1
22.7,14.8,0,2
28.7,5,0,0
19.7,24.6,1,2
30.3,32.5,1,2
20.5,12.9,0,2
25.3,29.5,0,1
23.7,24.5,0,2
28.9,13.2,1,1
26.3,52.9,1,2
26.1,45.9,0,2
31.5,22.6,0,0
27.2,29.3,0,2
33.2,5,0,2
22.7,34.1,0,1
25.4,26.9,0,2
24.1,20.4,1,2
30.7,42.5,1,2
29.1,22.7,1,0
26.9,15,1,1
23.3,31,0,1
30.5,5,1,1
25.9,43.6,0,1
25.7,26.7,0,2
25.9,28.5,0,2
26.1,50.5,1,1
31.4,46.1,1,1
29.8,9.2,0,2
32.8,7.6,1,2
28.7,13,1,1
23.6,31.1,1,1
31.3,33.7,0,2
27.1,19,1,0
26,39,0,1
30.4,27.2,0,2
17.3,36.5,1,1
32.1,30.5,1,2
33.4,16.7,1,2
28.3,32.1,1,2
30.2,30.4,1,1
28.4,40.6,1,1
26.9,39,1,2
29.9,43.3,1,0
22.4,13.6,0,1
21.8,30,1,1
23.1,58.3,1,2
30.2,15.3,1,1
25.7,23.9,0,1
18.8,27.3,1,2
28.3,38.7,1,1
32.7,15,1,1
30.5,30.5,1,2
25.9,40.9,1,0
36.9,50.8,1,2
25.5,40.9,1,1
25.9,32.4,0,2
23.6,30.2,1,1
23.7,25,0,2
23.6,21.5,0,2
34,43.8,0,1
26.3,28.9,0,1
30.3,31.1,0,2
35,40.2,0,2
31,25.2,1,0
21.1,45.4,0,1
33,18.1,0,1
25.2,30.3,0,1
34.4,20,1,1
26.3,37.3,0,2
25,40.4,0,2
30.3,23.2,1,1
26.9,22.8,0,2
31.3,32.9,0,0
21.2,15.8,1,2
33.8,38.6,0,1
31.5,29.9,0,1
26.2,34.9,1,2
22.9,21.9,1,2
26.1,36.5,1,1
27.6,25,1,1
25.1,7.5,1,2
26.5,20.4,1,2
29.3,47.5,1,0
27.4,22.2,0,2
22.9,27.5,1,2
27.7,13.5,0,1
21.6,5,0,2
22.7,29.3,0,2
29.3,9.7,1,2
23.4,27,1,0
25.4,19.1,0,2
21.6,18.8,0,1
28.4,14.9,0,2
27.3,25,1,2
23.5,29,0,2
24.7,26.9,1,0
30.4,36.8,0,1
27.6,21.9,0,2
22.8,26.9,1,1
20.2,13.1,0,1
25.7,38.6,0,1
23.2,32.7,0,2
31.7,23.3,1,1
25.2,23.7,1,1
32.4,43.1,1,1
22.1,36.9,0,1
24.2,28,0,1
32,18.9,0,0
32.8,6.4,0,0
20.4,35.4,0,1
27.5,42.7,0,2
23.6,24.2,1,2
29.3,32,0,1
29.5,13,1,2
24.4,65.2,1,1
24.4,41.9,1,0
22.7,40.4,1,2
24,27.8,1,1
28.2,27.3,1,1
25.2,35.7,0,1
25.8,20.3,1,2
25.9,19.7,1,2
26.9,21.9,0,2
34.8,49.3,1,1
19.9,21.3,0,2
29.2,23.5,1,2
36.4,40.2,1,1
36.3,28.7,0,1
24.4,36.6,0,0
28.2,11.1,1,1
22.9,41.7,0,0
30.7,32.7,0,1
22.6,5,0,2
30.3,18.8,0,1
31.6,39.8,1,1
27.7,30.8,1,0
33.4,21.9,0,2
28.2,53.3,1,1
32.9,9.2,0,1
26.8,30.3,0,2
25.3,28.6,1,2
28.6,24,0,2
34,31.3,1,1
27.3,11.3,1,1
32,28,0,1
25.6,37.8,0,1
29.2,29.9,1,0
34.5,42,1,1
23.5,26.6,1,1
21.9,40.7,1,1
25.1,28.9,1,2
25.9,24.4,1,1
27.3,29.1,0,1
27.5,33,1,0
24,42.1,1,1
28.6,18.8,0,2
27.9,41.2,1,2
26.4,43.7,1,2
24.1,36.6,0,1
23.1,25.4,0,2
23.5,18,1,2
37.6,28.1,0,2
31.5,9.2,0,2
25,27.9,1,1
28,43.8,1,1
30.3,12.2,1,0
34.5,33.1,0,2
30.3,51.9,1,1
36.4,29.6,1,1
22.2,52.3,1,2
36.5,25,0,1
27.4,39.7,1,0
34.6,26.3,1,1
34.8,8.5,0,2
25.2,30.7,0,2
27.9,58.8,1,2
32.9,35.6,1,2
29.1,27.2,0,2
38.3,30.6,1,1
30.9,29.8,0,1
36.9,19.1,1,2
26.1,44.1,0,1
38,30.7,0,1
30.6,34.6,0,2
31.9,24.4,0,0
30.5,44.2,1,1
25.8,45.4,1,1
27.9,20.9,1,1
32.8,39,1,2
27.2,39.9,0,2
28,25.6,0,0
29.5,17.7,0,0
26.8,32.1,1,1
35.7,17.5,0,2
31.4,22.1,1,2
26.8,23.5,0,2
34.6,45.4,1,1
36,12,0,0
31.7,8.1,0,2
30.2,26.6,1,0
29.3,30.6,0,2
29.5,42.8,1,2
34.1,13.5,1,2
34.6,38.6,1,0
30.8,25.6,1,2
27.7,19.7,0,2
22.4,61.4,1,1
28.1,10.6,0,1
25.3,42.6,1,2
26,39.1,0,1
24.8,59.2,1,1
36.9,20.7,1,0
28.9,23.1,0,2
30,34.2,1,1
26.5,40.3,1,1
32.4,33.8,0,2
26.5,41.5,1,1
31.6,34.1,0,1
29.7,38,0,1
30.5,24.8,0,1
38.7,44.7,0,1
31.6,47.4,1,2
32.4,24.6,1,0
30.1,23.7,0,0
30.2,32.7,1,2
33.9,31.2,1,2
33.8,7.2,1,1
33.7,14.3,0,2
32.3,51.6,1,1
32.4,18.5,1,1
30.2,46.1,1,2
25.6,35.4,0,1
31.6,21.5,0,1
27.7,39.7,1,2
34.4,36.3,1,2
28,31.4,1,0
32.6,35.1,1,2
29.7,43.3,1,1
36,30.9,1,2
27.7,36.8,0,2
25.6,17.5,0,2
25.1,38.7,1,1
29.8,30.5,1,2
29.1,40.1,1,1
32.1,14.6,0,2
34.2,34.3,1,2
30.6,46,1,1
29.4,19.3,0,2
32.6,14.5,0,1
36.3,15.7,0,1
27.2,24.6,1,2
32.8,50.3,0,1
35.5,14.7,0,0
27.8,44.9,0,1
31.2,35,0,2
28.2,50.8,1,2
33.1,42.4,1,2
29.1,22.3,0,1
23.3,24.8,1,1
25.9,27.9,0,1
32.2,32.3,1,1
27.9,28.4,1,1
32.4,36.5,0,1
28.7,29,1,1
30.1,24.5,1,2
30.4,26.1,1,1
28.5,29.9,0,0
36.8,31.8,1,1
31.8,36.6,1,2
35.6,45,1,2
33.9,14.8,1,1
31.5,28.2,1,0
34,16.2,0,2
24.6,30.9,1,0
24.9,27.9,0,1
27.2,28.8,1,2
30,46.3,1,2
28.4,38.4,1,1
35.2,21.7,1,1
32,24.3,0,2
27.9,42.2,1,1
32.5,38.7,1,2
25.5,39.1,0,1
33.6,58.8,1,2
30,36.7,1,1
29.9,10.8,0,1
30.3,19.9,0,0
31.5,16.3,0,2
31.2,49.3,1,2
29.1,33.6,1,1
38.3,33.8,1,1
27.1,54.4,1,1
34.1,20.2,0,2
27.5,27,1,2
25.8,28.9,1,1
35,26.1,1,1
31.2,41.6,0,1
27.7,33.3,0,2
26.9,24.3,0,1
33.7,20.6,1,1
39.6,26.9,0,1
32.2,21.9,1,0
23.3,21.4,0,1
29.3,31.7,1,1
29.2,34.6,0,2
33.1,53.8,1,2
35.7,14.2,0,1
20.3,28.4,1,2
29.6,17.9,1,1
30.2,13.8,1,1
28.5,16.8,1,2
34,29.5,1,1
24.3,28.3,1,2
26.8,39.3,0,1
35.7,33.2,1,2
26.9,31.3,0,0
35.5,25,1,2
24.1,18,0,2
31.7,35.5,1,2
30.1,14.2,0,2
29.4,10.6,1,1
26.8,27.5,1,1
28.9,31.4,1,2
33.8,21.5,0,0
27.9,27.3,1,1
31,38.3,1,1
33.9,20.4,0,1
31.5,25,1,2
28.8,18.5,1,2
32.9,26.5,0,2
26.7,26.2,0,1
25,6.5,0,1
27.9,55.2,1,2
27.5,46.5,0,2
32.8,26,1,1
27.1,23.9,1,0
32.1,48.2,1,1
27,18.5,1,1
25.1,27.9,0,0
29.7,34.3,0,1
35.4,48.5,1,2
25.7,15.1,1,1
34.7,12,0,1
33.3,65.3,1,0
33,16.1,0,2
34.2,48.5,1,1
35.3,28.9,0,1
23.9,27.7,1,1
32.6,28.9,1,1
26.4,52.3,1,2
12.8,7.1,1,2
22.8,22.4,1,2
31.1,46.1,1,1
33,35.6,1,2
24.6,22.8,1,2
37.1,35,0,0
25.8,12.2,0,1
26.3,27.2,0,1
32.3,39.9,1,2
31.8,26.6,1,1
30.9,38.5,1,1
35.8,9,0,1
32,36.3,1,2
25.6,41.5,1,2
27.7,5.1,1,2
27.8,33.5,0,2
29.7,11.4,1,1
31.5,29.6,0,2
27.4,42.5,0,0
27.9,40.4,1,2
29.8,32,1,1
28.6,6.6,1,1
30.7,28.9,0,2
24.8,32,0,0
30.4,26.9,1,1
25.7,38.9,0,2
24,44.9,1,0
34.7,18.8,1,2
25.6,41.1,1,0
28.4,8.5,0,1
36.7,42.7,1,1
31.3,32.1,0,2
23.3,23.3,1,1
31.3,46,1,2
24.6,43.5,1,1
29.7,5,1,1
36.5,28,0,1
25.7,25.3,1,1
19.9,33.3,1,0
25.5,36.3,1,1
30.6,39.3,1,1
30,29.3,0,1
31.1,20.8,1,1
33.7,39.3,1,2
37.6,32.4,1,1
27.2,14.6,0,1
34.3,26.7,1,0
30.2,19.4,0,2
31.6,32.9,0,0
23.6,25.3,1,1
29,43.7,1,1
27.7,36.4,1,1
29.3,41,0,2
33,31,0,2
33.8,29.7,1,0
26,12.6,1,2
32,37.4,1,1
29.3,16.5,1,0
26.4,53.3,0,0
36.5,28.4,0,1
26.2,52.4,1,1
28.8,27.9,1,1
34.1,46.2,0,1
34.7,13.1,1,1
27.4,24.6,1,1
34.2,28.7,1,1
25.9,17.1,0,1
28.9,37.1,1,1
29.1,35.8,1,0
27.8,30.5,0,1
29.5,33,1,2
20.4,34.7,0,1
39.2,34,0,2
35.6,25.8,1,2
29.6,42.9,0,2
28.8,48.3,1,1
33.8,36.6,1,1
33,41.8,1,0
22.7,21.2,1,2
37,25.5,1,2
25.6,39.6,1,0
32.7,27.5,0,2
29.8,5.4,0,1
26.8,40.7,1,1
38.4,26.8,0,2
31.7,31.2,1,2
34,33.6,0,1
32.5,10.6,1,1
33.4,16.7,0,2
38.4,34.7,1,1
25.5,36.9,0,1
32.2,29.1,1,1
31.5,38.9,0,1
34.8,33.4,0,1
33.3,21.6,0,1
31.4,25.6,1,1
35.9,33.5,1,2
26.6,26.5,0,2
24.6,28,1,1
28.4,14.8,0,1
28.3,40.2,1,1
27.1,30.8,0,1
29.7,30.6,0,1
31.9,5,0,2
37.2,41.1,1,1
28.1,13.2,1,1
28.4,31.3,0,0
34,42.2,1,1
35.8,33.8,1,1
30.6,37.6,0,0
32.2,41.5,1,1
39.2,34.9,1,2
29.5,29.4,0,2
29.6,42.4,1,2
36.1,14.6,1,2
31.1,44.8,1,1
37.4,40.9,1,1
28.7,39,1,2
32.3,26,1,2
32.9,51,1,2
37,60.2,0,2
30,17,0,1
32.5,26.9,0,2
33.3,36.5,1,2
28.9,41,1,1
33.7,54,0,2
35.7,34.4,1,2
34.9,35.7,0,0
35,39.8,1,1
22.9,26.1,0,1
30.6,21.6,0,1
36.5,41.5,1,2
30.6,45.3,1,0
29.7,55.1,1,1
41,39,1,1
35.7,32.6,1,1
26.7,26.4,0,2
30.5,27.1,1,1
30.9,36.5,1,1
30.8,30,0,2
39.8,25.1,0,2
36,39.8,1,1
37.9,28.7,1,1
27.8,15.9,1,2
32.7,38.2,0,0
29.1,67.5,0,1
27.4,13.6,0,1
39.7,53.5,1,1
29.5,50.5,1,1
32.9,25.7,0,2
34.4,32.3,1,1
37.5,26.3,1,1
24.5,20.2,0,1
33.9,30.9,0,0
36.1,22.5,0,2
31.2,44.3,1,1
26.1,26.4,1,1
34.3,42.8,1,2
36.8,36.5,0,0
31.3,35,1,2
34.7,37.5,0,1
34.9,30.3,0,2
33,48.3,1,2
32.2,17.4,1,1
24.2,25.7,1,1
36.3,38.9,1,1
30.5,29.5,1,1
37.4,16.8,0,2
33.1,24.2,0,2
32.5,51.7,1,1
31,22.8,1,2
37.2,50.6,0,0
41.5,22.8,0,1
32.5,23.8,0,2
24.2,13.4,1,2
25,28.7,0,2
37.3,49.4,1,2
29.5,43.6,0,1
32.7,29.2,1,2
24.4,45.1,0,2
38.7,33,0,1
25.9,35.8,1,2
35.6,29.5,0,1
41.8,38.7,0,2
36.4,32.2,1,0
32.5,45.2,1,1
31.8,33.6,0,2
19.7,52.4,0,1
30.7,37.1,1,0
41.6,21.1,0,1
35,5,1,2
30.4,20,0,2
25.5,44.2,1,0
36,50.9,1,2
32.5,48.8,1,2
36.3,39.5,0,0
29.8,36.7,1,1
32.2,29.3,0,0
37.5,27.8,0,0
32.5,28.9,1,1
37,54.7,0,2
32.1,12,0,0
27,34.5,0,1
31.5,32.2,0,0
39.1,32.8,1,2
31.6,37.2,0,1
36.7,43.2,1,2
34.7,27.2,1,2
37.8,19.8,1,2
34.3,36.3,0,2
29.9,33.5,1,2
37.3,7.1,1,0
28.7,36.2,0,2
25.2,25,0,0
32.1,7.1,1,1
38.4,37,0,1
34.5,52.2,1,1
25.4,21.8,0,1
37,15,0,1
36.2,20.8,0,2
39.3,37.9,1,0
34.4,14.8,0,0
37.7,33.5,1,0
31,22.2,0,1
37,32.1,0,1
25.9,17.3,1,0
29.6,42.7,1,0
33.2,32.6,1,2
40.3,28.8,0,2
33.8,34.1,1,1
27.6,31.3,0,1
33.7,17.5,1,0
36,28.4,1,2
35.6,19.1,1,0
40.2,13.7,0,0
26.3,29.3,0,2
37.9,29,0,1
27.1,44.9,1,2
36.8,30.1,0,1
32.2,38.6,0,1
33.5,16.6,0,0
32.2,29.7,1,1
30,26.2,1,2
33,31.3,1,1
39.1,31.9,0,1
35.9,53.7,0,1
36.8,42.2,1,1
32.2,43.6,1,2
28.5,23,0,1
22.6,30.7,0,1
34.3,32.3,1,1
31.4,32.6,1,1
34.9,24.2,1,1
28.9,43.7,1,2
27.4,31.1,0,2
39.3,30.3,0,0
20.7,41.1,0,1
31.9,35.9,0,2
30.7,53,1,2
24.4,25.2,0,0
29.5,29.2,1,1
26.5,31.5,0,2
30.5,50.2,0,1
33,30.6,0,1
31.8,29.2,0,2
35.4,13.8,1,1
30.5,18.8,1,1
26.8,8.3,1,1
40.1,5,1,1
30.6,33.6,0,1
30.1,35.1,0,1
33,5,0,2
25.6,7.6,0,1
40.3,30,0,2
34.1,28.9,0,1
30.3,41,0,0
33.4,14.5,0,1
37.1,42.9,1,0
33.8,47.5,1,2
34.7,34.8,1,1
32.6,26.6,1,1
23.5,19.3,1,0
33.5,43.6,0,0
26.2,26.3,0,2
30.6,31.1,1,1
32.7,28.2,0,0
27.3,33.7,0,1
25.8,5,1,1
26.8,38.1,1,1
32.5,21.7,1,1
33.3,25.4,1,1
32.9,14.3,0,1
31.2,36.5,0,1
30.8,31.2,0,1
31.8,37.7,1,1
27.1,24,1,0
33.4,50.4,0,1
29.3,29.2,1,1
30.1,29.2,1,0
31.6,31.5,1,2
29.1,40.9,1,2
33.1,23.9,1,1
37.7,10.7,1,2
33.9,40.8,1,1
30.1,40.2,1,2
32.9,13.8,0,1
34.8,41.9,1,2
27.1,32.1,0,2
41.4,17.4,0,2
29.8,26.3,0,2
27.3,65.7,0,1
41.4,25.5,1,1
27,10.9,1,1
26.1,55.7,1,0
40.8,37,0,1
27.5,21.1,1,2
30.1,30.3,1,1
33,20.9,1,1
32.2,31.8,1,1
32.3,26,1,0
30.2,28,1,0
34.3,17.8,0,1
34.1,21.9,1,0
37.3,22,1,0
27,24.2,1,2
33,32.1,1,1
33.9,30.4,1,1
31.1,14.7,0,2
23.9,21.1,0,1
33.4,22,0,2
38.8,23.8,0,1
30.9,34.7,1,1
38.8,35.5,1,0
29.4,33.7,1,2
34.1,33.3,1,2
33.1,15.7,0,1
26.8,65.1,1,1
28.6,15,0,1
27.6,49.3,1,1
31.7,36.4,0,0
31.2,26.7,0,1
34.7,26,1,2
34.8,34,1,2
31.4,38.8,1,2
36,35.2,0,2
31.4,23.2,1,2
32.8,12.2,1,2
34.3,48.1,0,1
35,28.6,0,2
36.3,32.6,1,1
34.7,32.4,0,1
31.3,39.3,1,2
35.2,12.6,1,1
26.9,33.9,0,1
42.4,33.2,1,1
30.1,37.4,1,1
32.8,24.3,0,2
42.5,16.3,1,1
34.3,5,0,0
26.9,47.9,1,2
42,31.6,0,1
37.7,37.9,1,0
30.4,35.1,0,1
30.5,49.1,1,1
32.9,38.1,1,2
39.1,17,0,2
35.4,26.2,1,2
37.1,26.2,0,2
32.6,20.2,0,2
26.8,34.9,1,2
37.8,35.1,0,1
34.5,27.9,1,2
43.7,38.9,1,2
31.1,23.6,0,2
36.5,13,1,0
35.3,33.4,1,2
39.4,25.2,0,1
33.8,41.2,1,1
38.8,18.5,0,1
35.7,25.4,0,2
36.2,29.1,0,2
31.6,31.2,1,0
38.3,26.4,0,1
36.6,24.5,1,1
31.3,40.3,1,2
42.7,33.6,0,1
37,44,1,2
36.5,37.8,1,1
27.2,33.7,1,2
35.4,40.5,1,0
40.1,30.3,1,2
32.8,48.8,1,2
33.7,43.6,1,1
38.1,13.2,0,0
31,48.7,0,1
36.6,38.5,0,2
33.5,31.1,1,2
34.3,6.2,1,2
31.5,56,1,1
37.4,40.8,1,2
35.8,11.8,1,1
34.3,21.6,0,2
32.2,41.3,1,1
31.2,31.3,1,2
23.9,28.1,1,1
35.5,27.5,1,2
29.1,36.7,1,1
31.7,20.2,1,1
35.3,5.9,0,1
34,29.6,0,1
34.5,24.8,1,2
25.7,44.9,1,1
32.2,26.3,1,1
35.8,38.8,1,1
38.3,15.9,0,1
31.9,22.1,1,1
29.5,23.9,0,2
33,48.6,1,1
41.3,43.2,1,1
32.9,19.1,0,1
28.5,37.5,0,1
44,22.4,1,2
33.3,15,0,1
28.9,27.1,0,1
32.9,34.4,0,1
31,45,0,2
29.3,19.1,0,0
31.7,37.4,1,1
37.6,42.6,1,1
26.6,15.8,0,1
35.7,13.1,1,2
28.9,36.3,0,1
28.6,40.2,1,1
36.8,37.6,1,1
40.7,27.3,1,0
30.6,34.5,1,0
33.4,25.7,0,1
30.6,31.3,0,1
32.7,35.2,1,1
37.2,42.7,1,2
38.8,22.3,0,1
29.4,30.5,0,1
36.5,21.3,0,1
31.9,25.3,0,1
35.6,12.4,0,0
40.4,36.6,0,2
35.1,16.8,0,2
36.1,26.8,0,1
34.4,31,0,1
35.8,32.5,1,1
36.6,38.6,1,0
27,39.4,1,1
42.5,26.9,1,1
45.5,17.4,1,1
39.9,34.4,0,2
34.8,20.2,1,1
28.8,34.8,1,2
36.9,36.7,0,2
28.5,26.9,0,2
36.3,34.7,1,2
29,31.1,0,1
35.6,27.5,0,2
29.2,29.2,1,2
33.8,31.9,1,1
30.5,25.5,0,2
35.8,39,1,0
34.5,6,0,1
38.1,37.2,1,1
30.6,35.4,0,1
32.4,26.1,0,2
33,41.1,1,2
36.6,31.4,1,2
41,16.1,1,0
35.1,51.4,1,2
31.3,45.9,0,2
37.7,33,1,2
38.4,29.5,0,2
29.4,25.4,0,2
36.1,32.5,1,2
28.7,51.2,1,1
32.6,47.4,1,1
30.9,36.3,1,2
35.2,20.4,0,1
36.5,33.5,0,1
36.7,34,1,1
32,16.7,0,2
37.4,41,0,0
44.7,22.3,1,2
28.9,23.1,1,1
33.6,23.3,0,2
32.3,30.1,0,0
42.1,34.4,0,1
31.1,43.4,1,1
29.6,9.7,0,2
37.9,24.7,1,2
31.5,31.7,0,2
31,38.5,0,1
25.4,23.4,0,2
40,28.9,1,1
41.2,44.8,1,1
33,19.7,1,1
42.1,35.4,0,2
27.2,19.4,0,2
39.6,5.7,0,1
43.2,22.1,0,2
31.7,19.1,0,2
27.5,16.4,1,0
29.2,7,1,2
38.6,26.7,0,1
33.8,13.3,0,1
34.1,34.5,1,1
34.2,38.6,1,1
37.9,18.1,0,1
32.8,38.1,1,2
34.9,22.7,1,0
32.7,24.8,1,2
29.8,42.9,0,0
35.9,32.6,1,2
31.6,39.2,0,2
38,23.3,0,1
32.1,21,1,2
32.4,38.7,1,1
33.4,5,1,2
32.3,40.7,1,0
38.2,31.6,0,1
36.9,34,0,1
38.9,15.5,0,2
32.5,30,1,1
37.8,20.8,0,2
31.4,30.2,0,0
30.2,45.3,1,2
42.7,13.6,0,2
33.3,22.6,1,1
25.5,27.1,1,2
32.1,26.9,0,0
33,47.3,1,1
35.1,37.9,1,2
39.1,8,0,0
31,34.7,0,1
35.4,53.4,1,1
40.9,24.7,1,1
40.4,37.9,0,1
37,29.4,1,2
39,31.4,0,1
40.7,39.4,0,1
30.4,23.3,0,0
42,30.7,1,1
33.2,33.6,0,0
36.4,13.7,0,1
34.6,52.1,0,1
42.2,27.4,0,1
27.3,49.7,1,1
35.1,41.4,0,1
40.2,12.5,1,2
31.5,16.3,1,1
26.4,50.3,0,1
31.1,12.1,1,0
38.8,5,0,0
39.5,32.1,0,2
32.6,38.9,1,2
38.7,22.4,1,2
31,23.2,0,1
25,50.4,1,1
36.5,27.5,1,2
38.9,18.2,1,1
36.7,12.2,0,0
34.5,37.3,1,1
25.8,52.2,1,2
36.3,33.4,1,2
39.9,20.5,0,1
41.6,24.4,0,2
37.3,20.8,1,2
38.4,17.1,1,1
32.5,5.9,0,0
33.9,38,0,0
35.4,29.8,0,2
32.7,32.2,0,2
38.3,20.8,1,2
30.7,13.7,1,1
34.7,28.2,0,1
27.5,26.8,1,1
28.4,35.6,1,2
32.1,53.3,1,1
42,23.5,1,2
39.1,37.7,1,1
39.3,34.2,0,1
32.5,44.8,0,1
39.8,36.4,0,1
38.3,26.9,1,0
34.3,32.1,1,2
38.6,23,0,2
31.6,15.3,1,1
41.3,22,1,1
35.7,47.8,1,1
41.7,23.4,1,1
34.8,16.7,1,1
36.4,23.3,1,2
31.6,26.6,0,2
40.1,28.8,0,2
34.6,19.3,1,1
40.5,31.1,0,1
31.5,19.3,0,1
37.6,41.3,1,1
35.8,34.1,1,0
38,33,0,2
38.6,31.9,0,1
35.3,18.2,0,1
34.8,5,0,2
31.4,31.4,0,1
35.9,16.2,0,1
34.9,14.1,0,2
36.6,35.4,0,1
42.7,23.5,0,0
31.5,24.8,1,2
31.6,31.8,1,1
36.9,26.5,0,1
38.7,36.3,1,1
34.3,14.9,1,2
36.4,40.5,1,1
31.2,10.9,1,1
29.9,44.9,0,1
38.1,37.3,1,0
38,44.6,0,0
39.7,17.2,1,0
42.1,28.5,0,2
34,45.7,0,1
35,20.4,1,2
31.6,41,1,0
37.4,38.7,0,1
35.7,18.6,0,2
38.5,40.5,1,1
38.3,41.2,0,2
32.1,36.2,0,0
34.7,25.5,1,2
38.2,43.3,1,1
38,6,1,2
34.3,20,0,0
42.2,31.7,1,1
36.9,11.4,0,2
40.2,26.5,1,1
35,42.6,1,1
30.9,31.8,0,1
34.7,47,1,1
38.1,20.5,0,2
28.5,23.6,0,1
40.9,8.6,0,1
42.7,52.5,1,2
24.6,17.6,0,1
36.8,26,1,1
30.5,27.6,0,1
32.2,32.6,0,2
38.5,33.3,1,1
31.4,33.9,0,1
33.1,38.4,1,1
33.4,38.2,1,2
33.5,18.5,1,2
35.6,5.5,1,1
33.6,50.8,0,2
32.9,42.2,1,2
34.2,34.6,0,2
33.1,28,0,2
26.9,34.9,1,0
31.4,33,0,2
34.6,33.5,1,1
38.2,25.1,0,1
34.5,24.9,0,0
38,42.8,1,1
34.2,35.4,0,2
34.9,14.4,1,1
36.7,34.8,0,2
38.8,34.9,1,2
29.9,34.2,1,1
40.8,30.1,1,1
37.8,5,1,1
30.9,48.6,0,1
35.5,13.4,1,2
35.3,43,0,2
33.4,14.2,1,1
37.4,21.3,0,1
31.1,35,0,2
31.4,24.5,0,2
41,38.1,0,2
37.2,35.1,0,1
32.2,52.9,1,2
34.8,43.9,0,1
34.5,37.6,0,1
29.2,24.2,0,1
37.4,8.9,0,0
38.8,27.3,0,2
41.9,30.8,0,1
39.4,31.2,1,1
33.2,27.6,1,1
32,41.3,1,2
32.1,28.3,1,1
37.3,37.8,0,2
35.6,30.6,1,0
32.5,20.1,0,0
40.2,25.6,1,2
42.4,53.5,0,2
30.7,15.7,0,0
39.2,43.8,1,1
40.6,28.9,0,1
21.9,9.3,0,1
31.1,32.1,1,1
36.5,25.6,1,1
37.3,30.7,1,2
30.3,21.2,1,2
30.8,19.6,0,2
40.6,37.5,1,1
35.8,37.9,0,0
36.5,35,0,1
36.9,42.2,1,2
40.2,20.2,0,2
33.3,20.7,0,1
29.8,10.1,1,2
37.3,49.9,1,2
29.2,26.9,1,1
32.5,26.4,0,2
32.4,40,1,2
38.2,32.9,1,2
47.9,27.4,1,2
41.8,49.8,0,2
33.8,44.4,1,1
35.2,32.5,1,2
37.5,48.8,1,0
34.9,36.5,0,2
30.2,5,0,0
40,24.9,1,2
31.8,9,1,1
36.1,40.8,1,2
31.3,28.5,0,2
32.3,25.2,1,1
34.7,50.7,0,1
31.3,25.1,0,1
40,13.4,0,1
32.3,13.3,1,2
28.2,20.6,1,2
34.5,42.9,1,2
35.3,28.5,0,1
33.8,46.6,0,2
33.9,13.4,0,1
38.6,12.1,1,1
42.3,27,1,2
42.5,32.1,0,1
43.8,30.9,1,2
29.7,19.6,0,0
33.7,30.1,1,1
36.2,37.7,0,1
37,47,1,1
32.1,22.2,0,1
35.5,38.4,1,2
36.8,32.1,1,1
31.1,43.3,1,2
38.9,20.7,1,1
33.1,34.5,1,2
36.9,16.9,0,1
33.5,34.4,1,2
35.8,35.1,0,0
40.2,41.9,1,2
32.7,50.5,1,1
36.5,28.9,0,2
42.2,46.1,1,1
35.1,9.8,0,0
38.7,5,0,1
31.8,36.5,0,2
29.4,29.4,0,2
31.3,9.3,1,0
36.6,59.1,1,1
32.3,36.2,0,2
39.7,44.6,1,0
36.6,5.4,0,2
38.4,18.9,1,1
37.1,19.7,1,1
32.4,19.6,0,2
34.4,33,0,2
38.8,21.1,0,2
42.5,37.9,1,0
38.9,20.1,1,2
35.9,43.3,0,2
26.6,25.8,0,1
29.3,23.4,0,1
37.1,17.7,1,2
37.7,47.9,1,0
35.4,48.4,1,2
30.7,16.4,1,2
33.4,27.3,0,0
36,39.5,0,1
34,31,0,1
31.7,36.7,0,2
30.7,31.9,0,1
33.6,29.3,0,1
34.9,7.6,1,1
31.6,34.4,1,1
36.7,62.3,1,2
35.9,43.1,1,2
37.9,17.6,1,1
30.5,22,0,2
33.1,7.9,0,2
37.1,35.8,1,2
32.6,39.2,1,1
35.6,45.7,1,1
28.1,20,1,2
30.5,24.6,0,2
35.9,20.2,0,1
33.8,34.5,0,1
33.1,5,0,2
37.5,18.2,1,2
30.2,26.6,1,1
34.8,29.1,0,1
38.5,34.5,0,0
39.8,13.9,0,1
30.3,12.6,0,1
28.6,28.6,1,0
33.1,27.4,0,1
38.7,50.2,1,2
39.6,35.9,1,2
35.8,9,1,0
36.6,17.7,0,0
27.8,15.2,1,2
39.4,14.4,1,2
39.8,34,0,2
27.9,5,0,1
39.7,13.6,1,1
35.2,49.4,1,1
34.6,14.8,0,2
29.2,30.6,1,1
29.3,26.9,0,1
38.9,37.9,0,2
29.8,12.7,1,2
35.7,7.9,1,2
34.2,20.1,1,2
46.9,28.2,1,2
36.3,11.4,1,2